{
  "feature_columns": [
    "mtow",
    "engnum",
    "yearmanu",
    "manu_freq",
    "aircraft_age",
    "is_aeroplane",
    "is_rotorcraft",
    "is_full_registration"
  ],
  "means": [
    5050.23650746988,
    1.0898192771084336,
    1988.7225903614458,
    1292.1353012048194,
    36.27740963855422,
    0.7276506024096385,
    0.1666867469879518,
    0.9996987951807229
  ],
  "scales": [
    22757.140125700997,
    0.5384649901827318,
    20.93886616275088,
    1312.7358660380771,
    20.93886616275088,
    0.4451687356750568,
    0.3726959556616175,
    0.01735263942269166
  ],
  "n_samples": 16600
}