x,y,ffmc,dmc,dc,isi,temp,rh,wind,rain,month_num,day_fri,day_mon,day_sat,day_sun,day_thu,day_tue,day_wed,temp_rh_ratio,dc_isi_interaction
0.5519447893707109,0.6557962915236982,-1.2555683630824013,-0.9117120248365675,0.711246735064744,-0.8860085763276493,-0.8864697544858321,0.7319608593223574,-1.2925833606858395,0.0,0.6569354959279149,-0.41807308007875,-0.4140393356054125,-0.4260941163233985,-0.5038081281295678,2.6832815729997477,-0.38111861230861543,-0.3333333333333333,-0.9178008007142822,-0.3932480993856703
-1.6073811995795888,-0.29597885723635886,0.3191732363785494,-0.3698947685490422,0.6877548571256084,0.1646265935416922,-0.13913165270652939,0.6052812677975932,-0.5398826819514875,0.0,0.6569354959279149,-0.41807308007875,2.41522945769824,-0.4260941163233985,-0.5038081281295678,-0.37267799624996495,-0.38111861230861543,-0.3333333333333333,-0.5947277742323109,0.5324478775396898
-1.6073811995795888,-0.29597885723635886,-0.4288290233653988,-0.2249901534954017,0.295278482590736,0.01087510526813013,0.23453739818312166,-0.34481566863813895,0.5023182578345381,0.0,0.22110450348382885,-0.41807308007875,-0.4140393356054125,2.3468993391145916,-0.5038081281295678,-0.37267799624996495,-0.38111861230861543,-0.3333333333333333,0.0548005583492765,0.1226142978964102
-0.31178560620940904,1.6075714402837553,-2.0232548928196104,-1.3354005188521034,-0.8072196510356034,-1.757267009877835,-2.347176044327196,1.0486598381342682,0.5023182578345381,0.0,1.9644284732601731,-0.41807308007875,-0.4140393356054125,-0.4260941163233985,-0.5038081281295678,2.6832815729997477,-0.38111861230861543,-0.3333333333333333,-1.4933643019231628,-1.4126374117484866
-0.31178560620940904,0.6557962915236982,1.9332833758260273,1.0129992751150485,0.4475706568168575,2.0352697008700322,2.3236870917934445,-1.1682330135491068,-0.5398826819514875,0.0,0.22110450348382885,-0.41807308007875,2.41522945769824,-0.4260941163233985,-0.5038081281295678,-0.37267799624996495,-0.38111861230861543,-0.3333333333333333,2.602931312103766,1.8830186211024271
1.4156751849508307,1.6075714402837553,1.0278069561359817,0.3861293099916905,0.14339134074287518,1.5996404840949392,0.3194621824762242,-0.6615146474500496,0.5023182578345381,0.0,0.22110450348382885,2.3919263106144877,-0.4140393356054125,-0.4260941163233985,-0.5038081281295678,-0.37267799624996495,-0.38111861230861543,-0.3333333333333333,0.37075856253318584,1.1681207817850585
1.4156751849508307,1.6075714402837553,0.3191732363785494,0.6523127876445737,0.4329894911994632,1.3946384997301897,0.20056748446588077,0.8586404508471217,0.2707180489931989,0.0,0.22110450348382885,-0.41807308007875,-0.4140393356054125,-0.4260941163233985,-0.5038081281295678,-0.37267799624996495,2.62385506166316,-0.3333333333333333,-0.5525431423764237,1.3431498184895623
-0.31178560620940904,-0.29597885723635886,0.3191732363785494,-0.1919141000592447,0.785772692664761,0.19025184158728584,0.3194621824762242,-0.5981748516876675,0.5023182578345381,0.0,0.6569354959279149,2.3919263106144877,-0.4140393356054125,-0.4260941163233985,-0.5038081281295678,-0.37267799624996495,-0.38111861230861543,-0.3333333333333333,0.3106586403838918,0.6287867909967257
-0.7436508039994689,-0.29597885723635886,0.6734900962572655,-0.5652009888387316,-0.3430525455485406,-0.29662787127899426,0.11564270017277824,-0.5348350559252854,-0.5398826819514875,0.0,0.22110450348382885,-0.41807308007875,-0.4140393356054125,-0.4260941163233985,-0.5038081281295678,2.6832815729997477,-0.38111861230861543,-0.3333333333333333,0.13573163204914776,-0.49845096503510394
-0.31178560620940904,0.6557962915236982,-2.0232548928196104,-1.6094592473231188,-2.002470199283703,-1.3728882891939296,-1.4979282013961703,1.1119996338966502,-1.2925833606858395,0.0,-2.3938814511806874,-0.41807308007875,-0.4140393356054125,-0.4260941163233985,1.9848826252815504,-0.37267799624996495,-0.38111861230861543,-0.3333333333333333,-1.2091759293530668,-1.5724005772012497
0.9838099871607708,-0.29597885723635886,0.12233053644593057,-0.04385938467835109,0.8615137473995611,-0.6810065919628997,0.06468782959691659,-0.02811668982622825,-1.0609831518445,0.0,0.6569354959279149,-0.41807308007875,2.41522945769824,-0.4260941163233985,-0.5038081281295678,-0.37267799624996495,-0.38111861230861543,-0.3333333333333333,-0.23139642669339605,-0.13643082833182188
-1.6073811995795888,-0.29597885723635886,0.1616990764324577,1.2634322511316662,0.34266727084726833,-0.2710026232334007,0.16659757074863926,0.3519220847480646,-0.018782212058474846,0.0,0.22110450348382885,-0.41807308007875,-0.4140393356054125,-0.4260941163233985,-0.5038081281295678,-0.37267799624996495,-0.38111861230861543,2.9999999999999996,-0.37226411752296373,-0.06579136355542162
0.5519447893707109,0.6557962915236982,0.2798046963920279,1.4492881704395961,0.45850653102990363,-0.19412687909661963,0.030717915879675692,1.6187179999957073,-1.0609831518445,0.0,0.22110450348382885,-0.41807308007875,-0.4140393356054125,-0.4260941163233985,1.9848826252815504,-0.37267799624996495,-0.38111861230861543,-0.3333333333333333,-0.8134475687221507,0.06788944060860883
-1.6073811995795888,-0.29597885723635886,0.4766473963246467,0.1703474375748565,0.9656070686126286,0.3440033298608479,0.37041705305208583,-0.34481566863813895,-1.0609831518445,0.0,0.6569354959279149,2.3919263106144877,-0.4140393356054125,-0.4260941163233985,-0.5038081281295678,-0.37267799624996495,-0.38111861230861543,-0.3333333333333333,0.12761392556861373,0.9136168092148381
-1.6073811995795888,-1.7236415803764444,0.6341215562707441,0.4066049621188355,0.6282150975212467,0.08775084940491094,0.591221492214152,-0.6615146474500496,-1.0609831518445,0.0,0.6569354959279149,-0.41807308007875,-0.4140393356054125,-0.4260941163233985,-0.5038081281295678,2.6832815729997477,-0.38111861230861543,-0.3333333333333333,0.5371891161773851,0.42119119520191023
0.12007959158065092,-0.29597885723635886,-0.3894604833788773,2.2352382020892336,1.2313083087518195,-0.3735036154157753,-0.4618458330203194,0.8586404508471217,-0.2503824208998138,0.0,0.6569354959279149,2.3919263106144877,-0.4140393356054125,-0.4260941163233985,-0.5038081281295678,-0.37267799624996495,-0.38111861230861543,-0.3333333333333333,-0.7931974916606737,0.36750115132607464
1.8475403827408907,2.083459014663784,-1.8460964628802576,-1.5433071404508047,-2.058769699861977,-0.911633824373243,-0.5467706173134219,-0.09145648558861039,-0.5398826819514875,0.0,-2.3938814511806874,2.3919263106144877,-0.4140393356054125,-0.4260941163233985,-0.5038081281295678,-0.37267799624996495,-0.38111861230861543,-0.3333333333333333,-0.4937819696782299,-1.5633024470501813
-0.31178560620940904,0.6557962915236982,-0.7437773432575878,2.2352382020892336,1.020691472056119,-0.834758080236462,-0.2580263507168734,0.6052812677975932,-0.5398826819514875,0.0,0.22110450348382885,-0.41807308007875,-0.4140393356054125,-0.4260941163233985,-0.5038081281295678,2.6832815729997477,-0.38111861230861543,-0.3333333333333333,-0.6410635533718891,-0.2118487892919142
0.5519447893707109,0.6557962915236982,0.7915957162168358,0.4727570689911495,0.658592525890819,1.292137507547815,0.6761462765072546,-0.02811668982622825,0.7918185188862118,0.0,0.6569354959279149,2.3919263106144877,-0.4140393356054125,-0.4260941163233985,-0.5038081281295678,-0.37267799624996495,-0.38111861230861543,-0.3333333333333333,0.059857042183952276,1.5048433698178563
0.9838099871607708,-0.29597885723635886,1.1852811160820733,-0.410846072803332,0.571105532186451,1.804642468459689,0.20056748446588077,0.16190269746091818,0.5023182578345381,0.0,0.6569354959279149,2.3919263106144877,-0.4140393356054125,-0.4260941163233985,-0.5038081281295678,-0.37267799624996495,-0.38111861230861543,-0.3333333333333333,-0.26830875868653237,1.8479963580130792
0.12007959158065092,-0.29597885723635886,-1.7673593829072092,-1.5055059365237682,-2.0373029838141457,-1.2703872970115546,-1.1072741936478985,0.541941472035211,-1.0609831518445,0.0,-2.3938814511806874,-0.41807308007875,-0.4140393356054125,-0.4260941163233985,1.9848826252815504,-0.37267799624996495,-0.38111861230861543,-0.3333333333333333,-0.9568333075082739,-1.575811980437024
1.8475403827408907,0.6557962915236982,0.7915957162168358,-0.9715639310543756,-1.027152232431306,1.3177627555934086,1.5423790762969007,-0.6615146474500496,0.2707180489931989,0.0,-0.6505574814043433,-0.41807308007875,-0.4140393356054125,-0.4260941163233985,-0.5038081281295678,-0.37267799624996495,-0.38111861230861543,2.9999999999999996,1.1196960539320824,-0.3164946911477518
0.5519447893707109,-0.29597885723635886,-1.964202082839828,-1.319650017215838,-1.8396471832227963,-0.9628843204644305,-1.6338078562651341,-0.02811668982622825,0.2707180489931989,0.0,-1.5222194662925155,-0.41807308007875,-0.4140393356054125,2.3468993391145916,-0.5038081281295678,-0.37267799624996495,-0.38111861230861543,-0.3333333333333333,-1.0404338402415867,-1.4787104063308028
-0.31178560620940904,-1.247754005996416,1.264018196055122,0.44440616604587224,0.5581444960821005,2.317147429371562,1.695243688024485,-0.9782136262619603,0.5023182578345381,0.0,0.22110450348382885,-0.41807308007875,-0.4140393356054125,-0.4260941163233985,-0.5038081281295678,-0.37267799624996495,-0.38111861230861543,2.9999999999999996,1.7143385528900021,2.268035666260601
0.5519447893707109,-1.247754005996416,0.08296199645940905,0.29792650082860506,1.0360827024300359,-0.3478783673701817,-1.1412441073651398,1.3653588169461788,0.5023182578345381,0.0,0.6569354959279149,-0.41807308007875,2.41522945769824,-0.4260941163233985,-0.5038081281295678,-0.37267799624996495,-0.38111861230861543,-0.3333333333333333,-1.1299109631429614,0.280168595576844
-0.31178560620940904,-1.247754005996416,0.5160159363111683,-1.0188154359631714,0.5690803702951461,-0.014750142777463475,-0.8694847976272113,0.3519220847480646,-0.7714828907928264,0.0,1.092766488372001,-0.41807308007875,-0.4140393356054125,-0.4260941163233985,1.9848826252815504,-0.37267799624996495,-0.38111861230861543,-0.3333333333333333,-0.8077166077562543,0.2911148328612079
0.5519447893707109,0.6557962915236982,-2.0232548928196104,-1.3511510204883688,-0.8165353957356056,-1.603515521604273,-2.347176044327196,-1.294912605073871,2.413019980775585,0.0,1.9644284732601731,-0.41807308007875,-0.4140393356054125,-0.4260941163233985,-0.5038081281295678,-0.37267799624996495,2.62385506166316,-0.3333333333333333,-1.0501422892041652,-1.347694167588407
-0.31178560620940904,-0.29597885723635886,1.5002294359742625,0.47433211915477635,0.2207525249907186,2.2658969332803753,0.08167278645553673,1.6820577957580896,2.065619667513576,0.0,0.22110450348382885,-0.41807308007875,-0.4140393356054125,-0.4260941163233985,-0.5038081281295678,-0.37267799624996495,2.62385506166316,-0.3333333333333333,-0.8118807709142231,1.757834679357742
1.4156751849508307,1.6075714402837553,-0.7437773432575878,2.2352382020892336,0.8793351720430433,0.21587708963287944,-0.8015449701927295,1.8087373872828538,-0.7714828907928264,0.0,0.22110450348382885,-0.41807308007875,-0.4140393356054125,2.3468993391145916,-0.5038081281295678,-0.37267799624996495,-0.38111861230861543,-0.3333333333333333,-1.0942238953045207,0.7232807618874757
-1.175516001789529,-0.29597885723635886,0.8309642562033629,0.5389091758634639,0.6889699542603911,-0.19412687909661963,1.6442888174486239,-1.1048932177867246,-1.0609831518445,0.0,0.6569354959279149,-0.41807308007875,-0.4140393356054125,2.3468993391145916,-0.5038081281295678,-0.37267799624996495,-0.38111861230861543,-0.3333333333333333,1.9258440481461732,0.21374116948951186
0.9838099871607708,-0.29597885723635886,0.04359345647288752,0.49165767095466806,0.20293110034723635,0.44650432204322277,-0.44486087616169867,0.985320042371886,0.7918185188862118,0.0,0.22110450348382885,-0.41807308007875,-0.4140393356054125,-0.4260941163233985,1.9848826252815504,-0.37267799624996495,-0.38111861230861543,-0.3333333333333333,-0.8200043023207519,0.38193790602143934
-0.7436508039994689,-0.29597885723635886,0.3191732363785494,0.6523127876445737,0.4329894911994632,1.3946384997301897,0.3534320961934651,-0.7881942389748139,-0.5398826819514875,0.0,0.22110450348382885,-0.41807308007875,-0.4140393356054125,-0.4260941163233985,-0.5038081281295678,-0.37267799624996495,2.62385506166316,-0.3333333333333333,0.5239503221375055,1.3431498184895623
-0.31178560620940904,-0.29597885723635886,1.3821238160146923,-0.04543443484197775,0.3880308972124963,2.0865201969612195,-0.393906005585837,0.6052812677975932,0.7918185188862118,0.0,0.22110450348382885,-0.41807308007875,-0.4140393356054125,-0.4260941163233985,-0.5038081281295678,-0.37267799624996495,2.62385506166316,-0.3333333333333333,-0.6940187295314071,1.8458223004778502
-0.31178560620940904,0.6557962915236982,0.4372788563381252,-0.2360155046407874,0.7618757823473643,-0.06600063886865114,-0.054206868413426854,-1.294912605073871,1.0234187277275504,0.0,0.6569354959279149,-0.41807308007875,-0.4140393356054125,-0.4260941163233985,-0.5038081281295678,2.6832815729997477,-0.38111861230861543,-0.3333333333333333,0.9158186257179386,0.37687459880693164
0.12007959158065092,-0.29597885723635886,0.9097013361764059,1.9517291726364583,0.6958555046908276,0.3183780818152543,0.879965758810701,0.3519220847480646,-0.018782212058474846,0.0,0.22110450348382885,-0.41807308007875,-0.4140393356054125,-0.4260941163233985,1.9848826252815504,-0.37267799624996495,-0.38111861230861543,-0.3333333333333333,-0.0724443701492221,0.6757584591123122
1.4156751849508307,1.6075714402837553,0.949069876162933,1.8887271660913973,0.6634529144299507,-0.11725113495983835,-0.0032519978375658088,1.2386792254214145,0.5023182578345381,0.0,0.22110450348382885,-0.41807308007875,-0.4140393356054125,2.3468993391145916,-0.5038081281295678,-0.37267799624996495,-0.38111861230861543,-0.3333333333333333,-0.7342442960371949,0.26548184008776265
0.9838099871607708,-0.29597885723635886,0.12233053644593057,-0.11001149155066527,-0.3094348581528809,0.036500353313723734,0.540266621638291,0.28858228898568244,-0.7714828907928264,0.0,-0.21472648896025723,-0.41807308007875,-0.4140393356054125,2.3468993391145916,-0.5038081281295678,-0.37267799624996495,-0.38111861230861543,-0.3333333333333333,-0.1836632192940529,-0.2828553438413665
-0.7436508039994689,0.6557962915236982,0.04359345647288752,-1.1542697500350527,0.4961745422081729,-0.9372590724188367,-0.5128007035961808,0.09856290169853603,-0.2503824208998138,0.0,1.092766488372001,-0.41807308007875,-0.4140393356054125,-0.4260941163233985,-0.5038081281295678,-0.37267799624996495,-0.38111861230861543,2.9999999999999996,-0.5612082744292118,-0.5266345988178576
1.4156751849508307,1.6075714402837553,0.12233053644593057,-0.04385938467835109,0.8615137473995611,-0.6810065919628997,0.6421763627900137,-0.5981748516876675,-1.0609831518445,0.0,0.6569354959279149,-0.41807308007875,2.41522945769824,-0.4260941163233985,-0.5038081281295678,-0.37267799624996495,-0.38111861230861543,-0.3333333333333333,0.5028050261015868,-0.13643082833182188
0.5519447893707109,-1.247754005996416,-1.0587256631497823,-0.3053177118403547,0.6423912307603804,-0.4503793595525566,-1.3110936759513447,2.1254363660947644,2.065619667513576,0.0,0.6569354959279149,-0.41807308007875,2.41522945769824,-0.4260941163233985,-0.5038081281295678,-0.37267799624996495,-0.38111861230861543,-0.3333333333333333,-1.2766932469574954,-0.04038938417363819
-0.7436508039994689,0.6557962915236982,-1.2555683630824013,-1.346425869997489,-1.95913173480978,-1.2960125450571485,-0.5807405310306628,-1.1048932177867246,1.3129189887792243,0.0,-1.9580504587366014,-0.41807308007875,-0.4140393356054125,-0.4260941163233985,-0.5038081281295678,-0.37267799624996495,2.62385506166316,-0.3333333333333333,0.22253135069382093,-1.554131531857904
-0.7436508039994689,-0.29597885723635886,0.20106761641897924,0.9405469675882282,0.571105532186451,1.2408870114566273,0.2854922687589833,0.9219802466095038,-1.813683830578852,0.0,0.22110450348382885,-0.41807308007875,-0.4140393356054125,2.3468993391145916,-0.5038081281295678,-0.37267799624996495,-0.38111861230861543,-0.3333333333333333,-0.5428758309094495,1.3660138151300731
-0.7436508039994689,-0.29597885723635886,0.7915957162168358,0.4727570689911495,0.658592525890819,1.292137507547815,-0.054206868413426854,0.28858228898568244,-0.2503824208998138,0.0,0.6569354959279149,2.3919263106144877,-0.4140393356054125,-0.4260941163233985,-0.5038081281295678,-0.37267799624996495,-0.38111861230861543,-0.3333333333333333,-0.43851000456173284,1.5048433698178563
-1.175516001789529,-0.29597885723635886,0.2798046963920279,1.4492881704395961,0.45850653102990363,-0.19412687909661963,1.0158454136796646,-0.15479628135099252,0.7918185188862118,0.0,0.22110450348382885,-0.41807308007875,-0.4140393356054125,-0.4260941163233985,1.9848826252815504,-0.37267799624996495,-0.38111861230861543,-0.3333333333333333,0.3153623462766136,0.06788944060860883
-1.175516001789529,-1.7236415803764444,-2.0232548928196104,-1.6047340968322394,-2.0952226139054635,-1.7316417618322415,-0.8524998407685909,-0.2814758728757568,0.7918185188862118,0.0,-2.3938814511806874,-0.41807308007875,2.41522945769824,-0.4260941163233985,-0.5038081281295678,-0.37267799624996495,-0.38111861230861543,-0.3333333333333333,-0.5585632636843474,-1.6128279207420846
-1.6073811995795888,-1.7236415803764444,0.949069876162933,1.8887271660913973,0.6634529144299507,-0.11725113495983835,1.1856949822658698,-0.7881942389748139,-0.5398826819514875,0.0,0.22110450348382885,-0.41807308007875,-0.4140393356054125,2.3468993391145916,-0.5038081281295678,-0.37267799624996495,-0.38111861230861543,-0.3333333333333333,1.064534412099251,0.26548184008776265
0.9838099871607708,-0.29597885723635886,0.8703327961898844,0.44440616604587224,0.17376876911244735,2.317147429371562,0.8120259313762187,-0.7881942389748139,1.0234187277275504,0.0,0.22110450348382885,-0.41807308007875,-0.4140393356054125,2.3468993391145916,-0.5038081281295678,-0.37267799624996495,-0.38111861230861543,-0.3333333333333333,0.8218231880347938,1.7304675038633286
1.4156751849508307,0.6557962915236982,-2.0232548928196104,-1.2345973083800057,0.45729143389512095,-1.501014529421898,-0.3769210487272169,0.16190269746091818,0.5023182578345381,0.0,1.092766488372001,-0.41807308007875,2.41522945769824,-0.4260941163233985,-0.5038081281295678,-0.37267799624996495,-0.38111861230861543,-0.3333333333333333,-0.5261894342550182,-1.0048513069600729
-1.175516001789529,-1.7236415803764444,1.3821238160146923,-0.04543443484197775,0.3880308972124963,2.0865201969612195,0.9648905431038036,-1.4215921965986353,0.2707180489931989,0.0,0.22110450348382885,-0.41807308007875,-0.4140393356054125,-0.4260941163233985,-0.5038081281295678,-0.37267799624996495,2.62385506166316,-0.3333333333333333,2.1010936121057573,1.8458223004778502
-1.175516001789529,-1.7236415803764444,0.4372788563381252,0.10577038086616897,0.4726826642690373,0.8565082907727218,0.11564270017277824,-0.7248544432124318,0.7918185188862118,0.0,0.6569354959279149,2.3919263106144877,-0.4140393356054125,-0.4260941163233985,-0.5038081281295678,-0.37267799624996495,-0.38111861230861543,-0.3333333333333333,0.3058995967747848,0.9435726005226692
0.9838099871607708,-0.29597885723635886,0.12233053644593057,-0.11001149155066527,-0.3094348581528809,0.036500353313723734,0.913935672527942,-0.9148738304995782,-1.2925833606858395,0.0,-0.21472648896025723,-0.41807308007875,-0.4140393356054125,2.3468993391145916,-0.5038081281295678,-0.37267799624996495,-0.38111861230861543,-0.3333333333333333,1.0609755964971332,-0.2828553438413665
1.4156751849508307,1.6075714402837553,0.949069876162933,1.8887271660913973,0.6634529144299507,-0.11725113495983835,1.355544550852075,-0.851534034737196,-0.2503824208998138,0.0,0.22110450348382885,-0.41807308007875,-0.4140393356054125,2.3468993391145916,-0.5038081281295678,-0.37267799624996495,-0.38111861230861543,-0.3333333333333333,1.2675982060963609,0.26548184008776265
-0.31178560620940904,-0.29597885723635886,-0.6256717232980177,-0.33366861478563214,0.6201144499560275,-1.0397600646012115,-0.19008652328239103,1.2386792254214145,-1.5820836217375132,0.0,0.6569354959279149,-0.41807308007875,-0.4140393356054125,-0.4260941163233985,1.9848826252815504,-0.37267799624996495,-0.38111861230861543,-0.3333333333333333,-0.7958556067612492,-0.565444848617059
-0.7436508039994689,-0.29597885723635886,-0.03514362350016113,0.37037880835542525,1.078206069769176,-0.42475411150696274,-0.0711918252720476,-0.9148738304995782,-0.7714828907928264,0.0,0.6569354959279149,-0.41807308007875,-0.4140393356054125,-0.4260941163233985,-0.5038081281295678,-0.37267799624996495,-0.38111861230861543,2.9999999999999996,0.37981829025172087,0.22724121235019326
0.5519447893707109,-1.247754005996416,-2.0232548928196104,-1.63623510010477,-2.0190765267924027,-1.577890273558679,-0.7166201858996271,-0.15479628135099252,-0.7714828907928264,0.0,-2.3938814511806874,2.3919263106144877,-0.4140393356054125,-0.4260941163233985,-0.5038081281295678,-0.37267799624996495,-0.38111861230861543,-0.3333333333333333,-0.5482380556271529,-1.5903088619055614
0.9838099871607708,-0.29597885723635886,-0.4288290233653988,-0.004483130587687915,-0.056289621739779507,-0.6810065919628997,0.09865774331415748,-0.09145648558861039,1.0234187277275504,0.0,0.22110450348382885,-0.41807308007875,-0.4140393356054125,2.3468993391145916,-0.5038081281295678,-0.37267799624996495,-0.38111861230861543,-0.3333333333333333,-0.17936061123109212,-0.5810271765697064
1.4156751849508307,1.6075714402837553,-2.0232548928196104,-1.313349816561332,-0.7966888092008183,-0.911633824373243,-2.347176044327196,1.0486598381342682,2.297219876354915,0.0,1.9644284732601731,-0.41807308007875,-0.4140393356054125,-0.4260941163233985,-0.5038081281295678,-0.37267799624996495,-0.38111861230861543,2.9999999999999996,-1.4933643019231628,-1.040680534636733
-0.7436508039994689,1.6075714402837553,-0.07451216348668825,-0.2690915580769446,-1.2928534725704972,-0.4503793595525566,0.047702872738295835,-0.4081554644005211,0.2707180489931989,0.0,-0.6505574814043433,2.3919263106144877,-0.4140393356054125,-0.4260941163233985,-0.5038081281295678,-0.37267799624996495,-0.38111861230861543,-0.3333333333333333,-0.0005095955961818638,-1.113930767195614
0.5519447893707109,0.6557962915236982,-0.03514362350016113,-0.2659414577496915,0.7821274012604124,-0.11725113495983835,-0.5977254878892833,0.7953006550847396,0.5023182578345381,0.0,0.6569354959279149,-0.41807308007875,-0.4140393356054125,2.3468993391145916,-0.5038081281295678,-0.37267799624996495,-0.38111861230861543,-0.3333333333333333,-0.8261784148605487,0.34336816331492725
1.4156751849508307,1.6075714402837553,0.39791031635159807,-0.40769597247607897,-0.2563756166006948,1.4971394919125642,0.5572515784969111,-0.9782136262619603,0.7918185188862118,0.0,0.22110450348382885,-0.41807308007875,-0.4140393356054125,-0.4260941163233985,1.9848826252815504,-0.37267799624996495,-0.38111861230861543,-0.3333333333333333,0.9012559522740707,0.6347108604376999
-0.7436508039994689,-0.29597885723635886,-0.4681975633519259,-1.1259188470897752,-1.8821755829401972,-0.6810065919628997,-1.4130034171030679,-0.9148738304995782,-0.018782212058474846,0.0,-1.9580504587366014,-0.41807308007875,2.41522945769824,-0.4260941163233985,-0.5038081281295678,-0.37267799624996495,-0.38111861230861543,-0.3333333333333333,-0.5479649372204786,-1.465510997335983
0.12007959158065092,1.6075714402837553,1.1852811160820733,-0.410846072803332,0.571105532186451,1.804642468459689,1.1856949822658698,-1.294912605073871,-0.018782212058474846,0.0,0.6569354959279149,-0.41807308007875,-0.4140393356054125,-0.4260941163233985,-0.5038081281295678,-0.37267799624996495,-0.38111861230861543,2.9999999999999996,1.9788937871202612,1.8479963580130792
-1.6073811995795888,0.6557962915236982,-0.15324924345973132,0.2412246949380502,0.5476136542473153,-0.47600460759815016,0.3534320961934651,-0.15479628135099252,-1.0609831518445,0.0,0.6569354959279149,-0.41807308007875,2.41522945769824,-0.4260941163233985,-0.5038081281295678,-0.37267799624996495,-0.38111861230861543,-0.3333333333333333,-0.014837807392473586,-0.11469025297952953
0.12007959158065092,0.6557962915236982,0.1616990764324577,-1.1873458034712099,-1.9056674608793331,-0.2710026232334007,-0.6486803584651449,-1.1048932177867246,0.7918185188862118,0.0,-1.9580504587366014,-0.41807308007875,-0.4140393356054125,2.3468993391145916,-0.5038081281295678,-0.37267799624996495,-0.38111861230861543,-0.3333333333333333,0.17052180268000847,-1.435979258007367
0.9838099871607708,-0.29597885723635886,-0.8225144232306365,-0.1147366420415448,-0.4848138779398774,-0.6297560958717123,0.6251914059313934,0.7953006550847396,0.5023182578345381,0.0,-0.21472648896025723,-0.41807308007875,2.41522945769824,-0.4260941163233985,-0.5038081281295678,-0.37267799624996495,-0.38111861230861543,-0.3333333333333333,-0.3742333769474216,-0.7612935716742165
-0.31178560620940904,0.6557962915236982,-0.11388070347320978,2.2352382020892336,1.108988530517009,-0.4503793595525566,-0.8694847976272113,2.062096570332382,2.065619667513576,0.0,0.6569354959279149,-0.41807308007875,-0.4140393356054125,-0.4260941163233985,1.9848826252815504,-0.37267799624996495,-0.38111861230861543,-0.3333333333333333,-1.1487203863626525,0.21844688063199522
1.4156751849508307,1.6075714402837553,0.1616990764324577,-1.226722057561873,-1.919033529361945,0.036500353313723734,-1.8036574248513393,2.442135344906675,-0.018782212058474846,0.0,-1.9580504587366014,2.3919263106144877,-0.4140393356054125,-0.4260941163233985,-0.5038081281295678,-0.37267799624996495,-0.38111861230861543,-0.3333333333333333,-1.4331059277458693,-1.4146943803043803
-1.6073811995795888,-1.7236415803764444,-0.11388070347320978,0.288476199846846,0.5723206293212342,-0.47600460759815016,-0.020236954696185954,-0.2814758728757568,-1.0609831518445,0.0,0.6569354959279149,-0.41807308007875,-0.4140393356054125,-0.4260941163233985,-0.5038081281295678,-0.37267799624996495,2.62385506166316,-0.3333333333333333,-0.12345899615416189,-0.10117755185081218
-0.7436508039994689,-0.29597885723635886,-0.3107234034058286,-0.2281402538226548,0.8068343763343312,0.6515063064079726,0.2854922687589833,0.6686210635599753,0.7918185188862118,0.0,0.6569354959279149,-0.41807308007875,-0.4140393356054125,-0.4260941163233985,1.9848826252815504,-0.37267799624996495,-0.38111861230861543,-0.3333333333333333,-0.45359277348573845,1.0720856667608931
-1.175516001789529,-1.7236415803764444,-0.7831458832441149,-0.9432130281090981,-1.8189905319314872,0.19025184158728584,-2.2792362168927136,0.9219802466095038,1.3129189887792243,0.0,-1.9580504587366014,-0.41807308007875,-0.4140393356054125,-0.4260941163233985,1.9848826252815504,-0.37267799624996495,-0.38111861230861543,-0.3333333333333333,-1.4591107017527756,-1.3249409307932132
-0.7436508039994689,-0.29597885723635886,-0.6256717232980177,-0.33366861478563214,0.6201144499560275,-1.0397600646012115,0.6591613196486343,-0.34481566863813895,-0.2503824208998138,0.0,0.6569354959279149,-0.41807308007875,-0.4140393356054125,-0.4260941163233985,1.9848826252815504,-0.37267799624996495,-0.38111861230861543,-0.3333333333333333,0.2823423309097051,-0.565444848617059
0.9838099871607708,-0.29597885723635886,-2.0232548928196104,-1.7008121568134575,-2.056339505592411,-1.424138785285117,-1.8206423817099602,0.541941472035211,2.413019980775585,0.0,-2.3938814511806874,2.3919263106144877,-0.4140393356054125,-0.4260941163233985,-0.5038081281295678,-0.37267799624996495,-0.38111861230861543,-0.3333333333333333,-1.2399964022501406,-1.5898911390603645
1.4156751849508307,1.6075714402837553,-0.9406200431902066,2.2352382020892336,0.990719076064808,-0.9372590724188367,1.7631835154589675,-1.1048932177867246,-0.2503824208998138,0.0,-0.21472648896025723,-0.41807308007875,-0.4140393356054125,-0.4260941163233985,1.9848826252815504,-0.37267799624996495,-0.38111861230861543,-0.3333333333333333,2.016860757170344,-0.32570991027815577
0.5519447893707109,-1.247754005996416,0.8703327961898844,0.6003361322448986,0.7181322854951806,-0.19412687909661963,0.6591613196486343,-0.34481566863813895,-0.2503824208998138,0.0,0.6569354959279149,-0.41807308007875,-0.4140393356054125,-0.4260941163233985,1.9848826252815504,-0.37267799624996495,-0.38111861230861543,-0.3333333333333333,0.2823423309097051,0.2321969242863926
-0.7436508039994689,-0.29597885723635886,-2.0232548928196104,-1.3511510204883688,-0.8165353957356056,-1.603515521604273,-2.4321008286202983,-1.4849319923610174,2.413019980775585,0.0,1.9644284732601731,-0.41807308007875,2.41522945769824,-0.4260941163233985,-0.5038081281295678,-0.37267799624996495,-0.38111861230861543,-0.3333333333333333,-1.031607977548334,-1.347694167588407
0.9838099871607708,-0.29597885723635886,-0.6650402632845448,-0.4265965744395973,0.6602126554038626,-0.8091328321908682,-0.3089812212927345,0.541941472035211,0.7918185188862118,0.0,0.6569354959279149,-0.41807308007875,-0.4140393356054125,-0.4260941163233985,1.9848826252815504,-0.37267799624996495,-0.38111861230861543,-0.3333333333333333,-0.6399603205352323,-0.34696630687806107
0.9838099871607708,-0.29597885723635886,0.4372788563381252,0.10577038086616897,0.4726826642690373,0.8565082907727218,0.01373295902105494,-0.6615146474500496,1.0234187277275504,0.0,0.6569354959279149,2.3919263106144877,-0.4140393356054125,-0.4260941163233985,-0.5038081281295678,-0.37267799624996495,-0.38111861230861543,-0.3333333333333333,0.18352418968346149,0.9435726005226692
1.4156751849508307,1.6075714402837553,0.08296199645940905,0.5389091758634639,0.23047330206898206,0.4721295700888164,-1.854612295427201,2.442135344906675,-1.0609831518445,0.0,0.22110450348382885,-0.41807308007875,2.41522945769824,-0.4260941163233985,-0.5038081281295678,-0.37267799624996495,-0.38111861230861543,-0.3333333333333333,-1.4461083147493226,0.4239950015719441
0.9838099871607708,-0.29597885723635886,0.1616990764324577,-0.9873144326906408,0.5864967625603678,0.5746305622711912,-0.3599360918685961,0.03522310593615389,0.2707180489931989,0.0,1.092766488372001,-0.41807308007875,2.41522945769824,-0.4260941163233985,-0.5038081281295678,-0.37267799624996495,-0.38111861230861543,-0.3333333333333333,-0.46320323344481257,0.809746226276222
0.5519447893707109,0.6557962915236982,0.0042249164863604,-1.4267534283424417,-2.056744537970672,-0.09162588691424474,-0.9544095819203139,-1.1048932177867246,-0.2503824208998138,0.0,-1.9580504587366014,-0.41807308007875,-0.4140393356054125,-0.4260941163233985,-0.5038081281295678,2.6832815729997477,-0.38111861230861543,-0.3333333333333333,-0.0635211633821465,-1.5184130640265614
-0.31178560620940904,-0.29597885723635886,-2.0232548928196104,-1.4440789801423337,-2.0008500697706593,-1.5522650255130854,-0.8864697544858321,-0.09145648558861039,1.0234187277275504,0.0,-1.9580504587366014,2.3919263106144877,-0.4140393356054125,-0.4260941163233985,-0.5038081281295678,-0.37267799624996495,-0.38111861230861543,-0.3333333333333333,-0.6592668951767235,-1.5846506160933493
0.9838099871607708,-0.29597885723635886,-0.5075661033384474,-1.0975679441444977,0.5318173914951378,-0.040375390823057536,-1.294108719092724,0.985320042371886,0.7918185188862118,0.0,1.092766488372001,2.3919263106144877,-0.4140393356054125,-0.4260941163233985,-0.5038081281295678,-0.37267799624996495,-0.38111861230861543,-0.3333333333333333,-1.1184197417442652,0.24389316395190538
0.9838099871607708,-0.29597885723635886,0.4372788563381252,0.10577038086616897,0.4726826642690373,0.8565082907727218,0.01373295902105494,-0.6615146474500496,1.0234187277275504,0.0,0.6569354959279149,2.3919263106144877,-0.4140393356054125,-0.4260941163233985,-0.5038081281295678,-0.37267799624996495,-0.38111861230861543,-0.3333333333333333,0.18352418968346149,0.9435726005226692
1.4156751849508307,1.6075714402837553,1.4214923560012194,0.3010766011558584,0.14501147025591893,1.3433880036390022,2.051927782055516,-1.1048932177867246,0.7918185188862118,0.0,0.22110450348382885,-0.41807308007875,-0.4140393356054125,-0.4260941163233985,1.9848826252815504,-0.37267799624996495,-0.38111861230861543,-0.3333333333333333,2.2379013362290463,0.9842404511561936
-0.7436508039994689,-0.29597885723635886,0.08296199645940905,0.5389091758634639,0.23047330206898206,0.4721295700888164,-1.4639582876789292,1.8720771830452358,-1.0609831518445,0.0,0.22110450348382885,-0.41807308007875,2.41522945769824,-0.4260941163233985,-0.5038081281295678,-0.37267799624996495,-0.38111861230861543,-0.3333333333333333,-1.2928535132686223,0.4239950015719441
-0.7436508039994689,-0.29597885723635886,0.1616990764324577,-1.1873458034712099,-1.9056674608793331,-0.2710026232334007,-1.2431538485168627,-0.9148738304995782,1.3129189887792243,0.0,-1.9580504587366014,-0.41807308007875,-0.4140393356054125,2.3468993391145916,-0.5038081281295678,-0.37267799624996495,-0.38111861230861543,-0.3333333333333333,-0.43052402235057985,-1.435979258007367
-0.31178560620940904,-0.29597885723635886,0.3191732363785494,0.6523127876445737,0.4329894911994632,1.3946384997301897,0.030717915879675692,0.541941472035211,-0.7714828907928264,0.0,0.22110450348382885,-0.41807308007875,-0.4140393356054125,-0.4260941163233985,-0.5038081281295678,-0.37267799624996495,2.62385506166316,-0.3333333333333333,-0.5051207516105339,1.3431498184895623
-1.175516001789529,0.6557962915236982,-0.4288290233653988,-0.18246379907748564,0.3236307490690034,-0.6553813439173061,0.047702872738295835,-0.02811668982622825,-0.7714828907928264,0.0,0.22110450348382885,-0.41807308007875,-0.4140393356054125,-0.4260941163233985,1.9848826252815504,-0.37267799624996495,-0.38111861230861543,-0.3333333333333333,-0.2394868008288782,-0.3770138706291549
-1.175516001789529,0.6557962915236982,0.949069876162933,1.8887271660913973,0.6634529144299507,-0.11725113495983835,0.7950409745175986,0.541941472035211,-0.018782212058474846,0.0,0.22110450348382885,-0.41807308007875,-0.4140393356054125,2.3468993391145916,-0.5038081281295678,-0.37267799624996495,-0.38111861230861543,-0.3333333333333333,-0.20173172152996247,0.26548184008776265
0.9838099871607708,-0.29597885723635886,0.3191732363785494,-0.1919141000592447,0.785772692664761,0.19025184158728584,0.14961261389001912,0.16190269746091818,-0.7714828907928264,0.0,0.6569354959279149,2.3919263106144877,-0.4140393356054125,-0.4260941163233985,-0.5038081281295678,-0.37267799624996495,-0.38111861230861543,-0.3333333333333333,-0.29106293594257515,0.6287867909967257
0.12007959158065092,-0.29597885723635886,-0.4681975633519259,-1.1259188470897752,-1.8821755829401972,-0.6810065919628997,-0.9713945387789347,-0.2814758728757568,0.7918185188862118,0.0,-1.9580504587366014,-0.41807308007875,2.41522945769824,-0.4260941163233985,-0.5038081281295678,-0.37267799624996495,-0.38111861230861543,-0.3333333333333333,-0.6207210161886596,-1.465510997335983
0.12007959158065092,0.6557962915236982,-0.15324924345973132,-1.453529281124093,-2.1057534557402486,-0.21975212714221323,-1.2431538485168627,0.2252424932233003,0.7918185188862118,0.0,-1.9580504587366014,-0.41807308007875,-0.4140393356054125,-0.4260941163233985,-0.5038081281295678,2.6832815729997477,-0.38111861230861543,-0.3333333333333333,-0.9309661248982296,-1.5559290059190543
-1.175516001789529,-0.29597885723635886,0.9097013361764059,1.9517291726364583,0.6958555046908276,0.3183780818152543,0.3364471393348444,1.3653588169461788,0.5023182578345381,0.0,0.22110450348382885,-0.41807308007875,-0.4140393356054125,-0.4260941163233985,1.9848826252815504,-0.37267799624996495,-0.38111861230861543,-0.3333333333333333,-0.6571674595547276,0.6757584591123122
0.9838099871607708,-1.247754005996416,-1.45241106301502,-0.9290375766364593,-1.8125100138793118,-0.9885095685100241,-1.3450635896685856,0.09856290169853603,1.0234187277275504,0.0,-1.9580504587366014,-0.41807308007875,2.41522945769824,-0.4260941163233985,-0.5038081281295678,-0.37267799624996495,-0.38111861230861543,-0.3333333333333333,-0.940767316317246,-1.4711819014162317
-1.6073811995795888,-0.29597885723635886,0.35854177636507656,-0.13993744465956937,0.8108847001169408,-0.11725113495983835,0.8969507156693213,-1.1048932177867246,-0.5398826819514875,0.0,0.6569354959279149,-0.41807308007875,-0.4140393356054125,2.3468993391145916,-0.5038081281295678,-0.37267799624996495,-0.38111861230861543,-0.3333333333333333,1.3537390199942372,0.3622416409570048
0.5519447893707109,1.6075714402837553,1.9332833758260273,1.0129992751150485,0.4475706568168575,2.0352697008700322,0.8459958450934596,-0.15479628135099252,-1.0609831518445,0.0,0.22110450348382885,-0.41807308007875,2.41522945769824,-0.4260941163233985,-0.5038081281295678,-0.37267799624996495,-0.38111861230861543,-0.3333333333333333,0.23069564020761674,1.8830186211024271
-1.175516001789529,0.6557962915236982,0.949069876162933,1.8887271660913973,0.6634529144299507,-0.11725113495983835,-0.0032519978375658088,1.2386792254214145,0.5023182578345381,0.0,0.22110450348382885,-0.41807308007875,-0.4140393356054125,2.3468993391145916,-0.5038081281295678,-0.37267799624996495,-0.38111861230861543,-0.3333333333333333,-0.7342442960371949,0.26548184008776265
-1.6073811995795888,-1.7236415803764444,-0.5075661033384474,-0.9432130281090981,-1.0328226857269593,-0.040375390823057536,-0.393906005585837,0.541941472035211,0.7918185188862118,0.0,-0.21472648896025723,-0.41807308007875,-0.4140393356054125,2.3468993391145916,-0.5038081281295678,-0.37267799624996495,-0.38111861230861543,-0.3333333333333333,-0.6736702127664072,-0.819657681022445
0.5519447893707109,0.6557962915236982,-0.15324924345973132,-1.453529281124093,-2.1057534557402486,-0.21975212714221323,-1.7357175974168575,0.4152618805104467,1.0234187277275504,0.0,-1.9580504587366014,-0.41807308007875,-0.4140393356054125,-0.4260941163233985,-0.5038081281295678,2.6832815729997477,-0.38111861230861543,-0.3333333333333333,-1.1837268129104106,-1.5559290059190543
-1.175516001789529,-1.7236415803764444,0.4372788563381252,0.10577038086616897,0.4726826642690373,0.8565082907727218,0.11564270017277824,-0.7248544432124318,1.3129189887792243,0.0,0.6569354959279149,2.3919263106144877,-0.4140393356054125,-0.4260941163233985,-0.5038081281295678,-0.37267799624996495,-0.38111861230861543,-0.3333333333333333,0.3058995967747848,0.9435726005226692
0.5519447893707109,0.6557962915236982,-0.03514362350016113,-0.2659414577496915,0.7821274012604124,-0.11725113495983835,-0.3599360918685961,0.16190269746091818,0.5023182578345381,0.0,0.6569354959279149,-0.41807308007875,-0.4140393356054125,2.3468993391145916,-0.5038081281295678,-0.37267799624996495,-0.38111861230861543,-0.3333333333333333,-0.5186047085030038,0.34336816331492725
0.12007959158065092,-0.29597885723635886,0.6341215562707441,0.3483281060646542,0.6006728957995014,0.08775084940491094,0.5062967079210494,-0.5981748516876675,-1.2925833606858395,0.0,0.6569354959279149,-0.41807308007875,-0.4140393356054125,-0.4260941163233985,-0.5038081281295678,-0.37267799624996495,-0.38111861230861543,2.9999999999999996,0.42190128474676764,0.4013936639931853
0.5519447893707109,0.6557962915236982,-0.11388070347320978,0.8775449610431671,0.8153400562778115,-0.4503793595525566,-0.12214669584790924,1.1119996338966502,0.7918185188862118,0.0,0.22110450348382885,2.3919263106144877,-0.4140393356054125,-0.4260941163233985,-0.5038081281295678,-0.37267799624996495,-0.38111861230861543,-0.3333333333333333,-0.7410899972287565,0.05555079384025546
0.9838099871607708,-0.29597885723635886,-0.6256717232980177,2.2352382020892336,1.1855396500083308,0.3183780818152543,-1.4299883739616883,2.062096570332382,-0.018782212058474846,0.0,0.6569354959279149,-0.41807308007875,-0.4140393356054125,-0.4260941163233985,-0.5038081281295678,-0.37267799624996495,-0.38111861230861543,2.9999999999999996,-1.3027486631727887,1.0621805720225121
-1.6073811995795888,0.6557962915236982,0.8703327961898844,0.6003361322448986,0.7181322854951806,-0.19412687909661963,1.5084091625796598,-1.1048932177867246,-0.5398826819514875,0.0,0.6569354959279149,-0.41807308007875,-0.4140393356054125,-0.4260941163233985,1.9848826252815504,-0.37267799624996495,-0.38111861230861543,-0.3333333333333333,1.8218249521185481,0.2321969242863926
-1.175516001789529,0.6557962915236982,1.0278069561359817,0.3861293099916905,0.14339134074287518,1.5996404840949392,0.7780560176589778,-0.5348350559252854,0.7918185188862118,0.0,0.22110450348382885,2.3919263106144877,-0.4140393356054125,-0.4260941163233985,-0.5038081281295678,-0.37267799624996495,-0.38111861230861543,-0.3333333333333333,0.519477756583492,1.1681207817850585
-1.6073811995795888,-1.7236415803764444,1.3821238160146923,-0.04543443484197775,0.3880308972124963,2.0865201969612195,-0.054206868413426854,0.4152618805104467,0.2707180489931989,0.0,0.22110450348382885,-0.41807308007875,-0.4140393356054125,-0.4260941163233985,-0.5038081281295678,-0.37267799624996495,2.62385506166316,-0.3333333333333333,-0.49059956726479725,1.8458223004778502
-0.7436508039994689,-0.29597885723635886,0.1616990764324577,-1.226722057561873,-1.919033529361945,0.036500353313723734,-0.020236954696185954,-1.6749513796481639,0.2707180489931989,0.0,-1.9580504587366014,2.3919263106144877,-0.4140393356054125,-0.4260941163233985,-0.5038081281295678,-0.37267799624996495,-0.38111861230861543,-0.3333333333333333,1.8095069012731715,-1.4146943803043803
0.9838099871607708,-0.29597885723635886,-0.6256717232980177,2.2352382020892336,1.2070063660561616,-0.5272551036893376,0.08167278645553673,0.03522310593615389,-0.2503824208998138,0.0,0.6569354959279149,-0.41807308007875,-0.4140393356054125,-0.4260941163233985,-0.5038081281295678,2.6832815729997477,-0.38111861230861543,-0.3333333333333333,-0.2574263260858164,0.19219046815776367
1.4156751849508307,-1.247754005996416,-2.0232548928196104,-0.5951269419476355,0.48847892702121476,-1.4497640333307107,0.8969507156693213,-1.0415534220243425,-0.2503824208998138,0.0,0.6569354959279149,-0.41807308007875,-0.4140393356054125,-0.4260941163233985,-0.5038081281295678,-0.37267799624996495,2.62385506166316,-0.3333333333333333,1.2452363422412844,-0.955015705701281
1.4156751849508307,1.6075714402837553,0.04359345647288752,0.49165767095466806,0.20293110034723635,0.44650432204322277,-0.12214669584790924,-0.09145648558861039,0.5023182578345381,0.0,0.22110450348382885,-0.41807308007875,-0.4140393356054125,-0.4260941163233985,1.9848826252815504,-0.37267799624996495,-0.38111861230861543,-0.3333333333333333,-0.2869258128051129,0.38193790602143934
-1.6073811995795888,0.6557962915236982,0.8309642562033629,0.5389091758634639,0.6889699542603911,-0.19412687909661963,1.814138386034829,-1.1048932177867246,-0.7714828907928264,0.0,0.6569354959279149,-0.41807308007875,-0.4140393356054125,2.3468993391145916,-0.5038081281295678,-0.37267799624996495,-0.38111861230861543,-0.3333333333333333,2.055867918180703,0.21374116948951186
-0.31178560620940904,-1.247754005996416,0.7522271762303142,0.050643625139240527,0.03524769574719806,0.1646265935416922,1.9160481271865517,-1.4215921965986353,0.5023182578345381,0.0,-0.21472648896025723,-0.41807308007875,-0.4140393356054125,-0.4260941163233985,-0.5038081281295678,2.6832815729997477,-0.38111861230861543,-0.3333333333333333,2.9875172130368184,0.048126719636983534
1.4156751849508307,0.6557962915236982,0.7128586362437871,0.7263401453350207,0.467417243351645,1.18963651536544,0.8629808019520804,-0.5348350559252854,-0.5398826819514875,0.0,0.22110450348382885,-0.41807308007875,-0.4140393356054125,-0.4260941163233985,-0.5038081281295678,-0.37267799624996495,-0.38111861230861543,2.9999999999999996,0.568675977677639,1.2128297844891616
-1.6073811995795888,-1.7236415803764444,0.1616990764324577,0.049068574975613864,0.4455454949255527,-0.6553813439173061,0.2175524413245009,0.03522310593615389,-0.2503824208998138,0.0,0.22110450348382885,-0.41807308007875,-0.4140393356054125,-0.4260941163233985,-0.5038081281295678,2.6832815729997477,-0.38111861230861543,-0.3333333333333333,-0.19411035459074058,-0.3170041864362118
-0.31178560620940904,0.6557962915236982,-2.0232548928196104,-1.4440789801423337,-2.0008500697706593,-1.5522650255130854,-1.0563193230720371,0.47860167627282885,1.3129189887792243,0.0,-1.9580504587366014,2.3919263106144877,-0.4140393356054125,-0.4260941163233985,-0.5038081281295678,-0.37267799624996495,-0.38111861230861543,-0.3333333333333333,-0.9204520653267043,-1.5846506160933493
0.5519447893707109,0.6557962915236982,1.8545462958529786,0.2506749959198093,0.0777760954645991,1.958393956733251,0.761071060800357,-0.7248544432124318,0.2707180489931989,0.0,0.22110450348382885,-0.41807308007875,-0.4140393356054125,-0.4260941163233985,-0.5038081281295678,-0.37267799624996495,-0.38111861230861543,2.9999999999999996,0.7127978253534334,1.34346311062346
0.5519447893707109,0.6557962915236982,-2.0232548928196104,-1.4645546322694785,-2.0101658144706613,-1.501014529421898,-2.3132061306099545,1.6187179999957073,0.2707180489931989,0.0,-1.9580504587366014,-0.41807308007875,-0.4140393356054125,-0.4260941163233985,-0.5038081281295678,2.6832815729997477,-0.38111861230861543,-0.3333333333333333,-1.5210704332481035,-1.5832075735372144
0.5519447893707109,0.6557962915236982,-0.4681975633519259,-1.1589949005259321,-1.8939215219097654,-0.42475411150696274,-1.1072741936478985,0.6052812677975932,-0.2503824208998138,0.0,-1.9580504587366014,-0.41807308007875,-0.4140393356054125,-0.4260941163233985,1.9848826252815504,-0.37267799624996495,-0.38111861230861543,-0.3333333333333333,-0.9720334043688762,-1.4447134629523926
1.4156751849508307,1.6075714402837553,0.7128586362437871,0.7263401453350207,0.467417243351645,1.18963651536544,1.661273774307244,-1.0415534220243425,-0.7714828907928264,0.0,0.22110450348382885,-0.41807308007875,-0.4140393356054125,-0.4260941163233985,-0.5038081281295678,-0.37267799624996495,-0.38111861230861543,2.9999999999999996,1.8101676396326933,1.2128297844891616
1.8475403827408907,2.083459014663784,-2.0232548928196104,-1.6441103509229027,-2.1057534557402486,-0.29662787127899426,-2.075416734589268,2.1887761618571466,-0.5398826819514875,0.0,-2.3938814511806874,-0.41807308007875,-0.4140393356054125,-0.4260941163233985,-0.5038081281295678,2.6832815729997477,-0.38111861230861543,-0.3333333333333333,-1.4879326596104299,-1.5589100280415957
0.5519447893707109,-1.247754005996416,0.594753016284217,0.12309593266606068,0.9404950611604488,-0.3478783673701817,-0.0032519978375658088,-0.6615146474500496,1.8340194586722371,0.0,0.6569354959279149,-0.41807308007875,-0.4140393356054125,-0.4260941163233985,-0.5038081281295678,2.6832815729997477,-0.38111861230861543,-0.3333333333333333,0.1731222800806989,0.2241557595163526
0.5519447893707109,-0.29597885723635886,-0.11388070347320978,0.288476199846846,0.5723206293212342,-0.47600460759815016,-0.037221911554806704,-0.09145648558861039,-0.7714828907928264,0.0,0.6569354959279149,-0.41807308007875,-0.4140393356054125,-0.4260941163233985,-0.5038081281295678,-0.37267799624996495,2.62385506166316,-0.3333333333333333,-0.24555458143048955,-0.10117755185081218
0.12007959158065092,-0.29597885723635886,1.5002294359742625,0.47433211915477635,0.2207525249907186,2.2658969332803753,0.879965758810701,-0.09145648558861039,1.3129189887792243,0.0,0.22110450348382885,-0.41807308007875,-0.4140393356054125,-0.4260941163233985,-0.5038081281295678,-0.37267799624996495,2.62385506166316,-0.3333333333333333,0.2012547174154431,1.757834679357742
-0.7436508039994689,-0.29597885723635886,0.08296199645940905,0.5389091758634639,0.23047330206898206,0.4721295700888164,-0.3089812212927345,-0.09145648558861039,0.7918185188862118,0.0,0.22110450348382885,-0.41807308007875,2.41522945769824,-0.4260941163233985,-0.5038081281295678,-0.37267799624996495,-0.38111861230861543,-0.3333333333333333,-0.37794252182928423,0.4239950015719441
0.5519447893707109,-0.29597885723635886,1.3821238160146923,1.8241501093827097,0.6294301946560299,0.8052577946815346,0.7440861039417369,-0.6615146474500496,-0.5398826819514875,0.0,0.22110450348382885,2.3919263106144877,-0.4140393356054125,-0.4260941163233985,-0.5038081281295678,-0.37267799624996495,-0.38111861230861543,-0.3333333333333333,0.630806302602247,1.0482564771826164
-0.7436508039994689,-0.29597885723635886,0.12233053644593057,1.1043521846053872,0.24991485622550808,-0.3222531193245881,0.9648905431038036,-0.02811668982622825,-0.018782212058474846,0.0,0.22110450348382885,-0.41807308007875,-0.4140393356054125,-0.4260941163233985,1.9848826252815504,-0.37267799624996495,-0.38111861230861543,-0.3333333333333333,0.19739340248714518,-0.1611144510025469
-0.31178560620940904,-0.29597885723635886,1.1852811160820733,0.8885703121885526,0.5391079743038351,1.0615102751374716,0.4893117510624293,0.541941472035211,-0.5398826819514875,0.0,0.22110450348382885,2.3919263106144877,-0.4140393356054125,-0.4260941163233985,-0.5038081281295678,-0.37267799624996495,-0.38111861230861543,-0.3333333333333333,-0.32308733356219105,1.1801556301205411
-0.31178560620940904,0.6557962915236982,-0.07451216348668825,0.33257760442838896,1.056334321343084,0.9333840349095031,-0.5128007035961808,-0.4081554644005211,0.7918185188862118,0.0,0.6569354959279149,-0.41807308007875,-0.4140393356054125,-0.4260941163233985,-0.5038081281295678,-0.37267799624996495,2.62385506166316,-0.3333333333333333,-0.3085661492164544,1.5770081558926274
0.9838099871607708,0.6557962915236982,0.949069876162933,1.8887271660913973,0.6634529144299507,-0.11725113495983835,1.2706197665589722,-0.7248544432124318,-0.2503824208998138,0.0,0.22110450348382885,-0.41807308007875,-0.4140393356054125,2.3468993391145916,-0.5038081281295678,-0.37267799624996495,-0.38111861230861543,-0.3333333333333333,1.034033268968156,0.26548184008776265
-1.175516001789529,-0.29597885723635886,0.12233053644593057,-0.04385938467835109,0.8615137473995611,-0.6810065919628997,0.2515223550417418,-0.21813607711337465,-1.2925833606858395,0.0,0.6569354959279149,-0.41807308007875,2.41522945769824,-0.4260941163233985,-0.5038081281295678,-0.37267799624996495,-0.38111861230861543,-0.3333333333333333,-0.02451400237178764,-0.13643082833182188
-0.31178560620940904,-0.29597885723635886,0.949069876162933,-0.1415124948231958,-0.004040444944115462,1.4715142438669706,0.540266621638291,0.6052812677975932,2.065619667513576,0.0,0.22110450348382885,-0.41807308007875,-0.4140393356054125,-0.4260941163233985,-0.5038081281295678,-0.37267799624996495,2.62385506166316,-0.3333333333333333,-0.32995189343472114,0.9071104594441957
-0.7436508039994689,-0.29597885723635886,1.4214923560012194,0.3010766011558584,0.14501147025591893,1.3433880036390022,0.761071060800357,-0.2814758728757568,1.0234187277275504,0.0,0.22110450348382885,-0.41807308007875,-0.4140393356054125,-0.4260941163233985,1.9848826252815504,-0.37267799624996495,-0.38111861230861543,-0.3333333333333333,0.28500623458846097,0.9842404511561936
1.4156751849508307,2.083459014663784,0.1616990764324577,1.2634322511316662,0.34266727084726833,-0.2710026232334007,1.2366498528417313,-0.5348350559252854,0.2707180489931989,0.0,0.22110450348382885,-0.41807308007875,-0.4140393356054125,-0.4260941163233985,-0.5038081281295678,-0.37267799624996495,-0.38111861230861543,2.9999999999999996,0.7851481504918845,-0.06579136355542162
-0.31178560620940904,-1.247754005996416,-0.3107234034058286,-0.2281402538226548,0.8068343763343312,0.6515063064079726,0.2515223550417418,0.6686210635599753,0.5023182578345381,0.0,0.6569354959279149,-0.41807308007875,-0.4140393356054125,-0.4260941163233985,1.9848826252815504,-0.37267799624996495,-0.38111861230861543,-0.3333333333333333,-0.4665951604891917,1.0720856667608931
-0.7436508039994689,-0.29597885723635886,-1.727990842920682,-1.6472604512501556,-2.1057534557402486,-1.4497640333307107,-1.7187326405582368,-0.5981748516876675,-0.5398826819514875,0.0,-2.3938814511806874,-0.41807308007875,-0.4140393356054125,-0.4260941163233985,-0.5038081281295678,-0.37267799624996495,-0.38111861230861543,2.9999999999999996,-0.9028974799383944,-1.6036253598797168
0.5519447893707109,-1.247754005996416,-0.2713548634193071,-1.193646004125716,0.477138020429908,-0.5528803517349312,0.4723267942038085,-1.294912605073871,0.2707180489931989,0.0,1.092766488372001,-0.41807308007875,-0.4140393356054125,-0.4260941163233985,-0.5038081281295678,-0.37267799624996495,2.62385506166316,-0.3333333333333333,1.3672615024778287,-0.2167570327229774
-0.7436508039994689,-0.29597885723635886,-0.11388070347320978,0.288476199846846,0.5723206293212342,-0.47600460759815016,-0.8524998407685909,0.9219802466095038,1.3129189887792243,0.0,0.6569354959279149,-0.41807308007875,-0.4140393356054125,-0.4260941163233985,-0.5038081281295678,-0.37267799624996495,2.62385506166316,-0.3333333333333333,-0.9494171312174156,-0.10117755185081218
-1.6073811995795888,-1.7236415803764444,1.6577035959203597,-0.17773864858660587,-0.1539024249006715,1.112760771228659,0.7440861039417369,-0.851534034737196,0.2707180489931989,0.0,0.22110450348382885,-0.41807308007875,-0.4140393356054125,-0.4260941163233985,-0.5038081281295678,-0.37267799624996495,-0.38111861230861543,2.9999999999999996,0.8580230154875894,0.5087484352087843
-1.175516001789529,-1.7236415803764444,0.949069876162933,1.8887271660913973,0.6634529144299507,-0.11725113495983835,0.5062967079210494,-0.15479628135099252,-1.0609831518445,0.0,0.22110450348382885,-0.41807308007875,-0.4140393356054125,2.3468993391145916,-0.5038081281295678,-0.37267799624996495,-0.38111861230861543,-0.3333333333333333,0.06136222806962342,0.26548184008776265
0.5519447893707109,1.6075714402837553,1.8545462958529786,0.8318685062979978,0.3714245697037967,1.3177627555934086,2.017957868338275,-0.9148738304995782,0.5023182578345381,0.0,0.22110450348382885,-0.41807308007875,-0.4140393356054125,2.3468993391145916,-0.5038081281295678,-0.37267799624996495,-0.38111861230861543,-0.3333333333333333,1.824341543151474,1.2133202923755668
1.4156751849508307,1.6075714402837553,0.39791031635159807,-0.3525692167491505,-0.4471458667616081,-0.09162588691424474,-0.3089812212927345,1.428698612708561,-0.2503824208998138,0.0,-0.21472648896025723,-0.41807308007875,-0.4140393356054125,-0.4260941163233985,-0.5038081281295678,-0.37267799624996495,2.62385506166316,-0.3333333333333333,-0.8773176205394444,-0.44945397403371495
0.5519447893707109,0.6557962915236982,-0.3894604833788773,2.2352382020892336,1.2313083087518195,-0.3735036154157753,-1.4639582876789292,2.1254363660947644,-0.018782212058474846,0.0,0.6569354959279149,2.3919263106144877,-0.4140393356054125,-0.4260941163233985,-0.5038081281295678,-0.37267799624996495,-0.38111861230861543,-0.3333333333333333,-1.318169215626738,0.36750115132607464
-1.175516001789529,-1.7236415803764444,-0.7831458832441149,-0.9432130281090981,-1.8189905319314872,0.19025184158728584,-1.2601388053754832,-0.34481566863813895,1.0234187277275504,0.0,-1.9580504587366014,-0.41807308007875,-0.4140393356054125,-0.4260941163233985,1.9848826252815504,-0.37267799624996495,-0.38111861230861543,-0.3333333333333333,-0.7461464810634326,-1.3249409307932132
-1.175516001789529,-1.7236415803764444,-2.0232548928196104,-1.6945119561589514,-2.1057534557402486,-1.8085175059690224,-2.4321008286202983,0.9219802466095038,-1.813683830578852,0.0,-2.3938814511806874,-0.41807308007875,-0.4140393356054125,2.3468993391145916,-0.5038081281295678,-0.37267799624996495,-0.38111861230861543,-0.3333333333333333,-1.5137207271672786,-1.6175367964515768
-0.7436508039994689,-0.29597885723635886,0.20106761641897924,-0.5147993836026827,0.7007158932299589,0.08775084940491094,-0.0032519978375658088,-0.5981748516876675,-0.7714828907928264,0.0,0.6569354959279149,-0.41807308007875,2.41522945769824,-0.4260941163233985,-0.5038081281295678,-0.37267799624996495,-0.38111861230861543,-0.3333333333333333,0.11851225466619597,0.4733052847072308
0.5519447893707109,0.6557962915236982,-0.4288290233653988,-0.2249901534954017,0.295278482590736,0.01087510526813013,-0.7166201858996271,0.9219802466095038,1.0234187277275504,0.0,0.22110450348382885,-0.41807308007875,-0.4140393356054125,2.3468993391145916,-0.5038081281295678,-0.37267799624996495,-0.38111861230861543,-0.3333333333333333,-0.9008748864045241,0.1226142978964102
-1.175516001789529,0.6557962915236982,0.12233053644593057,1.1043521846053872,0.24991485622550808,-0.3222531193245881,0.9988604568210445,-0.5348350559252854,-0.018782212058474846,0.0,0.22110450348382885,-0.41807308007875,-0.4140393356054125,-0.4260941163233985,1.9848826252815504,-0.37267799624996495,-0.38111861230861543,-0.3333333333333333,0.6473931314282738,-0.1611144510025469
1.4156751849508307,1.6075714402837553,0.39791031635159807,-0.35099416658552385,-0.22559315585286155,-0.09162588691424474,0.879965758810701,-1.1048932177867246,-0.5398826819514875,0.0,0.22110450348382885,-0.41807308007875,2.41522945769824,-0.4260941163233985,-0.5038081281295678,-0.37267799624996495,-0.38111861230861543,-0.3333333333333333,1.3407366329907846,-0.3023174309471302
0.12007959158065092,-0.29597885723635886,1.3821238160146923,1.7516978018558895,0.5966225720168918,1.292137507547815,0.23453739818312166,-0.15479628135099252,-0.7714828907928264,0.0,0.22110450348382885,-0.41807308007875,-0.4140393356054125,-0.4260941163233985,-0.5038081281295678,2.6832815729997477,-0.38111861230861543,-0.3333333333333333,-0.0741045016407711,1.4375425232360222
0.5519447893707109,-1.247754005996416,0.4766473963246467,0.1703474375748565,0.9656070686126286,0.3440033298608479,-0.5128007035961808,0.6686210635599753,-0.2503824208998138,0.0,0.6569354959279149,2.3919263106144877,-0.4140393356054125,-0.4260941163233985,-0.5038081281295678,-0.37267799624996495,-0.38111861230861543,-0.3333333333333333,-0.7591488680668856,0.9136168092148381
0.12007959158065092,-0.29597885723635886,0.3191732363785494,-0.1919141000592447,0.785772692664761,0.19025184158728584,-1.4979282013961703,1.935416978807618,-0.2503824208998138,0.0,0.6569354959279149,2.3919263106144877,-0.4140393356054125,-0.4260941163233985,-0.5038081281295678,-0.37267799624996495,-0.38111861230861543,-0.3333333333333333,-1.3090129710813352,0.6287867909967257
0.9838099871607708,-0.29597885723635886,-0.4681975633519259,-1.1259188470897752,-1.8821755829401972,-0.6810065919628997,-0.47883078987893957,-0.9782136262619603,-0.5398826819514875,0.0,-1.9580504587366014,-0.41807308007875,2.41522945769824,-0.4260941163233985,-0.5038081281295678,-0.37267799624996495,-0.38111861230861543,-0.3333333333333333,0.16098671887747656,-1.465510997335983
-0.7436508039994689,-0.29597885723635886,-0.4681975633519259,-0.9447880782727246,-0.5151913063094495,-0.6810065919628997,0.9648905431038036,-0.09145648558861039,-1.2925833606858395,0.0,-0.21472648896025723,-0.41807308007875,-0.4140393356054125,2.3468993391145916,-0.5038081281295678,-0.37267799624996495,-0.38111861230861543,-0.3333333333333333,0.24262594879006644,-0.8033253506886485
0.5519447893707109,0.6557962915236982,-2.0232548928196104,-1.6787614545226863,-2.0437835018663213,-1.7060165137866476,-2.3132061306099545,1.492038408470943,-1.2925833606858395,0.0,-2.3938814511806874,-0.41807308007875,2.41522945769824,-0.4260941163233985,-0.5038081281295678,-0.37267799624996495,-0.38111861230861543,-0.3333333333333333,-1.5131930940714862,-1.6029101677356676
0.9838099871607708,-1.247754005996416,-0.2713548634193071,-1.062916840544714,0.5492337837603591,-0.5528803517349312,-0.19008652328239103,-1.1048932177867246,-0.018782212058474846,0.0,1.092766488372001,-0.41807308007875,-0.4140393356054125,2.3468993391145916,-0.5038081281295678,-0.37267799624996495,-0.38111861230861543,-0.3333333333333333,0.5215862517732416,-0.17901640657284087
0.12007959158065092,-0.29597885723635886,0.35854177636507656,-0.13993744465956937,0.8108847001169408,-0.11725113495983835,0.879965758810701,-1.1048932177867246,-0.5398826819514875,0.0,0.6569354959279149,-0.41807308007875,-0.4140393356054125,2.3468993391145916,-0.5038081281295678,-0.37267799624996495,-0.38111861230861543,-0.3333333333333333,1.3407366329907846,0.3622416409570048
-1.6073811995795888,0.6557962915236982,-0.11388070347320978,0.288476199846846,0.5723206293212342,-0.47600460759815016,0.4553418373451884,-0.7248544432124318,-1.0609831518445,0.0,0.6569354959279149,-0.41807308007875,-0.4140393356054125,-0.4260941163233985,-0.5038081281295678,-0.37267799624996495,2.62385506166316,-0.3333333333333333,0.5200565591846,-0.10117755185081218
-1.6073811995795888,-0.29597885723635886,-0.3107234034058286,1.3484849599674988,0.39937180380380305,1.9071434606420636,-1.2091839347996216,2.442135344906675,0.5023182578345381,0.0,0.22110450348382885,2.3919263106144877,-0.4140393356054125,-0.4260941163233985,-0.5038081281295678,-0.37267799624996495,-0.38111861230861543,-0.3333333333333333,-1.2814114127055838,1.7169199924975116
-1.175516001789529,-1.7236415803764444,1.3821238160146923,-0.04543443484197775,0.3880308972124963,2.0865201969612195,-0.2580263507168734,-0.09145648558861039,1.5445191976205634,0.0,0.22110450348382885,-0.41807308007875,-0.4140393356054125,-0.4260941163233985,-0.5038081281295678,-0.37267799624996495,2.62385506166316,-0.3333333333333333,-0.35311978300451036,1.8458223004778502
0.5519447893707109,0.6557962915236982,-1.649253762947639,2.2352382020892336,1.2527750247996507,-1.244762048965961,-0.3259661781513552,1.428698612708561,0.5023182578345381,0.0,0.6569354959279149,-0.41807308007875,-0.4140393356054125,2.3468993391145916,-0.5038081281295678,-0.37267799624996495,-0.38111861230861543,-0.3333333333333333,-0.8826715445996898,-0.5460523819854944
1.4156751849508307,1.6075714402837553,0.949069876162933,-0.476998179675646,0.542348233329923,2.317147429371562,0.8120259313762187,-1.2315728093114888,0.2707180489931989,0.0,0.6569354959279149,-0.41807308007875,-0.4140393356054125,-0.4260941163233985,-0.5038081281295678,2.6832815729997477,-0.38111861230861543,-0.3333333333333333,1.525770601886078,2.2459438239703022
0.5519447893707109,0.6557962915236982,0.594753016284217,0.12309593266606068,0.9404950611604488,-0.3478783673701817,0.4553418373451884,-1.1048932177867246,-1.0609831518445,0.0,0.6569354959279149,-0.41807308007875,-0.4140393356054125,-0.4260941163233985,-0.5038081281295678,2.6832815729997477,-0.38111861230861543,-0.3333333333333333,1.015676957904458,0.2241557595163526
-0.31178560620940904,-0.29597885723635886,1.77580921587993,0.6428624866628145,0.29487345021247496,1.2665122595022213,2.2897171780762027,-1.4849319923610174,0.2707180489931989,0.0,0.22110450348382885,-0.41807308007875,-0.4140393356054125,-0.4260941163233985,-0.5038081281295678,2.6832815729997477,-0.38111861230861543,-0.3333333333333333,3.5688729513097868,1.0900857239084676
-0.7436508039994689,-0.29597885723635886,0.5160159363111683,-1.0188154359631714,0.5690803702951461,-0.014750142777463475,0.2854922687589833,-1.294912605073871,0.7918185188862118,0.0,1.092766488372001,-0.41807308007875,-0.4140393356054125,-0.4260941163233985,1.9848826252815504,-0.37267799624996495,-0.38111861230861543,-0.3333333333333333,1.207072094595287,0.2911148328612079
1.4156751849508307,1.6075714402837553,-0.23198632343277997,1.3059586055495822,0.3714245697037967,-0.5272551036893376,-0.4618458330203194,1.1753394296590325,-0.7714828907928264,0.0,0.22110450348382885,-0.41807308007875,-0.4140393356054125,-0.4260941163233985,-0.5038081281295678,2.6832815729997477,-0.38111861230861543,-0.3333333333333333,-0.8712944559716683,-0.2517476501422348
-0.7436508039994689,-0.29597885723635886,-2.0232548928196104,-1.7134125581224697,-2.1057534557402486,-2.090395234470553,-0.2580263507168734,-1.294912605073871,0.7918185188862118,0.0,-1.9580504587366014,-0.41807308007875,-0.4140393356054125,2.3468993391145916,-0.5038081281295678,-0.37267799624996495,-0.38111861230861543,-0.3333333333333333,0.7410665443915289,-1.6284672109008953
0.5519447893707109,0.6557962915236982,1.5395979759607896,0.32312730344662943,0.11139378286025879,0.39525382595203556,1.4404693351451774,-1.4215921965986353,-0.018782212058474846,0.0,0.22110450348382885,-0.41807308007875,-0.4140393356054125,-0.4260941163233985,-0.5038081281295678,2.6832815729997477,-0.38111861230861543,-0.3333333333333333,2.544305412571288,0.2694945110552598
-1.175516001789529,-0.29597885723635886,1.145912576095552,0.17507258806573603,0.1563523768472257,1.035885027091878,-0.5977254878892833,1.3653588169461788,-0.018782212058474846,0.0,0.22110450348382885,-0.41807308007875,-0.4140393356054125,-0.4260941163233985,1.9848826252815504,-0.37267799624996495,-0.38111861230861543,-0.3333333333333333,-0.9560282951564847,0.7727207922701345
-0.31178560620940904,-1.247754005996416,-0.3894604833788773,2.2352382020892336,1.2313083087518195,-0.3735036154157753,0.16659757074863926,-0.02811668982622825,-0.5398826819514875,0.0,0.6569354959279149,2.3919263106144877,-0.4140393356054125,-0.4260941163233985,-0.5038081281295678,-0.37267799624996495,-0.38111861230861543,-0.3333333333333333,-0.1828541818805049,0.36750115132607464
-0.7436508039994689,-0.29597885723635886,0.04359345647288752,0.49165767095466806,0.20293110034723635,0.44650432204322277,-1.2431538485168627,2.442135344906675,0.2707180489931989,0.0,0.22110450348382885,-0.41807308007875,-0.4140393356054125,-0.4260941163233985,1.9848826252815504,-0.37267799624996495,-0.38111861230861543,-0.3333333333333333,-1.2900796707078857,0.38193790602143934
0.9838099871607708,-0.29597885723635886,-1.2161998230958742,-0.8817860717276634,0.7331184834908359,0.7027568024991597,-0.6316954016065245,1.2386792254214145,-0.5398826819514875,0.0,0.6569354959279149,2.3919263106144877,-0.4140393356054125,-0.4260941163233985,-0.5038081281295678,-0.37267799624996495,-0.38111861230861543,-0.3333333333333333,-0.9414823411999235,1.0527754788715635
-0.7436508039994689,-0.29597885723635886,1.1852811160820733,-0.410846072803332,0.571105532186451,1.804642468459689,0.14961261389001912,0.3519220847480646,0.7918185188862118,0.0,0.6569354959279149,2.3919263106144877,-0.4140393356054125,-0.4260941163233985,-0.5038081281295678,-0.37267799624996495,-0.38111861230861543,-0.3333333333333333,-0.379402682936624,1.8479963580130792
-1.175516001789529,0.6557962915236982,-0.11388070347320978,0.288476199846846,0.5723206293212342,-0.47600460759815016,-0.22405643699963193,0.09856290169853603,-0.5398826819514875,0.0,0.6569354959279149,-0.41807308007875,-0.4140393356054125,-0.4260941163233985,-0.5038081281295678,-0.37267799624996495,2.62385506166316,-0.3333333333333333,-0.4295245252027508,-0.10117755185081218
0.12007959158065092,1.6075714402837553,-0.2713548634193071,-0.9621136300726164,-1.8262811147401847,-0.2710026232334007,-0.6486803584651449,1.2386792254214145,-0.018782212058474846,0.0,-1.9580504587366014,-0.41807308007875,-0.4140393356054125,2.3468993391145916,-0.5038081281295678,-0.37267799624996495,-0.38111861230861543,-0.3333333333333333,-0.947083369447565,-1.3875993575727459
-0.7436508039994689,-0.29597885723635886,0.7128586362437871,0.7263401453350207,0.467417243351645,1.18963651536544,0.4723267942038085,-0.2814758728757568,-2.1031840916305256,0.0,0.22110450348382885,-0.41807308007875,-0.4140393356054125,-0.4260941163233985,-0.5038081281295678,-0.37267799624996495,-0.38111861230861543,2.9999999999999996,0.13405169279227444,1.2128297844891616
-1.175516001789529,0.6557962915236982,1.4214923560012194,0.3010766011558584,0.14501147025591893,1.3433880036390022,2.408611876086547,-1.2315728093114888,-0.018782212058474846,0.0,0.22110450348382885,-0.41807308007875,-0.4140393356054125,-0.4260941163233985,1.9848826252815504,-0.37267799624996495,-0.38111861230861543,-0.3333333333333333,2.842012240081789,0.9842404511561936
-1.175516001789529,-0.29597885723635886,0.4372788563381252,-0.08481068893264092,0.8376168370821644,0.2671275857240671,1.0158454136796646,-1.1048932177867246,-1.0609831518445,0.0,0.6569354959279149,-0.41807308007875,-0.4140393356054125,-0.4260941163233985,1.9848826252815504,-0.37267799624996495,-0.38111861230861543,-0.3333333333333333,1.4447557290184088,0.7396447378913631
-0.7436508039994689,-0.29597885723635886,0.24043615640550636,0.35305325655553355,-0.12474009366588204,-0.21975212714221323,-0.8015449701927295,0.8586404508471217,-0.018782212058474846,0.0,-0.21472648896025723,-0.41807308007875,-0.4140393356054125,-0.4260941163233985,-0.5038081281295678,-0.37267799624996495,-0.38111861230861543,2.9999999999999996,-0.9166099784731097,-0.3176972266111974
0.5519447893707109,-1.247754005996416,0.4372788563381252,-0.08481068893264092,0.8376168370821644,0.2671275857240671,0.9988604568210445,-1.0415534220243425,-1.2925833606858395,0.0,0.6569354959279149,-0.41807308007875,-0.4140393356054125,-0.4260941163233985,1.9848826252815504,-0.37267799624996495,-0.38111861230861543,-0.3333333333333333,1.3205605152268056,0.7396447378913631
-1.6073811995795888,-0.29597885723635886,0.39791031635159807,-0.2360155046407874,-0.40947785558333855,0.8308830427271282,0.761071060800357,-0.851534034737196,0.7918185188862118,0.0,-0.21472648896025723,-0.41807308007875,-0.4140393356054125,-0.4260941163233985,-0.5038081281295678,-0.37267799624996495,2.62385506166316,-0.3333333333333333,0.8694001041156106,0.08844963246651921
0.9838099871607708,1.6075714402837553,0.7128586362437871,1.0901767331327483,-0.48805413696596517,0.5490053142255976,1.355544550852075,-1.0415534220243425,0.7918185188862118,0.0,-0.21472648896025723,-0.41807308007875,-0.4140393356054125,-0.4260941163233985,-0.5038081281295678,-0.37267799624996495,2.62385506166316,-0.3333333333333333,1.5841951206761296,-0.13579791493000842
-0.7436508039994689,0.6557962915236982,0.8703327961898844,0.6003361322448986,0.7181322854951806,-0.19412687909661963,-0.2919962644341143,-0.09145648558861039,-0.5398826819514875,0.0,0.6569354959279149,2.3919263106144877,-0.4140393356054125,-0.4260941163233985,-0.5038081281295678,-0.37267799624996495,-0.38111861230861543,-0.3333333333333333,-0.3696682755543598,0.2321969242863926
-0.31178560620940904,-0.29597885723635886,0.5160159363111683,0.0663941267755058,0.9145729889517472,-0.014750142777463475,0.13262765703139837,-0.21813607711337465,-1.2925833606858395,0.0,0.6569354959279149,-0.41807308007875,-0.4140393356054125,-0.4260941163233985,-0.5038081281295678,-0.37267799624996495,-0.38111861230861543,2.9999999999999996,-0.08519180838790173,0.5286598908298364
0.9838099871607708,0.6557962915236982,0.1616990764324577,-0.9873144326906408,0.5864967625603678,0.5746305622711912,-0.47883078987893957,-0.02811668982622825,-0.018782212058474846,0.0,1.092766488372001,-0.41807308007875,2.41522945769824,-0.4260941163233985,-0.5038081281295678,-0.37267799624996495,-0.38111861230861543,-0.3333333333333333,-0.4902883990288171,0.809746226276222
1.4156751849508307,1.6075714402837553,1.3821238160146923,1.7516978018558895,0.5966225720168918,1.292137507547815,0.8459958450934596,-0.4081554644005211,1.5445191976205634,0.0,0.22110450348382885,-0.41807308007875,-0.4140393356054125,-0.4260941163233985,-0.5038081281295678,2.6832815729997477,-0.38111861230861543,-0.3333333333333333,0.4382376171357214,1.4375425232360222
-0.31178560620940904,-1.247754005996416,-1.45241106301502,-0.9290375766364593,-1.8125100138793118,-0.9885095685100241,-1.3450635896685856,0.09856290169853603,1.0234187277275504,0.0,-1.9580504587366014,-0.41807308007875,2.41522945769824,-0.4260941163233985,-0.5038081281295678,-0.37267799624996495,-0.38111861230861543,-0.3333333333333333,-0.940767316317246,-1.4711819014162317
-0.31178560620940904,1.6075714402837553,-1.6098852229611118,-1.3747767729427667,-1.970877673779348,-1.2191368009203676,-0.8355148839099704,-0.34481566863813895,-0.5398826819514875,0.0,-1.9580504587366014,-0.41807308007875,2.41522945769824,-0.4260941163233985,-0.5038081281295678,-0.37267799624996495,-0.38111861230861543,-0.3333333333333333,-0.518604708503004,-1.5514764601372968
0.5519447893707109,0.6557962915236982,-1.3343054430554444,-1.3590262713065013,-2.0644401531576304,-1.321637793102742,-1.362048546527206,1.2386792254214145,-0.5398826819514875,0.0,-1.5222194662925155,-0.41807308007875,2.41522945769824,-0.4260941163233985,-0.5038081281295678,-0.37267799624996495,-0.38111861230861543,-0.3333333333333333,-1.1823265558485003,-1.586713913783261
1.4156751849508307,1.6075714402837553,1.3821238160146923,1.7516978018558895,0.5966225720168918,1.292137507547815,1.457454292003798,-1.1048932177867246,0.5023182578345381,0.0,0.22110450348382885,-0.41807308007875,-0.4140393356054125,-0.4260941163233985,-0.5038081281295678,2.6832815729997477,-0.38111861230861543,-0.3333333333333333,1.7828177911081884,1.4375425232360222
-1.175516001789529,0.6557962915236982,0.12233053644593057,-0.04385938467835109,0.8615137473995611,-0.6810065919628997,0.06468782959691659,-0.02811668982622825,-1.0609831518445,0.0,0.6569354959279149,-0.41807308007875,2.41522945769824,-0.4260941163233985,-0.5038081281295678,-0.37267799624996495,-0.38111861230861543,-0.3333333333333333,-0.23139642669339605,-0.13643082833182188
0.9838099871607708,-0.29597885723635886,-2.0232548928196104,-1.6015839965049863,-1.9967997459880495,-1.2191368009203676,-1.9395370797203035,1.6820577957580896,1.3129189887792243,0.0,-2.3938814511806874,-0.41807308007875,2.41522945769824,-0.4260941163233985,-0.5038081281295678,-0.37267799624996495,-0.38111861230861543,-0.3333333333333333,-1.4136023472406898,-1.5597802839690893
0.5519447893707109,0.6557962915236982,-0.35009194339235017,-0.2816919593859568,-1.025532102918262,-0.3478783673701817,0.3024772256176035,-1.2315728093114888,0.5023182578345381,0.0,-0.6505574814043433,-0.41807308007875,2.41522945769824,-0.4260941163233985,-0.5038081281295678,-0.37267799624996495,-0.38111861230861543,-0.3333333333333333,1.1056934833129788,-0.9279048601346014
-0.31178560620940904,-1.247754005996416,0.6734900962572655,-0.11631169220517146,-0.9501960805617232,0.49775481813441047,1.2706197665589722,-0.5981748516876675,-0.7714828907928264,0.0,-0.6505574814043433,-0.41807308007875,-0.4140393356054125,-0.4260941163233985,-0.5038081281295678,2.6832815729997477,-0.38111861230861543,-0.3333333333333333,0.8769848298676249,-0.5530270876734787
-1.6073811995795888,-0.29597885723635886,-0.6650402632845448,-0.4265965744395973,0.6602126554038626,-0.8091328321908682,0.01373295902105494,0.47860167627282885,-1.0609831518445,0.0,0.6569354959279149,-0.41807308007875,-0.4140393356054125,-0.4260941163233985,1.9848826252815504,-0.37267799624996495,-0.38111861230861543,-0.3333333333333333,-0.48769337336271934,-0.34696630687806107
1.4156751849508307,1.6075714402837553,-0.35009194339235017,-0.34154386560376476,-1.0550994665313123,-0.6297560958717123,-0.5977254878892833,0.03522310593615389,-1.0609831518445,0.0,-0.6505574814043433,-0.41807308007875,-0.4140393356054125,-0.4260941163233985,1.9848826252815504,-0.37267799624996495,-0.38111861230861543,-0.3333333333333333,-0.5740061835611951,-1.04645903399529
-0.31178560620940904,0.6557962915236982,-2.0232548928196104,-1.7338882102496147,-1.5387081261749014,-2.269771970789709,-2.330191087468575,2.442135344906675,-1.813683830578852,0.0,-2.8297124436247736,-0.41807308007875,-0.4140393356054125,-0.4260941163233985,1.9848826252815504,-0.37267799624996495,-0.38111861230861543,-0.3333333333333333,-1.567463926781551,-1.635422929186825
0.9838099871607708,-0.29597885723635886,-2.0232548928196104,-0.8581603192732655,0.4629618871907743,-1.7828922579234285,0.387402009910706,1.6187179999957073,1.5445191976205634,0.0,0.22110450348382885,-0.41807308007875,-0.4140393356054125,-0.4260941163233985,1.9848826252815504,-0.37267799624996495,-0.38111861230861543,-0.3333333333333333,-0.7057658284682016,-1.2352191269521369
-0.7436508039994689,-0.29597885723635886,-1.2555683630824013,-1.346425869997489,-1.95913173480978,-1.2960125450571485,-0.5297856604548012,-1.1048932177867246,2.065619667513576,0.0,-1.9580504587366014,-0.41807308007875,-0.4140393356054125,-0.4260941163233985,-0.5038081281295678,-0.37267799624996495,2.62385506166316,-0.3333333333333333,0.26153851170417997,-1.554131531857904
1.4156751849508307,1.6075714402837553,-2.0232548928196104,-1.2345973083800057,0.45729143389512095,-1.501014529421898,0.030717915879675692,-0.7881942389748139,-0.018782212058474846,0.0,1.092766488372001,-0.41807308007875,2.41522945769824,-0.4260941163233985,-0.5038081281295678,-0.37267799624996495,-0.38111861230861543,-0.3333333333333333,0.31433608317274725,-1.0048513069600729
-0.7436508039994689,-0.29597885723635886,0.12233053644593057,2.161210844398787,0.8202004448169428,-0.6553813439173061,-0.3599360918685961,0.7319608593223574,-0.5398826819514875,0.0,0.22110450348382885,-0.41807308007875,-0.4140393356054125,-0.4260941163233985,-0.5038081281295678,2.6832815729997477,-0.38111861230861543,-0.3333333333333333,-0.719799538977488,-0.13258904398281435
-0.31178560620940904,-0.29597885723635886,0.3191732363785494,-0.1919141000592447,0.785772692664761,0.19025184158728584,-0.5977254878892833,0.541941472035211,1.3129189887792243,0.0,0.6569354959279149,2.3919263106144877,-0.4140393356054125,-0.4260941163233985,-0.5038081281295678,-0.37267799624996495,-0.38111861230861543,-0.3333333333333333,-0.7545739541212261,0.6287867909967257
0.5519447893707109,-1.247754005996416,0.08296199645940905,0.29792650082860506,1.0360827024300359,-0.3478783673701817,0.2854922687589833,-0.4714952601629032,-1.2925833606858395,0.0,0.6569354959279149,-0.41807308007875,2.41522945769824,-0.4260941163233985,-0.5038081281295678,-0.37267799624996495,-0.38111861230861543,-0.3333333333333333,0.18078684505115578,0.280168595576844
0.5519447893707109,0.6557962915236982,1.8939148358395002,1.1012020842781338,0.4856437003733883,1.3946384997301897,2.442581789803787,-1.1682330135491068,-0.7714828907928264,0.0,0.22110450348382885,-0.41807308007875,-0.4140393356054125,-0.4260941163233985,-0.5038081281295678,-0.37267799624996495,2.62385506166316,-0.3333333333333333,2.697319010351054,1.4019791191881241
-0.31178560620940904,0.6557962915236982,0.2798046963920279,1.4492881704395961,0.45850653102990363,-0.19412687909661963,-1.4469733308203088,1.935416978807618,-1.813683830578852,0.0,0.22110450348382885,-0.41807308007875,-0.4140393356054125,-0.4260941163233985,1.9848826252815504,-0.37267799624996495,-0.38111861230861543,-0.3333333333333333,-1.2946419117617287,0.06788944060860883
-1.175516001789529,-1.7236415803764444,0.4766473963246467,0.15617198610221766,0.4986047364777388,-0.06600063886865114,-0.12214669584790924,0.09856290169853603,-1.2925833606858395,0.0,0.6569354959279149,-0.41807308007875,-0.4140393356054125,2.3468993391145916,-0.5038081281295678,-0.37267799624996495,-0.38111861230861543,-0.3333333333333333,-0.38304790782870596,0.19997530300006908
-1.175516001789529,-0.29597885723635886,1.264018196055122,0.44440616604587224,0.5581444960821005,2.317147429371562,1.7461985586003466,-0.9148738304995782,0.5023182578345381,0.0,0.22110450348382885,-0.41807308007875,-0.4140393356054125,-0.4260941163233985,-0.5038081281295678,-0.37267799624996495,-0.38111861230861543,2.9999999999999996,1.6364360793596362,2.268035666260601
0.5519447893707109,-0.29597885723635886,-2.0232548928196104,-1.681911554849939,-2.1057534557402486,-1.7828922579234285,-2.347176044327196,2.062096570332382,0.7918185188862118,0.0,-2.3938814511806874,-0.41807308007875,-0.4140393356054125,-0.4260941163233985,-0.5038081281295678,-0.37267799624996495,2.62385506166316,-0.3333333333333333,-1.5547949343166483,-1.6165431224107296
0.5519447893707109,0.6557962915236982,0.3191732363785494,0.0002420199031916207,0.41638316369076367,0.19025184158728584,-0.393906005585837,0.16190269746091818,-1.813683830578852,0.0,0.22110450348382885,-0.41807308007875,-0.4140393356054125,-0.4260941163233985,-0.5038081281295678,-0.37267799624996495,-0.38111861230861543,2.9999999999999996,-0.5337741600070323,0.3517226202188648
1.8475403827408907,2.083459014663784,-2.0232548928196104,-0.9904645330178939,-0.963562149044335,-1.2703872970115546,-0.15611660956515014,-0.15479628135099252,-0.7714828907928264,0.0,-0.21472648896025723,-0.41807308007875,-0.4140393356054125,-0.4260941163233985,-0.5038081281295678,-0.37267799624996495,2.62385506166316,-0.3333333333333333,-0.26883792559946357,-1.248630561936564
-1.175516001789529,-0.29597885723635886,-2.0232548928196104,-0.6360782462019253,0.4617467900559912,-2.064769986424959,0.6251914059313934,-0.4081554644005211,-0.2503824208998138,0.0,0.6569354959279149,-0.41807308007875,2.41522945769824,-0.4260941163233985,-0.5038081281295678,-0.37267799624996495,-0.38111861230861543,-0.3333333333333333,0.31688200510349324,-1.4669920146962268
-0.7436508039994689,-0.29597885723635886,0.12233053644593057,0.019142621866709987,0.08790190492112315,0.01087510526813013,-1.3110936759513447,2.442135344906675,2.065619667513576,0.0,0.22110450348382885,2.3919263106144877,-0.4140393356054125,-0.4260941163233985,-0.5038081281295678,-0.37267799624996495,-0.38111861230861543,-0.3333333333333333,-1.3074161867124898,-0.021588691572769346
1.4156751849508307,1.6075714402837553,0.04359345647288752,0.49165767095466806,0.20293110034723635,0.44650432204322277,0.11564270017277824,-0.21813607711337465,1.0234187277275504,0.0,0.22110450348382885,-0.41807308007875,-0.4140393356054125,-0.4260941163233985,1.9848826252815504,-0.37267799624996495,-0.38111861230861543,-0.3333333333333333,-0.09386006639020374,0.38193790602143934
-0.7436508039994689,-0.29597885723635886,0.1616990764324577,-1.1873458034712099,-1.9056674608793331,-0.2710026232334007,-0.6316954016065245,-1.1048932177867246,0.5023182578345381,0.0,-1.9580504587366014,-0.41807308007875,-0.4140393356054125,2.3468993391145916,-0.5038081281295678,-0.37267799624996495,-0.38111861230861543,-0.3333333333333333,0.18352418968346149,-1.435979258007367
-0.7436508039994689,-0.29597885723635886,0.4372788563381252,0.20342349101101345,0.5241217763081797,-0.09162588691424474,0.6082064490727728,-0.15479628135099252,0.7918185188862118,0.0,0.6569354959279149,-0.41807308007875,-0.4140393356054125,-0.4260941163233985,1.9848826252815504,-0.37267799624996495,-0.38111861230861543,-0.3333333333333333,0.11216225171102169,0.19557971942447505
-0.31178560620940904,-1.247754005996416,0.4766473963246467,0.1703474375748565,0.9656070686126286,0.3440033298608479,-0.2750113075754936,0.03522310593615389,-0.018782212058474846,0.0,0.6569354959279149,2.3919263106144877,-0.4140393356054125,-0.4260941163233985,-0.5038081281295678,-0.37267799624996495,-0.38111861230861543,-0.3333333333333333,-0.42363075126039024,0.9136168092148381
1.4156751849508307,1.6075714402837553,0.35854177636507656,-0.4628227282030074,-0.28553794783548403,0.7796325466359411,0.20056748446588077,-0.6615146474500496,0.2707180489931989,0.0,0.22110450348382885,-0.41807308007875,-0.4140393356054125,2.3468993391145916,-0.5038081281295678,-0.37267799624996495,-0.38111861230861543,-0.3333333333333333,0.2979451953138486,0.1751904141850543
0.5519447893707109,-1.247754005996416,0.5553844762976954,0.8334435564616243,0.09924281151242992,0.01087510526813013,1.2536348097003522,-0.34481566863813895,-0.5398826819514875,0.0,-0.21472648896025723,-0.41807308007875,-0.4140393356054125,-0.4260941163233985,-0.5038081281295678,-0.37267799624996495,2.62385506166316,-0.3333333333333333,0.6009008124943049,-0.013702590586173588
0.5519447893707109,-1.247754005996416,0.4766473963246467,0.1703474375748565,0.9656070686126286,0.3440033298608479,0.13262765703139837,-0.34481566863813895,-0.7714828907928264,0.0,0.6569354959279149,2.3919263106144877,-0.4140393356054125,-0.4260941163233985,-0.5038081281295678,-0.37267799624996495,-0.38111861230861543,-0.3333333333333333,0.0001905329347733796,0.9136168092148381
-1.175516001789529,0.6557962915236982,0.5160159363111683,-1.0188154359631714,0.5690803702951461,-0.014750142777463475,-0.5977254878892833,-0.5981748516876675,-1.813683830578852,0.0,1.092766488372001,-0.41807308007875,-0.4140393356054125,-0.4260941163233985,1.9848826252815504,-0.37267799624996495,-0.38111861230861543,-0.3333333333333333,-0.235441613761137,0.2911148328612079
0.9838099871607708,-0.29597885723635886,0.12233053644593057,-0.11001149155066527,-0.3094348581528809,0.036500353313723734,0.8969507156693213,-0.7881942389748139,-1.2925833606858395,0.0,-0.21472648896025723,-0.41807308007875,-0.4140393356054125,2.3468993391145916,-0.5038081281295678,-0.37267799624996495,-0.38111861230861543,-0.3333333333333333,0.8769848298676249,-0.2828553438413665
-1.175516001789529,-1.7236415803764444,0.12233053644593057,2.161210844398787,0.8202004448169428,-0.6553813439173061,0.2515223550417418,0.7319608593223574,-1.0609831518445,0.0,0.22110450348382885,-0.41807308007875,-0.4140393356054125,-0.4260941163233985,-0.5038081281295678,2.6832815729997477,-0.38111861230861543,-0.3333333333333333,-0.48986258986379183,-0.13258904398281435
-0.31178560620940904,0.6557962915236982,-1.0587256631497823,-0.3053177118403547,0.6423912307603804,-0.4503793595525566,-0.2580263507168734,0.7319608593223574,0.7918185188862118,0.0,0.6569354959279149,-0.41807308007875,2.41522945769824,-0.4260941163233985,-0.5038081281295678,-0.37267799624996495,-0.38111861230861543,-0.3333333333333333,-0.6814767141252056,-0.04038938417363819
-1.175516001789529,-0.29597885723635886,-1.3343054430554444,-0.4155712232942116,0.7039561522560469,-1.321637793102742,0.4893117510624293,-0.6615146474500496,-1.0609831518445,0.0,0.6569354959279149,-0.41807308007875,-0.4140393356054125,-0.4260941163233985,-0.5038081281295678,-0.37267799624996495,-0.38111861230861543,2.9999999999999996,0.4747776585608104,-0.7864107400251837
0.5519447893707109,-1.247754005996416,0.12233053644593057,-0.04385938467835109,0.8615137473995611,-0.6810065919628997,0.6931312333658752,-0.6615146474500496,-1.0609831518445,0.0,0.6569354959279149,-0.41807308007875,2.41522945769824,-0.4260941163233985,-0.5038081281295678,-0.37267799624996495,-0.38111861230861543,-0.3333333333333333,0.5996005737939597,-0.13643082833182188
-0.7436508039994689,0.6557962915236982,0.8703327961898844,0.44440616604587224,0.17376876911244735,2.317147429371562,-0.22405643699963193,0.47860167627282885,1.0234187277275504,0.0,0.22110450348382885,-0.41807308007875,-0.4140393356054125,2.3468993391145916,-0.5038081281295678,-0.37267799624996495,-0.38111861230861543,-0.3333333333333333,-0.583861971576938,1.7304675038633286
0.9838099871607708,0.6557962915236982,1.8939148358395002,1.1012020842781338,0.4856437003733883,1.3946384997301897,0.4553418373451884,1.3020190211837968,0.5023182578345381,0.0,0.22110450348382885,-0.41807308007875,-0.4140393356054125,-0.4260941163233985,-0.5038081281295678,-0.37267799624996495,2.62385506166316,-0.3333333333333333,-0.6013471712522507,1.4019791191881241
-0.31178560620940904,-0.29597885723635886,-0.4681975633519259,-0.4454971764031155,0.7468895843517089,-0.6810065919628997,-1.022349409354796,1.8720771830452358,0.5023182578345381,0.0,0.6569354959279149,-0.41807308007875,-0.4140393356054125,-0.4260941163233985,-0.5038081281295678,-0.37267799624996495,-0.38111861230861543,2.9999999999999996,-1.1666436767551047,-0.1919563210729169
-0.31178560620940904,-1.247754005996416,0.8703327961898844,-0.40769597247607897,-0.6330557283833896,0.2671275857240671,1.4064994214279365,-1.0415534220243425,-1.5820836217375132,0.0,-0.21472648896025723,-0.41807308007875,-0.4140393356054125,-0.4260941163233985,-0.5038081281295678,2.6832815729997477,-0.38111861230861543,-0.3333333333333333,1.6218572071688904,-0.3979190002910537
-1.175516001789529,-1.7236415803764444,0.4372788563381252,0.10577038086616897,0.4726826642690373,0.8565082907727218,0.6931312333658752,-0.4714952601629032,0.2707180489931989,0.0,0.6569354959279149,2.3919263106144877,-0.4140393356054125,-0.4260941163233985,-0.5038081281295678,-0.37267799624996495,-0.38111861230861543,-0.3333333333333333,0.410723794164852,0.9435726005226692
0.9838099871607708,1.6075714402837553,-0.03514362350016113,1.1327030875506643,-0.46010690286595884,0.9333840349095031,-1.0733042799306576,2.442135344906675,2.065619667513576,0.0,-0.21472648896025723,-0.41807308007875,-0.4140393356054125,-0.4260941163233985,-0.5038081281295678,-0.37267799624996495,-0.38111861230861543,2.9999999999999996,-1.2467383806963757,0.09599079564912659
-1.6073811995795888,-1.7236415803764444,0.6341215562707441,0.4066049621188355,0.6282150975212467,0.08775084940491094,1.1007701979727673,-1.1048932177867246,-1.0609831518445,0.0,0.6569354959279149,-0.41807308007875,-0.4140393356054125,-0.4260941163233985,-0.5038081281295678,2.6832815729997477,-0.38111861230861543,-0.3333333333333333,1.5097676640356743,0.42119119520191023
-0.7436508039994689,-0.29597885723635886,0.20106761641897924,1.0066990744605422,0.6051282519603721,1.2665122595022213,1.3385595939934547,-0.4081554644005211,1.3129189887792243,0.0,0.22110450348382885,-0.41807308007875,-0.4140393356054125,-0.4260941163233985,1.9848826252815504,-0.37267799624996495,-0.38111861230861543,-0.3333333333333333,0.7089539824383855,1.4246057733029553
0.5519447893707109,-0.29597885723635886,-0.19261778344625843,-1.0912677434899918,-1.8708346763488906,-0.24537737518780683,-0.9544095819203139,-0.15479628135099252,-1.813683830578852,0.0,-1.9580504587366014,-0.41807308007875,-0.4140393356054125,2.3468993391145916,-0.5038081281295678,-0.37267799624996495,-0.38111861230861543,-0.3333333333333333,-0.6667714441237481,-1.4119222196044372
0.12007959158065092,1.6075714402837553,0.12233053644593057,1.1043521846053872,0.24991485622550808,-0.3222531193245881,0.913935672527942,-0.7248544432124318,-0.2503824208998138,0.0,0.22110450348382885,-0.41807308007875,-0.4140393356054125,-0.4260941163233985,1.9848826252815504,-0.37267799624996495,-0.38111861230861543,-0.3333333333333333,0.8091684584378503,-0.1611144510025469
0.5519447893707109,-0.29597885723635886,1.5395979759607896,0.32312730344662943,0.11139378286025879,0.39525382595203556,0.23453739818312166,-0.21813607711337465,-0.018782212058474846,0.0,0.22110450348382885,-0.41807308007875,-0.4140393356054125,-0.4260941163233985,-0.5038081281295678,2.6832815729997477,-0.38111861230861543,-0.3333333333333333,-0.03318226037408945,0.2694945110552598
0.5519447893707109,0.6557962915236982,-2.0232548928196104,-0.6360782462019253,0.4617467900559912,-2.064769986424959,-0.3259661781513552,1.7453975915204716,1.5445191976205634,0.0,0.22110450348382885,2.3919263106144877,-0.4140393356054125,-0.4260941163233985,-0.5038081281295678,-0.37267799624996495,-0.38111861230861543,-0.3333333333333333,-0.9450117562600812,-1.4669920146962268
0.5519447893707109,-1.247754005996416,-0.3894604833788773,-0.4801482800028991,0.724612803547356,-0.6553813439173061,-0.12214669584790924,1.1119996338966502,0.2707180489931989,0.0,0.6569354959279149,-0.41807308007875,-0.4140393356054125,-0.4260941163233985,-0.5038081281295678,-0.37267799624996495,2.62385506166316,-0.3333333333333333,-0.7410899972287565,-0.17963982627362693
0.5519447893707109,-1.247754005996416,0.8309642562033629,0.5389091758634639,0.6889699542603911,-0.19412687909661963,1.9160481271865517,-1.294912605073871,-0.7714828907928264,0.0,0.6569354959279149,-0.41807308007875,-0.4140393356054125,2.3468993391145916,-0.5038081281295678,-0.37267799624996495,-0.38111861230861543,-0.3333333333333333,2.6050887452065608,0.21374116948951186
0.9838099871607708,-0.29597885723635886,0.04359345647288752,0.49165767095466806,0.20293110034723635,0.44650432204322277,0.20056748446588077,-0.34481566863813895,0.7918185188862118,0.0,0.22110450348382885,-0.41807308007875,-0.4140393356054125,-0.4260941163233985,1.9848826252815504,-0.37267799624996495,-0.38111861230861543,-0.3333333333333333,0.036597216544442195,0.38193790602143934
-1.175516001789529,0.6557962915236982,1.6577035959203597,-0.17773864858660587,-0.1539024249006715,1.112760771228659,0.8290108882348395,-0.7881942389748139,0.7918185188862118,0.0,0.22110450348382885,-0.41807308007875,-0.4140393356054125,-0.4260941163233985,-0.5038081281295678,-0.37267799624996495,-0.38111861230861543,2.9999999999999996,0.8328555164013601,0.5087484352087843
1.8475403827408907,-0.29597885723635886,0.39791031635159807,-0.30059256134947515,-0.4422854782224764,0.24150233767847348,0.6591613196486343,-1.1048932177867246,0.2707180489931989,0.0,-0.21472648896025723,-0.41807308007875,2.41522945769824,-0.4260941163233985,-0.5038081281295678,-0.37267799624996495,-0.38111861230861543,-0.3333333333333333,1.1717056019458945,-0.2643489559723405
-1.175516001789529,-0.29597885723635886,1.5395979759607896,1.6776704441654426,0.561789787486449,2.317147429371562,2.017957868338275,-1.6116115838857816,0.2707180489931989,0.0,0.22110450348382885,-0.41807308007875,-0.4140393356054125,-0.4260941163233985,-0.5038081281295678,-0.37267799624996495,-0.38111861230861543,2.9999999999999996,3.8137906410475577,2.273133783712208
0.9838099871607708,-0.29597885723635886,-0.4681975633519259,-0.4454971764031155,0.7468895843517089,-0.6810065919628997,-0.5977254878892833,0.7953006550847396,0.2707180489931989,0.0,0.6569354959279149,-0.41807308007875,-0.4140393356054125,-0.4260941163233985,-0.5038081281295678,-0.37267799624996495,-0.38111861230861543,2.9999999999999996,-0.8261784148605487,-0.1919563210729169
-0.7436508039994689,-0.29597885723635886,-2.0232548928196104,-1.6252097489593842,-2.1057534557402486,-1.603515521604273,-1.0563193230720371,0.2252424932233003,-1.2925833606858395,0.0,-2.3938814511806874,-0.41807308007875,-0.4140393356054125,2.3468993391145916,-0.5038081281295678,-0.37267799624996495,-0.38111861230861543,-0.3333333333333333,-0.849236835162239,-1.6095874041247995
-0.31178560620940904,-1.247754005996416,-0.4288290233653988,-0.18246379907748564,0.3236307490690034,-0.6553813439173061,0.4383568804865676,-0.6615146474500496,-1.0609831518445,0.0,0.22110450348382885,-0.41807308007875,-0.4140393356054125,-0.4260941163233985,1.9848826252815504,-0.37267799624996495,-0.38111861230861543,-0.3333333333333333,0.4435719297525231,-0.3770138706291549
0.9838099871607708,-0.29597885723635886,0.20106761641897924,1.0066990744605422,0.6051282519603721,1.2665122595022213,0.5062967079210494,1.8087373872828538,2.065619667513576,0.0,0.22110450348382885,-0.41807308007875,-0.4140393356054125,-0.4260941163233985,1.9848826252815504,-0.37267799624996495,-0.38111861230861543,-0.3333333333333333,-0.7153975928795909,1.4246057733029553
-1.175516001789529,-0.29597885723635886,0.12233053644593057,1.1043521846053872,0.24991485622550808,-0.3222531193245881,0.3364471393348444,0.3519220847480646,-1.0609831518445,0.0,0.22110450348382885,-0.41807308007875,-0.4140393356054125,-0.4260941163233985,1.9848826252815504,-0.37267799624996495,-0.38111861230861543,-0.3333333333333333,-0.3008784633863585,-0.1611144510025469
-1.6073811995795888,-1.247754005996416,-0.11388070347320978,2.2352382020892336,1.108988530517009,-0.4503793595525566,0.5062967079210494,-0.09145648558861039,-0.018782212058474846,0.0,0.6569354959279149,-0.41807308007875,-0.4140393356054125,-0.4260941163233985,1.9848826252815504,-0.37267799624996495,-0.38111861230861543,-0.3333333333333333,0.019221299367100007,0.21844688063199522
-1.6073811995795888,-1.247754005996416,0.4372788563381252,0.20342349101101345,0.5241217763081797,-0.09162588691424474,0.8459958450934596,-0.7881942389748139,1.5445191976205634,0.0,0.6569354959279149,-0.41807308007875,-0.4140393356054125,-0.4260941163233985,1.9848826252815504,-0.37267799624996495,-0.38111861230861543,-0.3333333333333333,0.8438878447679264,0.19557971942447505
-0.31178560620940904,-0.29597885723635886,-0.4288290233653988,-0.2249901534954017,0.295278482590736,0.01087510526813013,-0.08817678213066835,-0.15479628135099252,1.5445191976205634,0.0,0.22110450348382885,-0.41807308007875,-0.4140393356054125,2.3468993391145916,-0.5038081281295678,-0.37267799624996495,-0.38111861230861543,-0.3333333333333333,-0.23497124317186496,0.1226142978964102
-0.31178560620940904,0.6557962915236982,1.5395979759607896,1.6776704441654426,0.561789787486449,2.317147429371562,0.761071060800357,0.28858228898568244,0.7918185188862118,0.0,0.22110450348382885,-0.41807308007875,-0.4140393356054125,-0.4260941163233985,-0.5038081281295678,-0.37267799624996495,-0.38111861230861543,2.9999999999999996,-0.08900584190891472,2.273133783712208
-0.7436508039994689,-0.29597885723635886,-0.07451216348668825,-0.36201951773090957,0.7306882892212705,-0.14287638300543196,0.6591613196486343,0.09856290169853603,-0.018782212058474846,0.0,0.6569354959279149,-0.41807308007875,-0.4140393356054125,-0.4260941163233985,-0.5038081281295678,2.6832815729997477,-0.38111861230861543,-0.3333333333333333,-0.0267271746276942,0.28645342565685183
0.5519447893707109,0.6557962915236982,0.4372788563381252,0.10577038086616897,0.4726826642690373,0.8565082907727218,0.11564270017277824,-0.7248544432124318,1.3129189887792243,0.0,0.6569354959279149,2.3919263106144877,-0.4140393356054125,-0.4260941163233985,-0.5038081281295678,-0.37267799624996495,-0.38111861230861543,-0.3333333333333333,0.3058995967747848,0.9435726005226692
-1.175516001789529,0.6557962915236982,1.0278069561359817,0.9216463656247097,-0.5650102888355479,0.8821335388183159,0.761071060800357,-0.2814758728757568,1.3129189887792243,0.0,-0.21472648896025723,-0.41807308007875,-0.4140393356054125,-0.4260941163233985,1.9848826252815504,-0.37267799624996495,-0.38111861230861543,-0.3333333333333333,0.28500623458846097,-0.03252543515610581
-0.31178560620940904,-1.247754005996416,1.145912576095552,0.09474502972078323,0.1207095275602612,0.5490053142255976,0.4213719236279469,-0.02811668982622825,-0.7714828907928264,0.0,0.22110450348382885,-0.41807308007875,-0.4140393356054125,2.3468993391145916,-0.5038081281295678,-0.37267799624996495,-0.38111861230861543,-0.3333333333333333,-0.061498569848276306,0.3873999486790899
1.4156751849508307,1.6075714402837553,0.12233053644593057,2.161210844398787,0.8202004448169428,-0.6553813439173061,0.2515223550417418,0.7319608593223574,-1.0609831518445,0.0,0.22110450348382885,-0.41807308007875,-0.4140393356054125,-0.4260941163233985,-0.5038081281295678,2.6832815729997477,-0.38111861230861543,-0.3333333333333333,-0.48986258986379183,-0.13258904398281435
1.4156751849508307,1.6075714402837553,-0.7831458832441149,-0.9432130281090981,-1.8189905319314872,0.19025184158728584,-1.2771237622341036,2.442135344906675,-1.2925833606858395,0.0,-1.9580504587366014,-0.41807308007875,-0.4140393356054125,-0.4260941163233985,1.9848826252815504,-0.37267799624996495,-0.38111861230861543,-0.3333333333333333,-1.2987479287101877,-1.3249409307932132
0.9838099871607708,-0.29597885723635886,0.20106761641897924,0.9405469675882282,0.571105532186451,1.2408870114566273,0.8120259313762187,-0.2814758728757568,-1.2925833606858395,0.0,0.22110450348382885,-0.41807308007875,-0.4140393356054125,2.3468993391145916,-0.5038081281295678,-0.37267799624996495,-0.38111861230861543,-0.3333333333333333,0.3116452713760234,1.3660138151300731
-1.175516001789529,-0.29597885723635886,1.460860895987741,0.3829792096644376,0.18227444905592718,2.317147429371562,1.9839879546210342,-1.0415534220243425,-0.2503824208998138,0.0,0.22110450348382885,-0.41807308007875,2.41522945769824,-0.4260941163233985,-0.5038081281295678,-0.37267799624996495,-0.38111861230861543,-0.3333333333333333,2.048694187420178,1.742363111250412
-1.175516001789529,-0.29597885723635886,1.3821238160146923,-0.04543443484197775,0.3880308972124963,2.0865201969612195,0.20056748446588077,-0.2814758728757568,-0.018782212058474846,0.0,0.22110450348382885,-0.41807308007875,-0.4140393356054125,-0.4260941163233985,-0.5038081281295678,-0.37267799624996495,2.62385506166316,-0.3333333333333333,-0.008023170074724825,1.8458223004778502
1.4156751849508307,1.6075714402837553,0.35854177636507656,-0.4628227282030074,-0.28553794783548403,0.7796325466359411,-0.4278759193030785,-0.09145648558861039,-0.018782212058474846,0.0,0.22110450348382885,-0.41807308007875,-0.4140393356054125,2.3468993391145916,-0.5038081281295678,-0.37267799624996495,-0.38111861230861543,-0.3333333333333333,-0.43586224575375726,0.1751904141850543
1.4156751849508307,1.6075714402837553,0.3191732363785494,1.5091400766574044,0.4913141536690417,-0.16850163105102603,1.117755154831388,-0.9782136262619603,-1.2925833606858395,0.0,0.22110450348382885,-0.41807308007875,2.41522945769824,-0.4260941163233985,-0.5038081281295678,-0.37267799624996495,-0.38111861230861543,-0.3333333333333333,1.301729471980425,0.10993704245808614
-0.31178560620940904,-0.29597885723635886,0.4372788563381252,0.20342349101101345,0.5241217763081797,-0.09162588691424474,-0.342951135009976,0.985320042371886,-1.5820836217375132,0.0,0.6569354959279149,-0.41807308007875,-0.4140393356054125,-0.4260941163233985,1.9848826252815504,-0.37267799624996495,-0.38111861230861543,-0.3333333333333333,-0.7841944495899305,0.19557971942447505
1.4156751849508307,1.6075714402837553,0.3191732363785494,1.5091400766574044,0.4913141536690417,-0.16850163105102603,1.3385595939934547,-0.5981748516876675,-1.5820836217375132,0.0,0.22110450348382885,-0.41807308007875,2.41522945769824,-0.4260941163233985,-0.5038081281295678,-0.37267799624996495,-0.38111861230861543,-0.3333333333333333,0.9174367005450347,0.10993704245808614
-0.31178560620940904,-0.29597885723635886,-0.15324924345973132,0.2412246949380502,0.5476136542473153,-0.47600460759815016,-0.2070714801410118,-0.34481566863813895,-1.0609831518445,0.0,0.6569354959279149,-0.41807308007875,2.41522945769824,-0.4260941163233985,-0.5038081281295678,-0.37267799624996495,-0.38111861230861543,-0.3333333333333333,-0.1818428851135695,-0.11469025297952953
-0.7436508039994689,-0.29597885723635886,0.04359345647288752,0.49165767095466806,0.20293110034723635,0.44650432204322277,0.14961261389001912,-0.34481566863813895,0.7918185188862118,0.0,0.22110450348382885,-0.41807308007875,-0.4140393356054125,-0.4260941163233985,1.9848826252815504,-0.37267799624996495,-0.38111861230861543,-0.3333333333333333,0.009292203837190533,0.38193790602143934
0.9838099871607708,0.6557962915236982,0.7128586362437871,1.0901767331327483,-0.48805413696596517,0.5490053142255976,0.5572515784969111,0.2252424932233003,-1.5820836217375132,0.0,-0.6505574814043433,-0.41807308007875,-0.4140393356054125,-0.4260941163233985,1.9848826252815504,-0.37267799624996495,-0.38111861230861543,-0.3333333333333333,-0.14339296926050119,-0.13579791493000842
-0.31178560620940904,0.6557962915236982,0.6341215562707441,0.3483281060646542,0.6006728957995014,0.08775084940491094,0.08167278645553673,-1.6116115838857816,-1.5820836217375132,0.0,0.6569354959279149,-0.41807308007875,-0.4140393356054125,-0.4260941163233985,-0.5038081281295678,-0.37267799624996495,-0.38111861230861543,2.9999999999999996,1.7386096752964482,0.4013936639931853
-1.175516001789529,-1.7236415803764444,0.6734900962572655,-0.5652009888387316,-0.3430525455485406,-0.29662787127899426,-0.020236954696185954,-0.5981748516876675,0.5023182578345381,0.0,0.22110450348382885,-0.41807308007875,-0.4140393356054125,-0.4260941163233985,-0.5038081281295678,2.6832815729997477,-0.38111861230861543,-0.3333333333333333,0.10839928699684404,-0.49845096503510394
0.5519447893707109,1.6075714402837553,1.145912576095552,-0.7699575101101801,-0.43904521919638884,0.5490053142255976,0.6931312333658752,-0.5348350559252854,-0.5398826819514875,0.0,-0.21472648896025723,-0.41807308007875,2.41522945769824,-0.4260941163233985,-0.5038081281295678,-0.37267799624996495,-0.38111861230861543,-0.3333333333333333,0.47027953548934537,-0.09367752803932271
0.5519447893707109,-1.247754005996416,-1.0587256631497823,-0.653403798001817,0.6298352270342905,-0.7835075841452745,0.2854922687589833,-0.4714952601629032,-1.2925833606858395,0.0,0.6569354959279149,2.3919263106144877,-0.4140393356054125,-0.4260941163233985,-0.5038081281295678,-0.37267799624996495,-0.38111861230861543,-0.3333333333333333,0.18078684505115578,-0.3381276712217361
-1.175516001789529,-1.7236415803764444,0.3191732363785494,0.6523127876445737,0.4329894911994632,1.3946384997301897,0.4893117510624293,0.7319608593223574,-0.5398826819514875,0.0,0.22110450348382885,-0.41807308007875,-0.4140393356054125,-0.4260941163233985,-0.5038081281295678,-0.37267799624996495,2.62385506166316,-0.3333333333333333,-0.40044266520846544,1.3431498184895623
0.9838099871607708,-0.29597885723635886,-0.03514362350016113,0.20814864150189322,0.9882888817952421,-0.09162588691424474,0.4383568804865676,-1.0415534220243425,0.2707180489931989,0.0,0.6569354959279149,-0.41807308007875,-0.4140393356054125,2.3468993391145916,-0.5038081281295678,-0.37267799624996495,-0.38111861230861543,-0.3333333333333333,0.9062775638064391,0.5038401917777212
0.9838099871607708,-0.29597885723635886,-2.0232548928196104,-1.6141843978139985,-2.1029182290924218,-1.7316417618322415,-1.7187326405582368,1.492038408470943,-1.0609831518445,0.0,-2.3938814511806874,-0.41807308007875,-0.4140393356054125,-0.4260941163233985,1.9848826252815504,-0.37267799624996495,-0.38111861230861543,-0.3333333333333333,-1.3285215105441817,-1.6140905829787024
1.4156751849508307,1.6075714402837553,0.949069876162933,1.8887271660913973,0.6634529144299507,-0.11725113495983835,-0.0032519978375658088,1.2386792254214145,0.5023182578345381,0.0,0.22110450348382885,-0.41807308007875,-0.4140393356054125,2.3468993391145916,-0.5038081281295678,-0.37267799624996495,-0.38111861230861543,-0.3333333333333333,-0.7342442960371949,0.26548184008776265
0.9838099871607708,-0.29597885723635886,-0.15324924345973132,0.2412246949380502,0.5476136542473153,-0.47600460759815016,0.08167278645553673,0.2252424932233003,-1.5820836217375132,0.0,0.6569354959279149,-0.41807308007875,2.41522945769824,-0.4260941163233985,-0.5038081281295678,-0.37267799624996495,-0.38111861230861543,-0.3333333333333333,-0.3514311613157503,-0.11469025297952953
1.4156751849508307,1.6075714402837553,-0.23198632343277997,1.3059586055495822,0.3714245697037967,-0.5272551036893376,0.40438696676932673,-0.21813607711337465,-0.2503824208998138,0.0,0.22110450348382885,-0.41807308007875,-0.4140393356054125,-0.4260941163233985,-0.5038081281295678,2.6832815729997477,-0.38111861230861543,-0.3333333333333333,0.05350031964893088,-0.2517476501422348
1.8475403827408907,-0.29597885723635886,-2.0232548928196104,-0.5951269419476355,0.48847892702121476,-1.4497640333307107,0.913935672527942,-0.5348350559252854,-0.5398826819514875,0.0,0.6569354959279149,-0.41807308007875,-0.4140393356054125,-0.4260941163233985,-0.5038081281295678,-0.37267799624996495,2.62385506166316,-0.3333333333333333,0.5981949103341272,-0.955015705701281
0.5519447893707109,-1.247754005996416,-0.07451216348668825,0.47118201882752303,0.31512506912552307,-0.4503793595525566,0.06468782959691659,-0.34481566863813895,-0.2503824208998138,0.0,0.22110450348382885,2.3919263106144877,-0.4140393356054125,-0.4260941163233985,-0.5038081281295678,-0.37267799624996495,-0.38111861230861543,-0.3333333333333333,-0.03621615067489503,-0.22193426434981167
1.4156751849508307,1.6075714402837553,1.5395979759607896,1.6776704441654426,0.561789787486449,2.317147429371562,1.5763489900141416,-0.9782136262619603,-1.2925833606858395,0.0,0.22110450348382885,-0.41807308007875,-0.4140393356054125,-0.4260941163233985,-0.5038081281295678,-0.37267799624996495,-0.38111861230861543,2.9999999999999996,1.6293896244674422,2.273133783712208
1.8475403827408907,-0.29597885723635886,0.12233053644593057,-0.11001149155066527,-0.3094348581528809,0.036500353313723734,1.083785241114147,-0.34481566863813895,-1.813683830578852,0.0,-0.21472648896025723,-0.41807308007875,-0.4140393356054125,2.3468993391145916,-0.5038081281295678,-0.37267799624996495,-0.38111861230861543,-0.3333333333333333,0.5098841034701338,-0.2828553438413665
1.4156751849508307,0.6557962915236982,-0.6256717232980177,-0.33366861478563214,0.6201144499560275,-1.0397600646012115,-0.19008652328239103,1.428698612708561,-1.0609831518445,0.0,0.6569354959279149,-0.41807308007875,-0.4140393356054125,-0.4260941163233985,1.9848826252815504,-0.37267799624996495,-0.38111861230861543,-0.3333333333333333,-0.8398401521177267,-0.565444848617059
-1.6073811995795888,-0.29597885723635886,1.2246496560686004,0.5483594768452229,0.2568004066559446,0.625881058362379,1.1347401116900087,-0.15479628135099252,-0.018782212058474846,0.0,0.22110450348382885,-0.41807308007875,-0.4140393356054125,2.3468993391145916,-0.5038081281295678,-0.37267799624996495,-0.38111861230861543,-0.3333333333333333,0.3746290405249113,0.562720125548428
-1.175516001789529,0.6557962915236982,-0.15324924345973132,0.2412246949380502,0.5476136542473153,-0.47600460759815016,0.5062967079210494,-0.34481566863813895,-1.2925833606858395,0.0,0.6569354959279149,-0.41807308007875,2.41522945769824,-0.4260941163233985,-0.5038081281295678,-0.37267799624996495,-0.38111861230861543,-0.3333333333333333,0.20042729278795057,-0.11469025297952953
-1.175516001789529,-1.7236415803764444,-0.4288290233653988,-0.18246379907748564,0.3236307490690034,-0.6553813439173061,0.3194621824762242,-0.7248544432124318,-0.7714828907928264,0.0,0.22110450348382885,-0.41807308007875,-0.4140393356054125,-0.4260941163233985,1.9848826252815504,-0.37267799624996495,-0.38111861230861543,-0.3333333333333333,0.4343937742206739,-0.3770138706291549
-0.7436508039994689,1.6075714402837553,-0.15324924345973132,0.2412246949380502,0.5476136542473153,-0.47600460759815016,-0.5637555741720424,1.3653588169461788,-0.5398826819514875,0.0,0.6569354959279149,-0.41807308007875,2.41522945769824,-0.4260941163233985,-0.5038081281295678,-0.37267799624996495,-0.38111861230861543,-0.3333333333333333,-0.9451606284073297,-0.11469025297952953
-0.31178560620940904,1.6075714402837553,-2.0232548928196104,-1.412577976869803,-1.8797453886706317,-2.064769986424959,-0.5977254878892833,-0.2814758728757568,-0.7714828907928264,0.0,-2.3938814511806874,-0.41807308007875,-0.4140393356054125,2.3468993391145916,-0.5038081281295678,-0.37267799624996495,-0.38111861230861543,-0.3333333333333333,-0.42536807974653557,-1.6133469097315714
-1.6073811995795888,-1.247754005996416,1.815177755866457,0.7373654964804062,0.3333515261472664,0.625881058362379,1.457454292003798,-0.9782136262619603,0.2707180489931989,0.0,0.22110450348382885,2.3919263106144877,-0.4140393356054125,-0.4260941163233985,-0.5038081281295678,-0.37267799624996495,-0.38111861230861543,-0.3333333333333333,1.5444406960448822,0.6303057831610784
1.4156751849508307,1.6075714402837553,-0.11388070347320978,0.288476199846846,0.5723206293212342,-0.47600460759815016,-0.9883794956375551,1.1753394296590325,0.7918185188862118,0.0,0.6569354959279149,-0.41807308007875,-0.4140393356054125,-0.4260941163233985,-0.5038081281295678,-0.37267799624996495,2.62385506166316,-0.3333333333333333,-1.0476393297060007,-0.10117755185081218
-0.7436508039994689,-1.247754005996416,0.35854177636507656,-0.13993744465956937,0.8108847001169408,-0.11725113495983835,0.8969507156693213,-1.1048932177867246,-0.5398826819514875,0.0,0.6569354959279149,-0.41807308007875,-0.4140393356054125,2.3468993391145916,-0.5038081281295678,-0.37267799624996495,-0.38111861230861543,-0.3333333333333333,1.3537390199942372,0.3622416409570048
1.8475403827408907,2.083459014663784,0.7522271762303142,0.050643625139240527,0.03524769574719806,0.1646265935416922,1.9160481271865517,-1.2315728093114888,0.2707180489931989,0.0,-0.21472648896025723,-0.41807308007875,-0.4140393356054125,-0.4260941163233985,-0.5038081281295678,2.6832815729997477,-0.38111861230861543,-0.3333333333333333,2.4359376921277924,0.048126719636983534
-1.175516001789529,-1.7236415803764444,0.1616990764324577,0.049068574975613864,0.4455454949255527,-0.6553813439173061,-0.054206868413426854,-0.02811668982622825,0.2707180489931989,0.0,0.22110450348382885,-0.41807308007875,-0.4140393356054125,-0.4260941163233985,-0.5038081281295678,2.6832815729997477,-0.38111861230861543,-0.3333333333333333,-0.28802904564176934,-0.3170041864362118
0.5519447893707109,0.6557962915236982,-2.0232548928196104,-1.3101997162340788,-1.7720067760532157,-1.3728882891939296,-1.294108719092724,2.442135344906675,0.5023182578345381,0.0,-1.0863884738484293,-0.41807308007875,-0.4140393356054125,2.3468993391145916,-0.5038081281295678,-0.37267799624996495,-0.38111861230861543,-0.3333333333333333,-1.3030820577113387,-1.509378225215674
0.5519447893707109,0.6557962915236982,0.6341215562707441,0.3483281060646542,0.6006728957995014,0.08775084940491094,1.2706197665589722,-1.4849319923610174,0.2707180489931989,0.0,0.6569354959279149,-0.41807308007875,-0.4140393356054125,-0.4260941163233985,-0.5038081281295678,-0.37267799624996495,-0.38111861230861543,2.9999999999999996,2.5759633983188257,0.4013936639931853
-1.175516001789529,-0.29597885723635886,0.3191732363785494,0.0002420199031916207,0.41638316369076367,0.19025184158728584,0.2685073119003626,-0.5981748516876675,-0.018782212058474846,0.0,0.22110450348382885,-0.41807308007875,-0.4140393356054125,-0.4260941163233985,-0.5038081281295678,-0.37267799624996495,-0.38111861230861543,2.9999999999999996,0.2803197373758344,0.3517226202188648
-0.31178560620940904,-0.29597885723635886,-2.0232548928196104,-0.796733362891831,-0.747679891431242,-1.8853932501058035,0.7440861039417369,-0.4714952601629032,-0.5398826819514875,0.0,-0.21472648896025723,-0.41807308007875,-0.4140393356054125,-0.4260941163233985,-0.5038081281295678,-0.37267799624996495,2.62385506166316,-0.3333333333333333,0.4394659128040641,-1.4613559208530778
1.8475403827408907,1.6075714402837553,0.12233053644593057,2.161210844398787,0.8202004448169428,-0.6553813439173061,0.2685073119003626,0.8586404508471217,-0.7714828907928264,0.0,0.22110450348382885,-0.41807308007875,-0.4140393356054125,-0.4260941163233985,-0.5038081281295678,2.6832815729997477,-0.38111861230861543,-0.3333333333333333,-0.5278606450139365,-0.13258904398281435
-1.175516001789529,0.6557962915236982,0.949069876162933,0.16562228708397694,-0.8145102338443009,2.317147429371562,0.6421763627900137,-0.2814758728757568,2.413019980775585,0.0,-0.6505574814043433,-0.41807308007875,-0.4140393356054125,-0.4260941163233985,-0.5038081281295678,2.6832815729997477,-0.38111861230861543,-0.3333333333333333,0.2228484820841487,0.34831121698309003
-1.6073811995795888,-1.247754005996416,1.815177755866457,0.7373654964804062,0.3333515261472664,0.625881058362379,2.2897171780762027,-1.1048932177867246,-1.0609831518445,0.0,0.22110450348382885,2.3919263106144877,-0.4140393356054125,-0.4260941163233985,-0.5038081281295678,-0.37267799624996495,-0.38111861230861543,-0.3333333333333333,2.4199347542773886,0.6303057831610784
0.5519447893707109,0.6557962915236982,-0.4681975633519259,-1.1259188470897752,-1.8821755829401972,-0.6810065919628997,-0.6316954016065245,-1.1048932177867246,-0.5398826819514875,0.0,-1.9580504587366014,-0.41807308007875,2.41522945769824,-0.4260941163233985,-0.5038081281295678,-0.37267799624996495,-0.38111861230861543,-0.3333333333333333,0.18352418968346149,-1.465510997335983
0.5519447893707109,-1.247754005996416,-2.0232548928196104,-1.3180749670522114,-0.8011441653616891,-1.3985135372395232,-2.4405933070496086,0.4152618805104467,-0.018782212058474846,0.0,-2.3938814511806874,-0.41807308007875,-0.4140393356054125,-0.4260941163233985,1.9848826252815504,-0.37267799624996495,-0.38111861230861543,-0.3333333333333333,-1.4742801532568044,-1.2550736203670252
0.5519447893707109,-1.247754005996416,-0.11388070347320978,-1.5212564381600335,-2.1057534557402486,0.8821335388183159,-0.8864697544858321,-0.7248544432124318,2.413019980775585,0.0,-1.5222194662925155,-0.41807308007875,-0.4140393356054125,-0.4260941163233985,1.9848826252815504,-0.37267799624996495,-0.38111861230861543,-0.3333333333333333,-0.32586344233417036,-1.5132010221626278
0.12007959158065092,0.6557962915236982,1.0671754961225033,-0.9967647336724,-1.8250660176054017,0.4721295700888164,-0.2750113075754936,2.252115957619529,0.2707180489931989,0.0,0.22110450348382885,-0.41807308007875,-0.4140393356054125,-0.4260941163233985,1.9848826252815504,-0.37267799624996495,-0.38111861230861543,-0.3333333333333333,-1.015263787375643,-1.2944439985268317
1.4156751849508307,1.6075714402837553,0.24043615640550636,0.008117270721324255,0.8870307872300015,-0.6041308478261187,-0.5467706173134219,0.4152618805104467,-1.0609831518445,0.0,0.6569354959279149,-0.41807308007875,2.41522945769824,-0.4260941163233985,-0.5038081281295678,-0.37267799624996495,-0.38111861230861543,-0.3333333333333333,-0.6936368412417953,-0.050940050581868644
0.9838099871607708,0.6557962915236982,-2.0232548928196104,-1.7039622571407105,-2.1057534557402486,-1.3728882891939296,-0.9374246250616934,1.935416978807618,-1.2925833606858395,0.0,-1.5222194662925155,-0.41807308007875,-0.4140393356054125,-0.4260941163233985,1.9848826252815504,-0.37267799624996495,-0.38111861230861543,-0.3333333333333333,-1.1509313185656689,-1.6006443377571755
1.4156751849508307,-1.247754005996416,0.949069876162933,-0.476998179675646,0.542348233329923,2.317147429371562,0.7271011470831161,-1.1682330135491068,0.5023182578345381,0.0,0.6569354959279149,-0.41807308007875,-0.4140393356054125,-0.4260941163233985,-0.5038081281295678,2.6832815729997477,-0.38111861230861543,-0.3333333333333333,1.3354393642115998,2.2459438239703022
-0.31178560620940904,-0.29597885723635886,0.1616990764324577,-1.1873458034712099,-1.9056674608793331,-0.2710026232334007,-0.3259661781513552,-1.1048932177867246,0.5023182578345381,0.0,-1.9580504587366014,-0.41807308007875,-0.4140393356054125,2.3468993391145916,-0.5038081281295678,-0.37267799624996495,-0.38111861230861543,-0.3333333333333333,0.41756715574561665,-1.435979258007367
1.4156751849508307,1.6075714402837553,-0.03514362350016113,0.5767103797905007,-0.7051514917138411,0.9846345310006903,0.11564270017277824,-0.09145648558861039,0.5023182578345381,0.0,-0.6505574814043433,-0.41807308007875,-0.4140393356054125,-0.4260941163233985,-0.5038081281295678,-0.37267799624996495,-0.38111861230861543,2.9999999999999996,-0.1710863649561673,-0.11945609089518502
1.4156751849508307,-1.247754005996416,-1.2161998230958742,-0.2360155046407874,-1.305409476296587,-1.0653853126468051,-0.7845600133341089,2.1887761618571466,-0.018782212058474846,0.0,-0.6505574814043433,-0.41807308007875,2.41522945769824,-0.4260941163233985,-0.5038081281295678,-0.37267799624996495,-0.38111861230861543,-0.3333333333333333,-1.1420691653185784,-1.2948205820009104
0.5519447893707109,-1.247754005996416,0.12233053644593057,0.4239305139187272,0.28515267313421194,-0.6553813439173061,-0.0032519978375658088,-0.21813607711337465,-0.5398826819514875,0.0,0.22110450348382885,-0.41807308007875,-0.4140393356054125,-0.4260941163233985,-0.5038081281295678,2.6832815729997477,-0.38111861230861543,-0.3333333333333333,-0.15453787240631822,-0.3959538041784229
-1.6073811995795888,-1.7236415803764444,-0.11388070347320978,0.8192681049889854,0.7821274012604124,0.3183780818152543,1.321574637134834,-0.5981748516876675,-1.2925833606858395,0.0,0.22110450348382885,-0.41807308007875,-0.4140393356054125,-0.4260941163233985,-0.5038081281295678,2.6832815729997477,-0.38111861230861543,-0.3333333333333333,0.9073237328756824,0.743837789178377
1.8475403827408907,-0.29597885723635886,-0.3107234034058286,-0.7888581120736984,-1.2098218350269998,0.1390013454960986,0.9479055862451828,0.3519220847480646,-0.5398826819514875,0.0,-0.6505574814043433,-0.41807308007875,-0.4140393356054125,2.3468993391145916,-0.5038081281295678,-0.37267799624996495,-0.38111861230861543,-0.3333333333333333,-0.04389010849458017,-0.8840154802858469
-0.7436508039994689,-0.29597885723635886,-0.6650402632845448,-0.4265965744395973,0.6602126554038626,-0.8091328321908682,0.8290108882348395,-0.5981748516876675,-0.2503824208998138,0.0,0.6569354959279149,-0.41807308007875,-0.4140393356054125,-0.4260941163233985,1.9848826252815504,-0.37267799624996495,-0.38111861230861543,-0.3333333333333333,0.6140476704644631,-0.34696630687806107
0.9838099871607708,-0.29597885723635886,0.3191732363785494,-0.1919141000592447,0.785772692664761,0.19025184158728584,-0.037221911554806704,0.3519220847480646,-1.0609831518445,0.0,0.6569354959279149,2.3919263106144877,-0.4140393356054125,-0.4260941163233985,-0.5038081281295678,-0.37267799624996495,-0.38111861230861543,-0.3333333333333333,-0.45792690248688966,0.6287867909967257
-1.175516001789529,0.6557962915236982,0.3191732363785494,0.6523127876445737,0.4329894911994632,1.3946384997301897,0.2175524413245009,0.16190269746091818,-0.018782212058474846,0.0,0.22110450348382885,-0.41807308007875,-0.4140393356054125,-0.4260941163233985,-0.5038081281295678,-0.37267799624996495,2.62385506166316,-0.3333333333333333,-0.26072403293451807,1.3431498184895623
1.4156751849508307,1.6075714402837553,0.04359345647288752,-1.1542697500350527,0.4961745422081729,-0.9372590724188367,0.2175524413245009,-0.4714952601629032,-0.7714828907928264,0.0,1.092766488372001,-0.41807308007875,-0.4140393356054125,-0.4260941163233985,-0.5038081281295678,-0.37267799624996495,-0.38111861230861543,2.9999999999999996,0.14246402019887294,-0.5266345988178576
1.4156751849508307,1.6075714402837553,0.4766473963246467,0.15617198610221766,0.4986047364777388,-0.06600063886865114,-0.19008652328239103,0.7319608593223574,-1.2925833606858395,0.0,0.6569354959279149,-0.41807308007875,-0.4140393356054125,2.3468993391145916,-0.5038081281295678,-0.37267799624996495,-0.38111861230861543,-0.3333333333333333,-0.6559281642236835,0.19997530300006908
-0.31178560620940904,-0.29597885723635886,0.4766473963246467,-0.36516961805816267,0.5966225720168918,-0.4503793595525566,0.11564270017277824,0.2252424932233003,-0.7714828907928264,0.0,0.6569354959279149,-0.41807308007875,-0.4140393356054125,2.3468993391145916,-0.5038081281295678,-0.37267799624996495,-0.38111861230861543,-0.3333333333333333,-0.3365712904546609,-0.06577870528738536
1.4156751849508307,1.6075714402837553,-0.4288290233653988,-0.18246379907748564,0.3236307490690034,-0.6553813439173061,-0.4618458330203194,0.9219802466095038,-0.5398826819514875,0.0,0.22110450348382885,-0.41807308007875,-0.4140393356054125,-0.4260941163233985,1.9848826252815504,-0.37267799624996495,-0.38111861230861543,-0.3333333333333333,-0.8098581773803527,-0.3770138706291549
-1.175516001789529,-1.7236415803764444,1.3033867360416436,1.589467635002357,0.5249318410647014,0.1646265935416922,1.5253941194382798,-1.1048932177867246,-1.0609831518445,0.0,0.22110450348382885,-0.41807308007875,-0.4140393356054125,-0.4260941163233985,-0.5038081281295678,-0.37267799624996495,2.62385506166316,-0.3333333333333333,1.8348273391220002,0.4115930634634094
-1.175516001789529,-1.7236415803764444,1.3821238160146923,-0.04543443484197775,0.3880308972124963,2.0865201969612195,0.9648905431038036,-1.4215921965986353,0.2707180489931989,0.0,0.22110450348382885,-0.41807308007875,-0.4140393356054125,-0.4260941163233985,-0.5038081281295678,-0.37267799624996495,2.62385506166316,-0.3333333333333333,2.1010936121057573,1.8458223004778502
0.5519447893707109,0.6557962915236982,0.5160159363111683,0.0663941267755058,0.9145729889517472,-0.014750142777463475,0.913935672527942,-1.1048932177867246,0.5023182578345381,0.0,0.6569354959279149,-0.41807308007875,-0.4140393356054125,-0.4260941163233985,-0.5038081281295678,-0.37267799624996495,-0.38111861230861543,2.9999999999999996,1.3667414069976906,0.5286598908298364
-1.175516001789529,-0.29597885723635886,0.12233053644593057,0.019142621866709987,0.08790190492112315,0.01087510526813013,0.4213719236279469,-0.15479628135099252,-0.5398826819514875,0.0,0.22110450348382885,2.3919263106144877,-0.4140393356054125,-0.4260941163233985,-0.5038081281295678,-0.37267799624996495,-0.38111861230861543,-0.3333333333333333,0.019028875035124994,-0.021588691572769346
-0.31178560620940904,0.6557962915236982,-0.4288290233653988,-0.18246379907748564,0.3236307490690034,-0.6553813439173061,0.4213719236279469,-0.7248544432124318,-0.5398826819514875,0.0,0.22110450348382885,-0.41807308007875,-0.4140393356054125,-0.4260941163233985,1.9848826252815504,-0.37267799624996495,-0.38111861230861543,-0.3333333333333333,0.4986408629436182,-0.3770138706291549
-0.31178560620940904,-1.247754005996416,0.1616990764324577,0.049068574975613864,0.4455454949255527,-0.6553813439173061,-0.22405643699963193,0.03522310593615389,-0.2503824208998138,0.0,0.22110450348382885,-0.41807308007875,-0.4140393356054125,-0.4260941163233985,-0.5038081281295678,2.6832815729997477,-0.38111861230861543,-0.3333333333333333,-0.3998872619497367,-0.3170041864362118
-1.175516001789529,-0.29597885723635886,0.8309642562033629,-1.5149562375055274,-2.1057534557402486,0.6515063064079726,-0.6316954016065245,-1.6116115838857816,2.065619667513576,0.0,-1.9580504587366014,-0.41807308007875,-0.4140393356054125,-0.4260941163233985,-0.5038081281295678,-0.37267799624996495,2.62385506166316,-0.3333333333333333,0.974069319493408,-1.5221440885302517
0.9838099871607708,-0.29597885723635886,-0.2713548634193071,-1.193646004125716,0.477138020429908,-0.5528803517349312,-0.15611660956515014,-0.7248544432124318,-1.813683830578852,0.0,1.092766488372001,-0.41807308007875,-0.4140393356054125,-0.4260941163233985,-0.5038081281295678,-0.37267799624996495,2.62385506166316,-0.3333333333333333,0.13457402684693245,-0.2167570327229774
-1.175516001789529,-0.29597885723635886,0.12233053644593057,2.161210844398787,0.8202004448169428,-0.6553813439173061,-0.393906005585837,0.9219802466095038,-0.7714828907928264,0.0,0.22110450348382885,-0.41807308007875,-0.4140393356054125,-0.4260941163233985,-0.5038081281295678,2.6832815729997477,-0.38111861230861543,-0.3333333333333333,-0.7855870549739068,-0.13258904398281435
0.9838099871607708,0.6557962915236982,1.8939148358395002,1.1012020842781338,0.4856437003733883,1.3946384997301897,1.4234843782865572,1.1753394296590325,0.5023182578345381,0.0,0.22110450348382885,-0.41807308007875,-0.4140393356054125,-0.4260941163233985,-0.5038081281295678,-0.37267799624996495,2.62385506166316,-0.3333333333333333,-0.23986603711647878,1.4019791191881241
-0.31178560620940904,-0.29597885723635886,-1.45241106301502,-0.9290375766364593,-1.8125100138793118,-0.9885095685100241,-1.3450635896685856,0.09856290169853603,1.0234187277275504,0.0,-1.9580504587366014,-0.41807308007875,2.41522945769824,-0.4260941163233985,-0.5038081281295678,-0.37267799624996495,-0.38111861230861543,-0.3333333333333333,-0.940767316317246,-1.4711819014162317
-1.6073811995795888,-1.247754005996416,-0.03514362350016113,-0.2659414577496915,0.7821274012604124,-0.11725113495983835,0.5742365353555319,0.2252424932233003,-0.018782212058474846,0.0,0.6569354959279149,-0.41807308007875,-0.4140393356054125,2.3468993391145916,-0.5038081281295678,-0.37267799624996495,-0.38111861230861543,-0.3333333333333333,-0.13596303382995648,0.34336816331492725
-1.6073811995795888,-1.7236415803764444,-0.4288290233653988,-0.18246379907748564,0.3236307490690034,-0.6553813439173061,-0.1731015664237709,-0.02811668982622825,-1.0609831518445,0.0,0.22110450348382885,-0.41807308007875,-0.4140393356054125,-0.4260941163233985,1.9848826252815504,-0.37267799624996495,-0.38111861230861543,-0.3333333333333333,-0.3446616645901431,-0.3770138706291549
0.9838099871607708,0.6557962915236982,-0.11388070347320978,0.288476199846846,0.5723206293212342,-0.47600460759815016,0.3024772256176035,-0.4714952601629032,-1.0609831518445,0.0,0.6569354959279149,-0.41807308007875,-0.4140393356054125,-0.4260941163233985,-0.5038081281295678,-0.37267799624996495,2.62385506166316,-0.3333333333333333,0.1903675512642265,-0.10117755185081218
0.5519447893707109,-1.247754005996416,0.20106761641897924,-0.5147993836026827,0.7007158932299589,0.08775084940491094,0.387402009910706,-0.7881942389748139,-0.7714828907928264,0.0,0.6569354959279149,-0.41807308007875,2.41522945769824,-0.4260941163233985,-0.5038081281295678,-0.37267799624996495,-0.38111861230861543,-0.3333333333333333,0.5460149788706381,0.4733052847072308
-1.6073811995795888,-0.29597885723635886,-0.2713548634193071,2.2352382020892336,1.0526890299387355,-0.8603833282820557,0.5572515784969111,0.03522310593615389,-0.2503824208998138,0.0,0.22110450348382885,2.3919263106144877,-0.4140393356054125,-0.4260941163233985,-0.5038081281295678,-0.37267799624996495,-0.38111861230861543,-0.3333333333333333,-0.035820425853050994,-0.22351971242135418
0.5519447893707109,0.6557962915236982,1.1852811160820733,0.32312730344662943,0.2260179459081114,2.317147429371562,0.08167278645553673,0.6686210635599753,-0.018782212058474846,0.0,0.22110450348382885,-0.41807308007875,-0.4140393356054125,-0.4260941163233985,-0.5038081281295678,-0.37267799624996495,2.62385506166316,-0.3333333333333333,-0.531607095506457,1.8035405206697017
-1.6073811995795888,-1.247754005996416,0.3191732363785494,1.0523755292057115,0.2187273630994138,0.19025184158728584,0.7440861039417369,-0.2814758728757568,-0.018782212058474846,0.0,0.22110450348382885,-0.41807308007875,-0.4140393356054125,2.3468993391145916,-0.5038081281295678,-0.37267799624996495,-0.38111861230861543,-0.3333333333333333,0.2761265556592739,0.20346898497807936
0.9838099871607708,-0.29597885723635886,-0.11388070347320978,2.2352382020892336,1.108988530517009,-0.4503793595525566,-0.8694847976272113,2.062096570332382,2.065619667513576,0.0,0.6569354959279149,-0.41807308007875,-0.4140393356054125,-0.4260941163233985,1.9848826252815504,-0.37267799624996495,-0.38111861230861543,-0.3333333333333333,-1.1487203863626525,0.21844688063199522
1.4156751849508307,1.6075714402837553,0.39791031635159807,-0.40769597247607897,-0.2563756166006948,1.4971394919125642,0.3194621824762242,-0.7881942389748139,1.3129189887792243,0.0,0.22110450348382885,-0.41807308007875,-0.4140393356054125,-0.4260941163233985,1.9848826252815504,-0.37267799624996495,-0.38111861230861543,-0.3333333333333333,0.5018856654043733,0.6347108604376999
1.4156751849508307,1.6075714402837553,0.08296199645940905,0.29792650082860506,1.0360827024300359,-0.3478783673701817,-0.5128007035961808,0.4152618805104467,0.2707180489931989,0.0,0.6569354959279149,-0.41807308007875,2.41522945769824,-0.4260941163233985,-0.5038081281295678,-0.37267799624996495,-0.38111861230861543,-0.3333333333333333,-0.6796342706226918,0.280168595576844
-0.31178560620940904,-0.29597885723635886,1.5002294359742625,0.47433211915477635,0.2207525249907186,2.2658969332803753,1.661273774307244,-0.7248544432124318,-0.018782212058474846,0.0,0.22110450348382885,-0.41807308007875,-0.4140393356054125,-0.4260941163233985,-0.5038081281295678,-0.37267799624996495,-0.38111861230861543,2.9999999999999996,1.2803137757394436,1.757834679357742
-0.31178560620940904,-1.247754005996416,0.3191732363785494,0.0002420199031916207,0.41638316369076367,0.19025184158728584,0.2515223550417418,-0.15479628135099252,0.5023182578345381,0.0,0.22110450348382885,-0.41807308007875,-0.4140393356054125,-0.4260941163233985,-0.5038081281295678,-0.37267799624996495,-0.38111861230861543,2.9999999999999996,-0.06563783103387166,0.3517226202188648
0.12007959158065092,-0.29597885723635886,0.3191732363785494,-0.1919141000592447,0.785772692664761,0.19025184158728584,-1.0393343662134165,1.2386792254214145,-0.2503824208998138,0.0,0.6569354959279149,2.3919263106144877,-0.4140393356054125,-0.4260941163233985,-0.5038081281295678,-0.37267799624996495,-0.38111861230861543,-0.3333333333333333,-1.0759070191433153,0.6287867909967257
-1.175516001789529,-1.7236415803764444,0.3191732363785494,0.6523127876445737,0.4329894911994632,1.3946384997301897,0.8120259313762187,-1.294912605073871,-0.5398826819514875,0.0,0.22110450348382885,-0.41807308007875,-0.4140393356054125,-0.4260941163233985,-0.5038081281295678,-0.37267799624996495,2.62385506166316,-0.3333333333333333,1.6585149713551772,1.3431498184895623
-1.175516001789529,-0.29597885723635886,0.20106761641897924,1.0066990744605422,0.6051282519603721,1.2665122595022213,0.591221492214152,0.6052812677975932,2.065619667513576,0.0,0.22110450348382885,-0.41807308007875,-0.4140393356054125,-0.4260941163233985,1.9848826252815504,-0.37267799624996495,-0.38111861230861543,-0.3333333333333333,-0.3100937023749022,1.4246057733029553
0.5519447893707109,0.6557962915236982,-0.15324924345973132,0.2412246949380502,0.5476136542473153,-0.47600460759815016,0.40438696676932673,-0.15479628135099252,-1.0609831518445,0.0,0.6569354959279149,-0.41807308007875,2.41522945769824,-0.4260941163233985,-0.5038081281295678,-0.37267799624996495,-0.38111861230861543,-0.3333333333333333,0.010562204428225551,-0.11469025297952953
0.12007959158065092,-0.29597885723635886,0.594753016284217,0.12309593266606068,0.9404950611604488,-0.3478783673701817,0.4553418373451884,-1.0415534220243425,1.3129189887792243,0.0,0.6569354959279149,-0.41807308007875,-0.4140393356054125,-0.4260941163233985,-0.5038081281295678,2.6832815729997477,-0.38111861230861543,-0.3333333333333333,0.9188315926373593,0.2241557595163526
0.5519447893707109,0.6557962915236982,0.1616990764324577,-1.1873458034712099,-1.9056674608793331,-0.2710026232334007,-0.2580263507168734,-1.2315728093114888,0.5023182578345381,0.0,-1.9580504587366014,-0.41807308007875,-0.4140393356054125,2.3468993391145916,-0.5038081281295678,-0.37267799624996495,-0.38111861230861543,-0.3333333333333333,0.64360865288257,-1.435979258007367
1.4156751849508307,1.6075714402837553,-0.07451216348668825,-0.31319296265848734,0.756610361429972,-0.42475411150696274,0.3024772256176035,0.09856290169853603,-0.7714828907928264,0.0,0.6569354959279149,2.3919263106144877,-0.4140393356054125,-0.4260941163233985,-0.5038081281295678,-0.37267799624996495,-0.38111861230861543,-0.3333333333333333,-0.18939533543685194,0.046329245575833504
-0.31178560620940904,-0.29597885723635886,-2.0232548928196104,-1.3511510204883688,-0.8165353957356056,-1.603515521604273,-2.4321008286202983,-1.4849319923610174,2.413019980775585,0.0,1.9644284732601731,-0.41807308007875,2.41522945769824,-0.4260941163233985,-0.5038081281295678,-0.37267799624996495,-0.38111861230861543,-0.3333333333333333,-1.031607977548334,-1.347694167588407
0.5519447893707109,0.6557962915236982,-0.03514362350016113,-0.9904645330178939,-1.8368119565749694,0.9333840349095031,-0.7336051427582475,-1.1682330135491068,2.413019980775585,0.0,-1.9580504587366014,2.3919263106144877,-0.4140393356054125,-0.4260941163233985,-0.5038081281295678,-0.37267799624996495,-0.38111861230861543,-0.3333333333333333,0.17581907145919315,-1.2485546123283464
-0.31178560620940904,-0.29597885723635886,-0.03514362350016113,0.20814864150189322,0.9882888817952421,-0.09162588691424474,-0.3089812212927345,-0.21813607711337465,-1.0609831518445,0.0,0.6569354959279149,-0.41807308007875,-0.4140393356054125,2.3468993391145916,-0.5038081281295678,-0.37267799624996495,-0.38111861230861543,-0.3333333333333333,-0.3105665164477547,0.5038401917777212
0.12007959158065092,-0.29597885723635886,-0.11388070347320978,0.8775449610431671,0.8153400562778115,-0.4503793595525566,0.37041705305208583,1.6820577957580896,2.065619667513576,0.0,0.22110450348382885,2.3919263106144877,-0.4140393356054125,-0.4260941163233985,-0.5038081281295678,-0.37267799624996495,-0.38111861230861543,-0.3333333333333333,-0.7259205457247278,0.05555079384025546
-0.7436508039994689,1.6075714402837553,0.4372788563381252,0.20342349101101345,0.5241217763081797,-0.09162588691424474,-0.2919962644341143,0.8586404508471217,-1.5820836217375132,0.0,0.6569354959279149,-0.41807308007875,-0.4140393356054125,-0.4260941163233985,1.9848826252815504,-0.37267799624996495,-0.38111861230861543,-0.3333333333333333,-0.7314912482544558,0.19557971942447505
0.9838099871607708,-0.29597885723635886,0.4372788563381252,-0.08481068893264092,0.8376168370821644,0.2671275857240671,1.083785241114147,-1.1048932177867246,-0.7714828907928264,0.0,0.6569354959279149,-0.41807308007875,-0.4140393356054125,-0.4260941163233985,1.9848826252815504,-0.37267799624996495,-0.38111861230861543,-0.3333333333333333,1.4967652770322213,0.7396447378913631
-0.7436508039994689,-0.29597885723635886,1.8939148358395002,1.1012020842781338,0.4856437003733883,1.3946384997301897,2.272732221217582,-1.1048932177867246,-1.0609831518445,0.0,0.22110450348382885,-0.41807308007875,-0.4140393356054125,-0.4260941163233985,-0.5038081281295678,-0.37267799624996495,2.62385506166316,-0.3333333333333333,2.4069323672739356,1.4019791191881241
-0.7436508039994689,0.6557962915236982,-0.23198632343277997,0.4050299119552091,1.0996727858170068,-0.5272551036893376,-1.022349409354796,-0.34481566863813895,-0.7714828907928264,0.0,0.6569354959279149,-0.41807308007875,-0.4140393356054125,-0.4260941163233985,-0.5038081281295678,2.6832815729997477,-0.38111861230861543,-0.3333333333333333,-0.6187230884295924,0.1351649706543708
0.12007959158065092,-0.29597885723635886,0.20106761641897924,1.0066990744605422,0.6051282519603721,1.2665122595022213,1.1517250685486289,-0.34481566863813895,0.7918185188862118,0.0,0.22110450348382885,-0.41807308007875,-0.4140393356054125,-0.4260941163233985,1.9848826252815504,-0.37267799624996495,-0.38111861230861543,-0.3333333333333333,0.5462907870798019,1.4246057733029553
-0.31178560620940904,-1.247754005996416,0.6341215562707441,0.4066049621188355,0.6282150975212467,0.08775084940491094,1.491424205721039,-1.294912605073871,-1.0609831518445,0.0,0.6569354959279149,-0.41807308007875,-0.4140393356054125,-0.4260941163233985,-0.5038081281295678,2.6832815729997477,-0.38111861230861543,-0.3333333333333333,2.2410219091098744,0.42119119520191023
-0.31178560620940904,0.6557962915236982,-0.07451216348668825,0.33257760442838896,1.056334321343084,0.9333840349095031,-0.4278759193030785,-1.1048932177867246,-0.2503824208998138,0.0,0.6569354959279149,-0.41807308007875,-0.4140393356054125,-0.4260941163233985,-0.5038081281295678,-0.37267799624996495,2.62385506166316,-0.3333333333333333,0.3395528337248981,1.5770081558926274
-0.31178560620940904,-0.29597885723635886,0.6341215562707441,0.4066049621188355,0.6282150975212467,0.08775084940491094,0.3194621824762242,-1.738291175410546,-1.5820836217375132,0.0,0.6569354959279149,-0.41807308007875,-0.4140393356054125,-0.4260941163233985,-0.5038081281295678,2.6832815729997477,-0.38111861230861543,-0.3333333333333333,2.414155915609188,0.42119119520191023
-0.31178560620940904,-1.247754005996416,-0.6650402632845448,-1.3511510204883688,-1.9344247597358615,-0.8091328321908682,-0.15611660956515014,-0.2814758728757568,-0.018782212058474846,0.0,-1.0863884738484293,2.3919263106144877,-0.4140393356054125,-0.4260941163233985,-0.5038081281295678,-0.37267799624996495,-0.38111861230861543,-0.3333333333333333,-0.19449642758766164,-1.5024826337029165
0.5519447893707109,0.6557962915236982,-2.0232548928196104,-1.6078841971594926,-2.0093557497141394,-1.577890273558679,-2.228281346316852,0.6052812677975932,1.0234187277275504,0.0,-1.5222194662925155,-0.41807308007875,-0.4140393356054125,-0.4260941163233985,-0.5038081281295678,2.6832815729997477,-0.38111861230861543,-0.3333333333333333,-1.4089136076848991,-1.5882582224836859
0.9838099871607708,-0.29597885723635886,0.12233053644593057,1.1043521846053872,0.24991485622550808,-0.3222531193245881,0.06468782959691659,1.0486598381342682,0.5023182578345381,0.0,0.22110450348382885,-0.41807308007875,-0.4140393356054125,-0.4260941163233985,1.9848826252815504,-0.37267799624996495,-0.38111861230861543,-0.3333333333333333,-0.6595338063468823,-0.1611144510025469
-1.175516001789529,0.6557962915236982,1.5395979759607896,0.32312730344662943,0.11139378286025879,0.39525382595203556,0.8969507156693213,-1.0415534220243425,-0.7714828907928264,0.0,0.22110450348382885,-0.41807308007875,-0.4140393356054125,-0.4260941163233985,-0.5038081281295678,2.6832815729997477,-0.38111861230861543,-0.3333333333333333,1.2452363422412844,0.2694945110552598
-1.175516001789529,-0.29597885723635886,-2.0232548928196104,-0.8581603192732655,0.4629618871907743,-1.7828922579234285,0.5062967079210494,1.6820577957580896,1.0234187277275504,0.0,0.22110450348382885,-0.41807308007875,-0.4140393356054125,-0.4260941163233985,1.9848826252815504,-0.37267799624996495,-0.38111861230861543,-0.3333333333333333,-0.6854686750473183,-1.2352191269521369
-0.7436508039994689,-0.29597885723635886,-0.4288290233653988,-1.4598294817785988,-2.066465315048935,-0.39912886346136917,-1.3110936759513447,-0.21813607711337465,0.7918185188862118,0.0,-1.9580504587366014,-0.41807308007875,-0.4140393356054125,-0.4260941163233985,-0.5038081281295678,-0.37267799624996495,-0.38111861230861543,2.9999999999999996,-0.8219937385835754,-1.5404764252137786
0.9838099871607708,-0.29597885723635886,-0.23198632343277997,-1.0581916900538346,-1.8586837050010616,-0.8603833282820557,-1.2601388053754832,0.985320042371886,-0.018782212058474846,0.0,-1.9580504587366014,-0.41807308007875,-0.4140393356054125,-0.4260941163233985,1.9848826252815504,-0.37267799624996495,-0.38111861230861543,-0.3333333333333333,-1.1064831241673245,-1.4745996337860245
1.4156751849508307,1.6075714402837553,-2.0232548928196104,-0.32736841413112594,0.23614375536463544,-0.5785055997805251,-0.2580263507168734,0.3519220847480646,-0.018782212058474846,0.0,0.22110450348382885,-0.41807308007875,-0.4140393356054125,-0.4260941163233985,-0.5038081281295678,-0.37267799624996495,-0.38111861230861543,2.9999999999999996,-0.5507282528644764,-0.36220369702672
-1.175516001789529,-1.7236415803764444,-1.8460964628802576,-1.5433071404508047,-2.058769699861977,-0.911633824373243,-1.124259150506519,0.4152618805104467,-1.813683830578852,0.0,-2.3938814511806874,2.3919263106144877,-0.4140393356054125,-0.4260941163233985,-0.5038081281295678,-0.37267799624996495,-0.38111861230861543,-0.3333333333333333,-0.9316805417665514,-1.5633024470501813
0.9838099871607708,-0.29597885723635886,0.949069876162933,-0.15568794629583463,-0.5180265329572765,1.4971394919125642,-0.12214669584790924,2.378795549144293,0.2707180489931989,0.0,-0.21472648896025723,-0.41807308007875,-0.4140393356054125,-0.4260941163233985,1.9848826252815504,-0.37267799624996495,-0.38111861230861543,-0.3333333333333333,-0.9945234038824065,0.33419724812265006
-0.31178560620940904,-0.29597885723635886,-1.6098852229611118,-1.3747767729427667,-1.970877673779348,-1.2191368009203676,-1.2091839347996216,-0.5981748516876675,-1.2925833606858395,0.0,-1.9580504587366014,-0.41807308007875,2.41522945769824,-0.4260941163233985,-0.5038081281295678,-0.37267799624996495,-0.38111861230861543,-0.3333333333333333,-0.5995084498578229,-1.5514764601372968
-0.7436508039994689,-0.29597885723635886,0.3191732363785494,-0.1919141000592447,0.785772692664761,0.19025184158728584,-0.2580263507168734,0.7953006550847396,0.2707180489931989,0.0,0.6569354959279149,2.3919263106144877,-0.4140393356054125,-0.4260941163233985,-0.5038081281295678,-0.37267799624996495,-0.38111861230861543,-0.3333333333333333,-0.7006381265513468,0.6287867909967257
0.5519447893707109,0.6557962915236982,0.4766473963246467,0.15617198610221766,0.4986047364777388,-0.06600063886865114,1.0498153273969062,-1.1048932177867246,-0.018782212058474846,0.0,0.6569354959279149,-0.41807308007875,-0.4140393356054125,2.3468993391145916,-0.5038081281295678,-0.37267799624996495,-0.38111861230861543,-0.3333333333333333,1.4707605030253152,0.19997530300006908
-1.175516001789529,0.6557962915236982,-1.4917796030015416,-0.5384251360570806,0.5812313416429751,-0.9885095685100241,0.5742365353555319,0.09856290169853603,-0.018782212058474846,0.0,0.22110450348382885,-0.41807308007875,-0.4140393356054125,-0.4260941163233985,-0.5038081281295678,2.6832815729997477,-0.38111861230861543,-0.3333333333333333,-0.06545768910606509,-0.5360523502368417
0.12007959158065092,-0.29597885723635886,0.20106761641897924,-0.5147993836026827,0.7007158932299589,0.08775084940491094,0.030717915879675692,-0.4081554644005211,-0.7714828907928264,0.0,0.6569354959279149,-0.41807308007875,2.41522945769824,-0.4260941163233985,-0.5038081281295678,-0.37267799624996495,-0.38111861230861543,-0.3333333333333333,-0.00984464267558383,0.4733052847072308
-0.31178560620940904,-0.29597885723635886,0.4372788563381252,-0.2360155046407874,0.7618757823473643,-0.06600063886865114,0.047702872738295835,-1.294912605073871,0.5023182578345381,0.0,0.6569354959279149,-0.41807308007875,-0.4140393356054125,-0.4260941163233985,-0.5038081281295678,2.6832815729997477,-0.38111861230861543,-0.3333333333333333,1.0031946663811429,0.37687459880693164
0.5519447893707109,0.6557962915236982,-2.0232548928196104,-1.681911554849939,-2.1057534557402486,-1.7828922579234285,-2.4321008286202983,2.378795549144293,1.3129189887792243,0.0,-2.3938814511806874,-0.41807308007875,-0.4140393356054125,-0.4260941163233985,-0.5038081281295678,-0.37267799624996495,2.62385506166316,-0.3333333333333333,-1.5910666533902291,-1.6165431224107296
0.5519447893707109,-1.247754005996416,-0.2713548634193071,-0.9621136300726164,-1.8262811147401847,-0.2710026232334007,-0.6316954016065245,-0.851534034737196,2.413019980775585,0.0,-1.9580504587366014,-0.41807308007875,-0.4140393356054125,2.3468993391145916,-0.5038081281295678,-0.37267799624996495,-0.38111861230861543,-0.3333333333333333,-0.0635211633821467,-1.3875993575727459
-0.31178560620940904,-0.29597885723635886,-2.0232548928196104,-1.3511510204883688,-0.8165353957356056,-1.603515521604273,-2.4321008286202983,-1.4849319923610174,2.413019980775585,0.0,1.9644284732601731,-0.41807308007875,2.41522945769824,-0.4260941163233985,-0.5038081281295678,-0.37267799624996495,-0.38111861230861543,-0.3333333333333333,-1.031607977548334,-1.347694167588407
-0.7436508039994689,-0.29597885723635886,0.8309642562033629,-1.4787300837421173,-2.1057534557402486,0.2671275857240671,-1.7017476836996164,-0.5981748516876675,2.297219876354915,0.0,-1.9580504587366014,-0.41807308007875,-0.4140393356054125,-0.4260941163233985,-0.5038081281295678,-0.37267799624996495,-0.38111861230861543,2.9999999999999996,-0.8927845122690421,-1.5370491991429587
-0.31178560620940904,0.6557962915236982,0.6341215562707441,0.3483281060646542,0.6006728957995014,0.08775084940491094,0.913935672527942,-1.2315728093114888,-0.018782212058474846,0.0,0.6569354959279149,-0.41807308007875,-0.4140393356054125,-0.4260941163233985,-0.5038081281295678,-0.37267799624996495,-0.38111861230861543,2.9999999999999996,1.609786025600698,0.4013936639931853
0.9838099871607708,-0.29597885723635886,1.3821238160146923,1.8241501093827097,0.6294301946560299,0.8052577946815346,0.7440861039417369,-0.6615146474500496,-0.5398826819514875,0.0,0.22110450348382885,2.3919263106144877,-0.4140393356054125,-0.4260941163233985,-0.5038081281295678,-0.37267799624996495,-0.38111861230861543,-0.3333333333333333,0.630806302602247,1.0482564771826164
0.5519447893707109,-0.29597885723635886,-0.35009194339235017,-0.34154386560376476,-1.0550994665313123,-0.6297560958717123,-0.7845600133341089,0.09856290169853603,-1.2925833606858395,0.0,-0.6505574814043433,-0.41807308007875,-0.4140393356054125,-0.4260941163233985,1.9848826252815504,-0.37267799624996495,-0.38111861230861543,-0.3333333333333333,-0.6851459207599985,-1.04645903399529
0.5519447893707109,0.6557962915236982,0.8309642562033629,-1.4787300837421173,-2.1057534557402486,0.2671275857240671,-0.8694847976272113,-1.294912605073871,1.0234187277275504,0.0,-1.9580504587366014,-0.41807308007875,-0.4140393356054125,-0.4260941163233985,-0.5038081281295678,-0.37267799624996495,-0.38111861230861543,2.9999999999999996,0.21681030041230165,-1.5370491991429587
0.12007959158065092,-0.29597885723635886,0.3191732363785494,-0.1919141000592447,0.785772692664761,0.19025184158728584,-1.4979282013961703,1.935416978807618,-0.2503824208998138,0.0,0.6569354959279149,2.3919263106144877,-0.4140393356054125,-0.4260941163233985,-0.5038081281295678,-0.37267799624996495,-0.38111861230861543,-0.3333333333333333,-1.3090129710813352,0.6287867909967257
-1.175516001789529,-0.29597885723635886,0.9097013361764059,-0.20923965185913643,-0.03765813233977515,1.4202637477757833,1.5933339468727623,-0.7881942389748139,-0.018782212058474846,0.0,0.22110450348382885,-0.41807308007875,2.41522945769824,-0.4260941163233985,-0.5038081281295678,-0.37267799624996495,-0.38111861230861543,-0.3333333333333333,1.3293102928968408,0.8344583300500287
-1.175516001789529,-0.29597885723635886,-2.0232548928196104,-1.023540586454051,0.6290251622777688,-2.167270978607334,-1.1412441073651398,2.1254363660947644,1.3129189887792243,0.0,0.6569354959279149,-0.41807308007875,-0.4140393356054125,-0.4260941163233985,1.9848826252815504,-0.37267799624996495,-0.38111861230861543,-0.3333333333333333,-1.2306088373250035,-1.5459796072425465
1.8475403827408907,2.083459014663784,-0.4681975633519259,-0.670729349801709,-0.7942586149312527,-0.42475411150696274,0.9988604568210445,-0.9782136262619603,-1.0609831518445,0.0,-0.21472648896025723,-0.41807308007875,-0.4140393356054125,-0.4260941163233985,1.9848826252815504,-0.37267799624996495,-0.38111861230861543,-0.3333333333333333,1.2167805435578651,-0.8261039040199151
-0.31178560620940904,1.6075714402837553,-0.7831458832441149,-0.9432130281090981,-1.8189905319314872,0.19025184158728584,-1.4130034171030679,0.09856290169853603,0.5023182578345381,0.0,-1.9580504587366014,-0.41807308007875,-0.4140393356054125,-0.4260941163233985,1.9848826252815504,-0.37267799624996495,-0.38111861230861543,-0.3333333333333333,-0.9717517278999427,-1.3249409307932132
0.12007959158065092,-0.29597885723635886,1.1852811160820733,-0.410846072803332,0.571105532186451,1.804642468459689,0.20056748446588077,0.16190269746091818,0.5023182578345381,0.0,0.6569354959279149,2.3919263106144877,-0.4140393356054125,-0.4260941163233985,-0.5038081281295678,-0.37267799624996495,-0.38111861230861543,-0.3333333333333333,-0.26830875868653237,1.8479963580130792
-0.31178560620940904,-1.247754005996416,0.24043615640550636,0.008117270721324255,0.8870307872300015,-0.6041308478261187,-0.5128007035961808,0.541941472035211,-1.0609831518445,0.0,0.6569354959279149,-0.41807308007875,-0.4140393356054125,-0.4260941163233985,-0.5038081281295678,-0.37267799624996495,2.62385506166316,-0.3333333333333333,-0.7208640618900516,-0.050940050581868644
-0.7436508039994689,-0.29597885723635886,-0.9799885831767338,0.568835128972368,0.2559903418994225,0.036500353313723734,-0.7675750564754884,1.3653588169461788,0.7918185188862118,0.0,0.22110450348382885,-0.41807308007875,-0.4140393356054125,-0.4260941163233985,-0.5038081281295678,-0.37267799624996495,2.62385506166316,-0.3333333333333333,-1.0103666289022586,0.1147408551778504
1.4156751849508307,1.6075714402837553,0.3191732363785494,1.5091400766574044,0.4913141536690417,-0.16850163105102603,0.37041705305208583,0.6052812677975932,-1.0609831518445,0.0,0.22110450348382885,-0.41807308007875,2.41522945769824,-0.4260941163233985,-0.5038081281295678,-0.37267799624996495,-0.38111861230861543,-0.3333333333333333,-0.3961458636341186,0.10993704245808614
-1.6073811995795888,-1.7236415803764444,0.8703327961898844,0.6003361322448986,0.7181322854951806,-0.19412687909661963,1.083785241114147,-0.5348350559252854,-0.2503824208998138,0.0,0.6569354959279149,-0.41807308007875,-0.4140393356054125,-0.4260941163233985,1.9848826252815504,-0.37267799624996495,-0.38111861230861543,-0.3333333333333333,0.6965913525224204,0.2321969242863926
-1.6073811995795888,-0.29597885723635886,-0.11388070347320978,2.2352382020892336,1.108988530517009,-0.4503793595525566,-0.750590099616868,1.9987567745700001,2.065619667513576,0.0,0.6569354959279149,-0.41807308007875,-0.4140393356054125,-0.4260941163233985,1.9848826252815504,-0.37267799624996495,-0.38111861230861543,-0.3333333333333333,-1.1072582292047881,0.21844688063199522
-1.175516001789529,-1.247754005996416,0.12233053644593057,-0.04385938467835109,0.8615137473995611,-0.6810065919628997,-0.15611660956515014,0.4152618805104467,0.7918185188862118,0.0,0.6569354959279149,-0.41807308007875,2.41522945769824,-0.4260941163233985,-0.5038081281295678,-0.37267799624996495,-0.38111861230861543,-0.3333333333333333,-0.5326072791221073,-0.13643082833182188
-1.6073811995795888,-1.247754005996416,-1.0587256631497823,-0.3053177118403547,0.6423912307603804,-0.4503793595525566,-1.1072741936478985,1.8087373872828538,1.3129189887792243,0.0,0.6569354959279149,-0.41807308007875,2.41522945769824,-0.4260941163233985,-0.5038081281295678,-0.37267799624996495,-0.38111861230861543,-0.3333333333333333,-1.1827806932739848,-0.04038938417363819
0.12007959158065092,-0.29597885723635886,-0.11388070347320978,-1.5212564381600335,-2.1057534557402486,0.8821335388183159,-0.22405643699963193,-1.1048932177867246,1.0234187277275504,0.0,-1.5222194662925155,-0.41807308007875,-0.4140393356054125,-0.4260941163233985,1.9848826252815504,-0.37267799624996495,-0.38111861230861543,-0.3333333333333333,0.49558147776633554,-1.5132010221626278
-0.7436508039994689,-0.29597885723635886,-2.0232548928196104,-0.5951269419476355,0.48847892702121476,-1.4497640333307107,-0.1731015664237709,0.03522310593615389,-0.5398826819514875,0.0,0.6569354959279149,-0.41807308007875,-0.4140393356054125,-0.4260941163233985,-0.5038081281295678,-0.37267799624996495,2.62385506166316,-0.3333333333333333,-0.37614377263908344,-0.955015705701281
0.5519447893707109,-1.247754005996416,-2.0232548928196104,-1.7039622571407105,-1.800764074909744,-1.9878942422881785,-1.2091839347996216,-0.851534034737196,0.2707180489931989,0.0,1.5285974808160872,-0.41807308007875,-0.4140393356054125,-0.4260941163233985,-0.5038081281295678,-0.37267799624996495,2.62385506166316,-0.3333333333333333,-0.4503421767348752,-1.598280406201402
0.5519447893707109,-0.29597885723635886,-0.11388070347320978,0.288476199846846,0.5723206293212342,-0.47600460759815016,-0.1051617389892885,-0.2814758728757568,-0.7714828907928264,0.0,0.6569354959279149,-0.41807308007875,-0.4140393356054125,-0.4260941163233985,-0.5038081281295678,-0.37267799624996495,2.62385506166316,-0.3333333333333333,-0.16785739080009923,-0.10117755185081218
0.5519447893707109,0.6557962915236982,-0.03514362350016113,-0.9904645330178939,-1.8368119565749694,0.9333840349095031,-1.2261688916582423,-0.7248544432124318,-0.018782212058474846,0.0,-1.9580504587366014,2.3919263106144877,-0.4140393356054125,-0.4260941163233985,-0.5038081281295678,-0.37267799624996495,-0.38111861230861543,-0.3333333333333333,-0.5400204047439854,-1.2485546123283464
0.12007959158065092,-0.29597885723635886,0.1616990764324577,-1.226722057561873,-1.919033529361945,0.036500353313723734,-0.5637555741720424,-1.2315728093114888,1.3129189887792243,0.0,-1.9580504587366014,2.3919263106144877,-0.4140393356054125,-0.4260941163233985,-0.5038081281295678,-0.37267799624996495,-0.38111861230861543,-0.3333333333333333,0.3915623817387106,-1.4146943803043803
-0.31178560620940904,0.6557962915236982,0.4766473963246467,-0.36516961805816267,0.5966225720168918,-0.4503793595525566,0.23453739818312166,0.03522310593615389,-0.5398826819514875,0.0,0.6569354959279149,-0.41807308007875,-0.4140393356054125,2.3468993391145916,-0.5038081281295678,-0.37267799624996495,-0.38111861230861543,-0.3333333333333333,-0.18619585815385595,-0.06577870528738536
-0.31178560620940904,1.6075714402837553,-2.0232548928196104,-1.322800117543091,-0.8011441653616891,-0.5272551036893376,-2.398130914903057,0.7953006550847396,2.413019980775585,0.0,1.9644284732601731,-0.41807308007875,-0.4140393356054125,-0.4260941163233985,1.9848826252815504,-0.37267799624996495,-0.38111861230861543,-0.3333333333333333,-1.4915419428993195,-0.8747243115472253
0.9838099871607708,-0.29597885723635886,0.3191732363785494,-0.1919141000592447,0.785772692664761,0.19025184158728584,0.2854922687589833,-0.09145648558861039,-0.2503824208998138,0.0,0.6569354959279149,2.3919263106144877,-0.4140393356054125,-0.4260941163233985,-0.5038081281295678,-0.37267799624996495,-0.38111861230861543,-0.3333333333333333,-0.08834390220692058,0.6287867909967257
-1.6073811995795888,-1.247754005996416,-0.07451216348668825,-0.31319296265848734,0.756610361429972,-0.42475411150696274,0.030717915879675692,0.09856290169853603,-1.0609831518445,0.0,0.6569354959279149,2.3919263106144877,-0.4140393356054125,-0.4260941163233985,-0.5038081281295678,-0.37267799624996495,-0.38111861230861543,-0.3333333333333333,-0.31333298176763835,0.046329245575833504
-1.175516001789529,-0.29597885723635886,-2.0232548928196104,-1.6929369059953248,-2.1057534557402486,-1.5266397774674916,-2.3132061306099545,2.1254363660947644,-0.5398826819514875,0.0,-2.8297124436247736,-0.41807308007875,-0.4140393356054125,2.3468993391145916,-0.5038081281295678,-0.37267799624996495,-0.38111861230861543,-0.3333333333333333,-1.5485912637891974,-1.6066063820022582
