fixed_acidity,volatile_acidity,citric_acid,residual_sugar,chlorides,free_sulfur_dioxide,total_sulfur_dioxide,density,ph,sulphates,alcohol,quality,wine_type,total_acidity,fixed_to_volatile,so2_ratio,sweetness,alcohol_band,is_high_alcohol,sugar_per_density,chlorides_per_alcohol,quality_label
7.4,0.6799999999999999,0.0,1.9,0.076,11.0,34.0,0.9978,3.51,0.56,9.4,5,red,8.08,10.882,0.3235,off_dry,medium,0,1.904,0.00809,0
7.8,0.6799999999999999,0.0,2.6,0.098,25.0,67.0,0.9968,3.2,0.68,9.8,5,red,8.48,11.471,0.3731,off_dry,medium,0,2.608,0.01,0
7.8,0.6799999999999999,0.04,2.3,0.092,15.0,54.0,0.997,3.26,0.65,9.8,5,red,8.52,11.471,0.2778,off_dry,medium,0,2.307,0.00939,0
9.65,0.28,0.56,1.9,0.075,17.0,60.0,0.998,3.16,0.58,9.8,6,red,10.49,34.464,0.2833,off_dry,medium,0,1.904,0.00765,0
7.4,0.66,0.0,1.8,0.075,13.0,40.0,0.9978,3.51,0.56,9.4,5,red,8.06,11.212,0.325,off_dry,medium,0,1.804,0.00798,0
7.9,0.6,0.06,1.6,0.069,15.0,59.0,0.9964,3.3,0.46,9.4,5,red,8.56,13.167,0.2542,off_dry,medium,0,1.606,0.00734,0
7.3,0.65,0.0,1.2,0.065,15.0,21.0,0.9946,3.39,0.47,10.0,7,red,7.95,11.231,0.7143,off_dry,medium,0,1.207,0.0065,1
7.8,0.58,0.02,2.0,0.073,9.0,18.0,0.9968,3.36,0.57,9.5,7,red,8.4,13.448,0.5,off_dry,medium,0,2.006,0.00768,1
7.5,0.5,0.36,6.1,0.071,17.0,102.0,0.9978,3.35,0.8,10.5,5,red,8.36,15.0,0.1667,medium,medium,0,6.113,0.00676,0
6.7,0.58,0.08,1.8,0.097,15.0,65.0,0.9959,3.28,0.54,9.2,5,red,7.36,11.552,0.2308,off_dry,medium,0,1.807,0.01054,0
5.6,0.615,0.0,1.6,0.089,16.0,59.0,0.9943,3.58,0.52,9.9,5,red,6.215,9.106,0.2712,off_dry,medium,0,1.609,0.00899,0
7.8,0.61,0.29,1.6,0.10800000000000001,9.0,29.0,0.9974,3.26,0.855,9.1,5,red,8.7,12.787,0.3103,off_dry,medium,0,1.604,0.01187,0
8.9,0.62,0.18,3.8,0.10800000000000001,52.0,145.0,0.9986,3.16,0.855,9.2,5,red,9.7,14.355,0.3586,off_dry,medium,0,3.805,0.01174,0
8.9,0.62,0.19,3.9,0.10800000000000001,51.0,148.0,0.9986,3.17,0.855,9.2,5,red,9.71,14.355,0.3446,off_dry,medium,0,3.905,0.01174,0
8.5,0.28,0.56,1.8,0.092,35.0,103.0,0.9969,3.3,0.75,10.5,7,red,9.34,30.357,0.3398,off_dry,medium,0,1.806,0.00876,1
8.1,0.56,0.28,1.7,0.10800000000000001,16.0,56.0,0.9968,3.11,0.855,9.3,5,red,8.94,14.464,0.2857,off_dry,medium,0,1.705,0.01161,0
7.4,0.59,0.08,4.4,0.086,6.0,29.0,0.9974,3.38,0.5,9.0,4,red,8.07,12.542,0.2069,off_dry,low,0,4.411,0.00956,0
7.9,0.32,0.51,1.8,0.10800000000000001,17.0,56.0,0.9969,3.04,0.855,9.2,6,red,8.73,24.687,0.3036,off_dry,medium,0,1.806,0.01174,0
8.9,0.22,0.48,1.8,0.077,29.0,60.0,0.9968,3.39,0.53,9.4,6,red,9.6,40.454,0.4833,off_dry,medium,0,1.806,0.00819,0
7.6,0.39,0.31,2.3,0.082,23.0,71.0,0.9982,3.52,0.65,9.7,5,red,8.3,19.487,0.3239,off_dry,medium,0,2.304,0.00845,0
7.9,0.43,0.21,1.6,0.106,10.0,37.0,0.9966,3.17,0.855,9.5,5,red,8.54,18.372,0.2703,off_dry,medium,0,1.605,0.01116,0
8.5,0.49,0.11,2.3,0.084,9.0,67.0,0.9968,3.17,0.53,9.4,5,red,9.1,17.347,0.1343,off_dry,medium,0,2.307,0.00894,0
6.9,0.4,0.14,2.4,0.085,21.0,40.0,0.9968,3.43,0.63,9.7,6,red,7.44,17.25,0.525,off_dry,medium,0,2.408,0.00876,0
6.3,0.39,0.16,1.4,0.08,11.0,23.0,0.9955,3.34,0.56,9.3,5,red,6.85,16.154,0.4783,off_dry,medium,0,1.406,0.0086,0
7.6,0.41,0.24,1.8,0.08,4.0,11.0,0.9962,3.28,0.59,9.5,5,red,8.25,18.537,0.3636,off_dry,medium,0,1.807,0.00842,0
7.1,0.6799999999999999,0.0,1.9,0.08,14.0,35.0,0.9972,3.47,0.55,9.4,5,red,7.78,10.441,0.4,off_dry,medium,0,1.905,0.00851,0
7.8,0.645,0.0,2.0,0.082,8.0,16.0,0.9964,3.38,0.59,9.8,6,red,8.445,12.093,0.5,off_dry,medium,0,2.007,0.00837,0
6.7,0.675,0.07,2.4,0.089,17.0,82.0,0.9958,3.35,0.54,10.1,5,red,7.445,9.926,0.2073,off_dry,medium,0,2.41,0.00881,0
6.9,0.6799999999999999,0.0,2.5,0.105,22.0,37.0,0.9966,3.46,0.57,10.6,6,red,7.58,10.147,0.5946,off_dry,high,0,2.509,0.00991,0
8.3,0.655,0.12,2.3,0.083,15.0,113.0,0.9966,3.17,0.66,9.8,5,red,9.075,12.672,0.1327,off_dry,medium,0,2.308,0.00847,0
6.9,0.605,0.12,10.7,0.073,40.0,83.0,0.9993,3.45,0.52,9.4,6,red,7.625,11.405,0.4819,medium,medium,0,10.707,0.00777,0
5.2,0.32,0.25,1.8,0.103,13.0,50.0,0.9957,3.38,0.55,9.2,5,red,5.77,16.25,0.26,off_dry,medium,0,1.808,0.0112,0
7.8,0.645,0.0,5.5,0.086,5.0,18.0,0.9986,3.4,0.55,9.6,6,red,8.445,12.093,0.2778,medium,medium,0,5.508,0.00896,0
7.8,0.6,0.14,2.4,0.086,3.0,15.0,0.9975,3.42,0.6,10.8,6,red,8.54,13.0,0.2,off_dry,high,0,2.406,0.00796,0
8.1,0.38,0.28,2.1,0.066,13.0,30.0,0.9968,3.23,0.73,9.7,7,red,8.76,21.316,0.4333,off_dry,medium,0,2.107,0.0068,1
5.7,0.6799999999999999,0.09,1.5,0.10800000000000001,7.0,19.0,0.994,3.5,0.48,9.8,4,red,6.47,8.382,0.3684,off_dry,medium,0,1.509,0.01102,0
7.3,0.45,0.36,5.9,0.074,12.0,87.0,0.9978,3.33,0.83,10.5,5,red,8.11,16.222,0.1379,medium,medium,0,5.913,0.00705,0
8.8,0.61,0.3,2.8,0.088,17.0,46.0,0.9976,3.26,0.51,9.3,4,red,9.71,14.426,0.3696,off_dry,medium,0,2.807,0.00946,0
7.5,0.49,0.2,2.6,0.10800000000000001,8.0,14.0,0.9968,3.21,0.855,10.5,6,red,8.19,15.306,0.5714,off_dry,medium,0,2.608,0.01029,0
8.1,0.66,0.22,2.2,0.069,9.0,23.0,0.9968,3.3,0.855,10.3,5,red,8.98,12.273,0.3913,off_dry,medium,0,2.207,0.0067,0
6.8,0.67,0.02,1.8,0.05,5.0,11.0,0.9962,3.48,0.52,9.5,5,red,7.49,10.149,0.4545,off_dry,medium,0,1.807,0.00526,0
4.6,0.52,0.15,2.1,0.054,8.0,65.0,0.9934,3.66,0.56,13.1,4,red,5.27,8.846,0.1231,off_dry,very_high,1,2.114,0.00412,0
7.7,0.6799999999999999,0.43,2.2,0.10800000000000001,22.0,114.0,0.997,3.25,0.73,9.2,5,red,8.81,11.324,0.193,off_dry,medium,0,2.207,0.01174,0
8.7,0.29,0.52,1.6,0.10800000000000001,12.0,37.0,0.9969,3.25,0.58,9.5,5,red,9.51,30.0,0.3243,off_dry,medium,0,1.605,0.01137,0
6.4,0.4,0.23,1.6,0.066,5.0,12.0,0.9958,3.34,0.56,9.2,5,red,7.03,16.0,0.4167,off_dry,medium,0,1.607,0.00717,0
5.6,0.31,0.37,1.4,0.074,12.0,96.0,0.9954,3.32,0.58,9.2,5,red,6.28,18.064,0.125,off_dry,medium,0,1.406,0.00804,0
8.8,0.66,0.26,1.7,0.074,4.0,23.0,0.9971,3.15,0.74,9.2,5,red,9.72,13.333,0.1739,off_dry,medium,0,1.705,0.00804,0
6.6,0.52,0.04,2.2,0.069,8.0,15.0,0.9956,3.4,0.63,9.4,6,red,7.16,12.692,0.5333,off_dry,medium,0,2.21,0.00734,0
6.6,0.5,0.04,2.1,0.068,6.0,14.0,0.9955,3.39,0.64,9.4,6,red,7.14,13.2,0.4286,off_dry,medium,0,2.109,0.00723,0
8.6,0.38,0.36,3.0,0.081,30.0,119.0,0.997,3.2,0.56,9.4,5,red,9.34,22.632,0.2521,off_dry,medium,0,3.009,0.00862,0
7.6,0.51,0.15,2.8,0.10800000000000001,33.0,73.0,0.9955,3.17,0.63,10.2,6,red,8.26,14.902,0.4521,off_dry,medium,0,2.813,0.01059,0
7.7,0.62,0.04,3.8,0.084,25.0,45.0,0.9978,3.34,0.53,9.5,5,red,8.36,12.419,0.5556,off_dry,medium,0,3.808,0.00884,0
9.65,0.42,0.57,3.4,0.07,4.0,10.0,0.9971,3.04,0.63,9.6,5,red,10.64,22.976,0.4,off_dry,medium,0,3.41,0.00729,0
7.5,0.63,0.12,5.1,0.10800000000000001,50.0,110.0,0.9983,3.26,0.77,9.4,5,red,8.25,11.905,0.4545,medium,medium,0,5.109,0.01149,0
7.8,0.59,0.18,2.3,0.076,17.0,54.0,0.9975,3.43,0.59,10.0,5,red,8.57,13.22,0.3148,off_dry,medium,0,2.306,0.0076,0
7.3,0.39,0.31,2.4,0.074,9.0,46.0,0.9962,3.41,0.54,9.4,6,red,8.0,18.718,0.1957,off_dry,medium,0,2.409,0.00787,0
8.8,0.4,0.4,2.2,0.079,19.0,52.0,0.998,3.44,0.64,9.2,5,red,9.6,22.0,0.3654,off_dry,medium,0,2.204,0.00859,0
7.7,0.6799999999999999,0.49,1.8,0.10800000000000001,20.0,112.0,0.9968,3.21,0.71,9.3,5,red,8.87,11.324,0.1786,off_dry,medium,0,1.806,0.01161,0
7.5,0.52,0.16,1.9,0.085,12.0,35.0,0.9968,3.38,0.62,9.5,7,red,8.18,14.423,0.3429,off_dry,medium,0,1.906,0.00895,1
7.0,0.6799999999999999,0.05,2.0,0.081,13.0,54.0,0.9966,3.39,0.57,9.8,5,red,7.73,10.294,0.2407,off_dry,medium,0,2.007,0.00827,0
7.2,0.6799999999999999,0.05,4.65,0.086,4.0,11.0,0.9962,3.41,0.39,10.9,5,red,7.93,10.588,0.3636,off_dry,high,0,4.668,0.00789,0
7.5,0.52,0.11,1.5,0.079,11.0,39.0,0.9968,3.42,0.58,9.6,5,red,8.13,14.423,0.2821,off_dry,medium,0,1.505,0.00823,0
6.6,0.6799999999999999,0.07,1.6,0.076,6.0,15.0,0.9962,3.44,0.58,10.7,5,red,7.35,9.706,0.4,off_dry,high,0,1.606,0.0071,0
9.3,0.32,0.57,2.0,0.074,27.0,65.0,0.9969,3.28,0.79,10.7,5,red,10.19,29.062,0.4154,off_dry,high,0,2.006,0.00692,0
8.0,0.6799999999999999,0.05,1.9,0.074,8.0,19.0,0.9962,3.34,0.855,10.5,6,red,8.73,11.765,0.4211,off_dry,medium,0,1.907,0.00705,0
7.7,0.63,0.08,1.9,0.076,15.0,27.0,0.9967,3.32,0.54,9.5,6,red,8.41,12.222,0.5556,off_dry,medium,0,1.906,0.008,0
7.7,0.67,0.23,2.1,0.088,17.0,96.0,0.9962,3.32,0.48,9.5,5,red,8.6,11.493,0.1771,off_dry,medium,0,2.108,0.00926,0
7.7,0.6799999999999999,0.22,1.9,0.084,18.0,94.0,0.9961,3.31,0.48,9.5,5,red,8.6,11.324,0.1915,off_dry,medium,0,1.907,0.00884,0
8.3,0.675,0.26,2.1,0.084,11.0,43.0,0.9976,3.31,0.53,9.2,4,red,9.235,12.296,0.2558,off_dry,medium,0,2.105,0.00913,0
9.65,0.32,0.54,2.5,0.094,28.0,83.0,0.9984,3.28,0.82,9.6,5,red,10.51,30.156,0.3373,off_dry,medium,0,2.504,0.00979,0
8.8,0.41,0.64,2.2,0.093,9.0,42.0,0.9986,3.54,0.66,10.5,5,red,9.85,21.463,0.2143,off_dry,medium,0,2.203,0.00886,0
6.8,0.6799999999999999,0.0,2.4,0.104,14.0,30.0,0.9966,3.52,0.55,10.7,6,red,7.48,10.0,0.4667,off_dry,high,0,2.408,0.00972,0
6.7,0.6799999999999999,0.12,2.0,0.086,12.0,80.0,0.9958,3.38,0.52,10.1,5,red,7.5,9.853,0.15,off_dry,medium,0,2.008,0.00851,0
8.3,0.625,0.2,1.5,0.08,27.0,119.0,0.9972,3.16,0.855,9.1,4,red,9.125,13.28,0.2269,off_dry,medium,0,1.504,0.00879,0
6.2,0.45,0.2,1.6,0.069,3.0,15.0,0.9958,3.41,0.56,9.2,5,red,6.85,13.778,0.2,off_dry,medium,0,1.607,0.0075,0
7.8,0.43,0.6400000000000001,1.9,0.10800000000000001,22.0,67.0,0.9974,3.13,0.855,9.4,5,red,8.87,18.139,0.3284,off_dry,medium,0,1.905,0.01149,0
7.4,0.5,0.47,2.0,0.086,21.0,73.0,0.997,3.36,0.57,9.1,5,red,8.37,14.8,0.2877,off_dry,medium,0,2.006,0.00945,0
7.3,0.67,0.26,1.8,0.10800000000000001,16.0,51.0,0.9969,3.16,0.855,9.4,5,red,8.23,10.896,0.3137,off_dry,medium,0,1.806,0.01149,0
6.3,0.3,0.48,1.8,0.069,18.0,61.0,0.9959,3.44,0.78,10.3,6,red,7.08,21.0,0.2951,off_dry,medium,0,1.807,0.0067,0
6.9,0.55,0.15,2.2,0.076,19.0,40.0,0.9961,3.41,0.59,10.1,5,red,7.6,12.545,0.475,off_dry,medium,0,2.209,0.00752,0
8.6,0.49,0.28,1.9,0.10800000000000001,20.0,136.0,0.9972,2.93,0.855,9.9,6,red,9.37,17.551,0.1471,off_dry,medium,0,1.905,0.01091,0
7.7,0.49,0.26,1.9,0.062,9.0,31.0,0.9966,3.39,0.64,9.6,5,red,8.45,15.714,0.2903,off_dry,medium,0,1.906,0.00646,0
9.3,0.39,0.44,2.1,0.107,34.0,125.0,0.9978,3.14,0.855,9.5,5,red,10.13,23.846,0.272,off_dry,medium,0,2.105,0.01126,0
7.0,0.62,0.08,1.8,0.076,8.0,24.0,0.9978,3.48,0.53,9.0,5,red,7.7,11.29,0.3333,off_dry,low,0,1.804,0.00844,0
7.9,0.52,0.26,1.9,0.079,42.0,140.0,0.9964,3.23,0.54,9.5,5,red,8.68,15.192,0.3,off_dry,medium,0,1.907,0.00832,0
8.6,0.49,0.29,2.0,0.10800000000000001,19.0,133.0,0.9972,2.93,0.855,9.8,5,red,9.38,17.551,0.1429,off_dry,medium,0,2.006,0.01102,0
5.0,0.6799999999999999,0.04,1.4,0.045,41.0,85.0,0.9938,3.66,0.48,10.5,4,red,5.72,7.353,0.4824,off_dry,medium,0,1.409,0.00429,0
4.7,0.6,0.17,2.3,0.058,17.0,106.0,0.9932,3.66,0.6,12.9,6,red,5.47,7.833,0.1604,off_dry,very_high,1,2.316,0.0045,0
6.8,0.6799999999999999,0.0,3.0,0.102,8.0,23.0,0.9965,3.45,0.56,10.7,5,red,7.48,10.0,0.3478,off_dry,high,0,3.011,0.00953,0
7.0,0.5,0.25,2.0,0.07,3.0,22.0,0.9963,3.25,0.63,9.2,5,red,7.75,14.0,0.1364,off_dry,medium,0,2.007,0.00761,0
7.6,0.6799999999999999,0.06,2.5,0.079,5.0,10.0,0.9967,3.39,0.56,9.8,5,red,8.34,11.176,0.5,off_dry,medium,0,2.508,0.00806,0
8.1,0.545,0.18,1.9,0.08,13.0,35.0,0.9972,3.3,0.59,9.0,6,red,8.825,14.862,0.3714,off_dry,low,0,1.905,0.00889,0
8.3,0.61,0.3,2.1,0.084,11.0,50.0,0.9972,3.4,0.61,10.2,6,red,9.21,13.607,0.22,off_dry,medium,0,2.106,0.00824,0
7.8,0.5,0.3,1.9,0.075,8.0,22.0,0.9959,3.31,0.56,10.4,6,red,8.6,15.6,0.3636,off_dry,medium,0,1.908,0.00721,0
8.1,0.575,0.22,2.1,0.077,12.0,65.0,0.9967,3.29,0.51,9.2,5,red,8.895,14.087,0.1846,off_dry,medium,0,2.107,0.00837,0
7.2,0.49,0.24,2.2,0.07,5.0,36.0,0.996,3.33,0.48,9.4,5,red,7.93,14.694,0.1389,off_dry,medium,0,2.209,0.00745,0
7.8,0.41,0.6400000000000001,1.7,0.10800000000000001,18.0,69.0,0.9973,3.08,0.855,9.3,5,red,8.85,19.024,0.2609,off_dry,medium,0,1.705,0.01161,0
6.2,0.63,0.31,1.7,0.088,15.0,64.0,0.9969,3.46,0.79,9.3,5,red,7.14,9.841,0.2344,off_dry,medium,0,1.705,0.00946,0
8.0,0.33,0.53,2.5,0.091,18.0,80.0,0.9976,3.37,0.8,9.6,6,red,8.86,24.242,0.225,off_dry,medium,0,2.506,0.00948,0
8.1,0.6799999999999999,0.52,2.0,0.10800000000000001,37.0,153.0,0.9969,3.21,0.69,9.3,5,red,9.3,11.912,0.2418,off_dry,medium,0,2.006,0.01161,0
7.8,0.56,0.19,1.8,0.104,12.0,47.0,0.9964,3.19,0.855,9.5,5,red,8.55,13.929,0.2553,off_dry,medium,0,1.807,0.01095,0
8.4,0.62,0.09,2.2,0.084,11.0,108.0,0.9964,3.15,0.66,9.8,5,red,9.11,13.548,0.1019,off_dry,medium,0,2.208,0.00857,0
8.4,0.6,0.1,2.2,0.085,14.0,111.0,0.9964,3.15,0.66,9.8,5,red,9.1,14.0,0.1261,off_dry,medium,0,2.208,0.00867,0
9.65,0.31,0.44,2.3,0.08,22.0,46.0,0.9988,3.32,0.67,9.7,6,red,10.4,31.129,0.4783,off_dry,medium,0,2.303,0.00825,0
9.4,0.4,0.31,2.2,0.09,13.0,62.0,0.9966,3.07,0.63,10.5,6,red,10.11,23.5,0.2097,off_dry,medium,0,2.208,0.00857,0
8.3,0.54,0.28,1.9,0.077,11.0,40.0,0.9978,3.39,0.61,10.0,6,red,9.12,15.37,0.275,off_dry,medium,0,1.904,0.0077,0
7.8,0.56,0.12,2.0,0.082,7.0,28.0,0.997,3.37,0.5,9.4,6,red,8.48,13.929,0.25,off_dry,medium,0,2.006,0.00872,0
8.8,0.55,0.04,2.2,0.10800000000000001,14.0,56.0,0.9962,3.21,0.6,10.9,6,red,9.39,16.0,0.25,off_dry,high,0,2.208,0.00991,0
7.0,0.6799999999999999,0.08,1.8,0.097,22.0,89.0,0.9959,3.34,0.54,9.2,6,red,7.76,10.294,0.2472,off_dry,medium,0,1.807,0.01054,0
7.3,0.6799999999999999,0.09,1.7,0.10800000000000001,10.0,89.0,0.9962,3.3,0.57,9.0,5,red,8.07,10.735,0.1124,off_dry,low,0,1.706,0.012,0
7.3,0.6799999999999999,0.0,2.5,0.075,3.0,13.0,0.998,3.49,0.52,9.2,5,red,7.98,10.735,0.2308,off_dry,medium,0,2.505,0.00815,0
8.0,0.6799999999999999,0.0,2.6,0.08,11.0,34.0,0.9976,3.44,0.53,9.5,5,red,8.68,11.765,0.3235,off_dry,medium,0,2.606,0.00842,0
7.8,0.5,0.17,1.6,0.082,21.0,102.0,0.996,3.39,0.48,9.5,5,red,8.47,15.6,0.2059,off_dry,medium,0,1.606,0.00863,0
9.0,0.62,0.04,1.9,0.10800000000000001,27.0,90.0,0.9984,3.16,0.7,9.4,5,red,9.66,14.516,0.3,off_dry,medium,0,1.903,0.01149,0
8.2,0.6799999999999999,0.0,1.7,0.081,3.0,12.0,0.9964,3.53,0.49,10.9,5,red,8.88,12.059,0.25,off_dry,high,0,1.706,0.00743,0
8.1,0.6799999999999999,0.0,1.8,0.082,3.0,12.0,0.9964,3.54,0.48,10.9,5,red,8.78,11.912,0.25,off_dry,high,0,1.807,0.00752,0
8.0,0.59,0.16,1.8,0.065,3.0,16.0,0.9962,3.42,0.855,10.5,7,red,8.75,13.559,0.1875,off_dry,medium,0,1.807,0.00619,1
6.1,0.38,0.15,1.8,0.072,6.0,19.0,0.9955,3.42,0.57,9.4,5,red,6.63,16.053,0.3158,off_dry,medium,0,1.808,0.00766,0
8.0,0.6799999999999999,0.56,2.0,0.10800000000000001,30.0,134.0,0.9968,3.24,0.66,9.4,5,red,9.24,11.765,0.2239,off_dry,medium,0,2.006,0.01149,0
5.6,0.5,0.09,2.3,0.049,17.0,99.0,0.9937,3.63,0.63,13.0,5,red,6.19,11.2,0.1717,off_dry,very_high,1,2.315,0.00377,0
6.6,0.5,0.01,1.5,0.06,17.0,26.0,0.9952,3.4,0.58,9.8,6,red,7.11,13.2,0.6538,off_dry,medium,0,1.507,0.00612,0
7.9,0.6799999999999999,0.05,2.2,0.084,13.0,29.0,0.9959,3.22,0.55,9.9,6,red,8.63,11.618,0.4483,off_dry,medium,0,2.209,0.00848,0
8.4,0.6799999999999999,0.11,1.9,0.09,16.0,63.0,0.9965,3.19,0.82,9.6,5,red,9.19,12.353,0.254,off_dry,medium,0,1.907,0.00937,0
8.3,0.6799999999999999,0.15,1.8,0.089,10.0,52.0,0.9968,3.23,0.77,9.5,5,red,9.13,12.206,0.1923,off_dry,medium,0,1.806,0.00937,0
7.2,0.415,0.36,2.0,0.081,13.0,45.0,0.9972,3.48,0.64,9.2,5,red,7.975,17.349,0.2889,off_dry,medium,0,2.006,0.0088,0
7.8,0.56,0.19,2.1,0.081,15.0,105.0,0.9962,3.33,0.54,9.5,5,red,8.55,13.929,0.1429,off_dry,medium,0,2.108,0.00853,0
7.8,0.56,0.19,2.0,0.081,17.0,108.0,0.9962,3.32,0.54,9.5,5,red,8.55,13.929,0.1574,off_dry,medium,0,2.008,0.00853,0
5.2,0.34,0.0,1.8,0.05,27.0,63.0,0.9916,3.66,0.79,14.0,6,red,5.54,15.294,0.4286,off_dry,very_high,1,1.815,0.00357,0
6.3,0.39,0.08,1.7,0.066,3.0,20.0,0.9954,3.34,0.58,9.4,5,red,6.77,16.154,0.15,off_dry,medium,0,1.708,0.00702,0
8.1,0.67,0.55,1.8,0.10800000000000001,32.0,141.0,0.9968,3.17,0.62,9.4,5,red,9.32,12.09,0.227,off_dry,medium,0,1.806,0.01149,0
5.8,0.6799999999999999,0.02,1.8,0.087,21.0,94.0,0.9944,3.54,0.52,10.0,5,red,6.5,8.529,0.2234,off_dry,medium,0,1.81,0.0087,0
7.6,0.49,0.26,1.6,0.10800000000000001,10.0,88.0,0.9968,3.11,0.8,9.3,5,red,8.35,15.51,0.1136,off_dry,medium,0,1.605,0.01161,0
6.9,0.49,0.1,2.3,0.074,12.0,30.0,0.9959,3.42,0.58,10.2,6,red,7.49,14.082,0.4,off_dry,medium,0,2.309,0.00725,0
8.2,0.4,0.44,2.8,0.089,11.0,43.0,0.9975,3.53,0.61,10.5,6,red,9.04,20.5,0.2558,off_dry,medium,0,2.807,0.00848,0
7.3,0.33,0.47,2.1,0.077,5.0,11.0,0.9958,3.33,0.53,10.3,6,red,8.1,22.121,0.4545,off_dry,medium,0,2.109,0.00748,0
9.2,0.52,0.6400000000000001,3.4,0.10800000000000001,32.0,69.0,0.9996,2.7799999999999994,0.855,9.4,4,red,10.36,17.692,0.4638,off_dry,medium,0,3.401,0.01149,0
7.5,0.6,0.03,1.8,0.095,25.0,99.0,0.995,3.35,0.54,10.1,5,red,8.13,12.5,0.2525,off_dry,medium,0,1.809,0.00941,0
7.1,0.43,0.42,5.5,0.07,29.0,129.0,0.9973,3.42,0.72,10.5,5,red,7.95,16.512,0.2248,medium,medium,0,5.515,0.00667,0
7.1,0.43,0.42,5.5,0.071,28.0,128.0,0.9973,3.42,0.71,10.5,5,red,7.95,16.512,0.2187,medium,medium,0,5.515,0.00676,0
7.1,0.6799999999999999,0.0,2.2,0.073,12.0,22.0,0.9969,3.48,0.5,9.3,5,red,7.78,10.441,0.5455,off_dry,medium,0,2.207,0.00785,0
6.8,0.6,0.18,1.9,0.079,18.0,86.0,0.9968,3.59,0.57,9.3,6,red,7.58,11.333,0.2093,off_dry,medium,0,1.906,0.00849,0
7.6,0.6799999999999999,0.03,2.0,0.09,7.0,20.0,0.9959,3.2,0.56,9.6,5,red,8.31,11.176,0.35,off_dry,medium,0,2.008,0.00937,0
7.6,0.6799999999999999,0.02,1.3,0.072,9.0,20.0,0.9965,3.17,0.855,9.2,4,red,8.3,11.176,0.45,off_dry,medium,0,1.305,0.00783,0
7.8,0.53,0.04,1.7,0.076,17.0,31.0,0.9964,3.33,0.56,10.0,6,red,8.37,14.717,0.5484,off_dry,medium,0,1.706,0.0076,0
7.4,0.6,0.26,7.3,0.07,36.0,121.0,0.9982,3.37,0.49,9.4,5,red,8.26,12.333,0.2975,medium,medium,0,7.313,0.00745,0
7.3,0.59,0.26,7.2,0.07,35.0,121.0,0.9981,3.37,0.49,9.4,5,red,8.15,12.373,0.2893,medium,medium,0,7.214,0.00745,0
7.8,0.63,0.48,1.7,0.1,14.0,96.0,0.9961,3.19,0.62,9.5,5,red,8.91,12.381,0.1458,off_dry,medium,0,1.707,0.01053,0
6.8,0.64,0.1,2.1,0.085,18.0,101.0,0.9956,3.34,0.52,10.2,5,red,7.54,10.625,0.1782,off_dry,medium,0,2.109,0.00833,0
7.3,0.55,0.03,1.6,0.072,17.0,42.0,0.9956,3.37,0.48,9.0,4,red,7.88,13.273,0.4048,off_dry,low,0,1.607,0.008,0
6.8,0.63,0.07,2.1,0.089,11.0,44.0,0.9953,3.47,0.55,10.4,6,red,7.5,10.794,0.25,off_dry,medium,0,2.11,0.00856,0
7.5,0.6799999999999999,0.24,1.8,0.10800000000000001,15.0,63.0,0.9964,3.0,0.855,9.5,5,red,8.42,11.029,0.2381,off_dry,medium,0,1.807,0.01137,0
7.9,0.6799999999999999,0.03,1.8,0.058,4.0,8.0,0.9972,3.36,0.33,9.1,4,red,8.61,11.618,0.5,off_dry,medium,0,1.805,0.00637,0
8.0,0.42,0.17,2.0,0.073,6.0,18.0,0.9972,3.29,0.61,9.2,6,red,8.59,19.048,0.3333,off_dry,medium,0,2.006,0.00793,0
7.4,0.62,0.05,1.9,0.068,24.0,42.0,0.9961,3.42,0.57,11.5,6,red,8.07,11.935,0.5714,off_dry,high,0,1.907,0.00591,0
7.3,0.38,0.21,2.0,0.08,7.0,35.0,0.9961,3.33,0.47,9.5,5,red,7.89,19.21,0.2,off_dry,medium,0,2.008,0.00842,0
6.9,0.5,0.04,1.5,0.085,19.0,49.0,0.9958,3.35,0.78,9.5,5,red,7.44,13.8,0.3878,off_dry,medium,0,1.506,0.00895,0
7.5,0.52,0.42,2.3,0.087,8.0,38.0,0.9972,3.58,0.61,10.5,6,red,8.44,14.423,0.2105,off_dry,medium,0,2.306,0.00829,0
7.0,0.6799999999999999,0.0,2.5,0.068,7.0,20.0,0.9969,3.48,0.56,9.6,5,red,7.68,10.294,0.35,off_dry,medium,0,2.508,0.00708,0
8.8,0.61,0.14,2.4,0.067,10.0,42.0,0.9969,3.19,0.59,9.5,5,red,9.55,14.426,0.2381,off_dry,medium,0,2.407,0.00705,0
8.9,0.61,0.49,2.0,0.10800000000000001,23.0,110.0,0.9972,3.12,0.855,9.3,5,red,10.0,14.59,0.2091,off_dry,medium,0,2.006,0.01161,0
7.2,0.6799999999999999,0.02,2.5,0.076,16.0,42.0,0.9972,3.44,0.52,9.3,5,red,7.9,10.588,0.381,off_dry,medium,0,2.507,0.00817,0
6.8,0.61,0.2,1.8,0.077,11.0,65.0,0.9971,3.54,0.58,9.3,5,red,7.61,11.148,0.1692,off_dry,medium,0,1.805,0.00828,0
6.7,0.62,0.21,1.9,0.079,8.0,62.0,0.997,3.52,0.58,9.3,6,red,7.53,10.806,0.129,off_dry,medium,0,1.906,0.00849,0
8.9,0.31,0.57,2.0,0.10800000000000001,26.0,85.0,0.9971,3.26,0.53,9.7,5,red,9.78,28.71,0.3059,off_dry,medium,0,2.006,0.01113,0
7.4,0.39,0.48,2.0,0.082,14.0,67.0,0.9972,3.34,0.55,9.2,5,red,8.27,18.974,0.209,off_dry,medium,0,2.006,0.00891,0
7.7,0.6799999999999999,0.1,2.6,0.084,9.0,26.0,0.9976,3.39,0.49,9.7,5,red,8.48,11.324,0.3462,off_dry,medium,0,2.606,0.00866,0
7.9,0.5,0.33,2.0,0.084,15.0,143.0,0.9968,3.2,0.55,9.5,5,red,8.73,15.8,0.1049,off_dry,medium,0,2.006,0.00884,0
7.9,0.49,0.32,1.9,0.082,17.0,144.0,0.9968,3.2,0.55,9.5,5,red,8.71,16.122,0.1181,off_dry,medium,0,1.906,0.00863,0
8.2,0.5,0.35,2.9,0.077,21.0,127.0,0.9976,3.23,0.62,9.4,5,red,9.05,16.4,0.1654,off_dry,medium,0,2.907,0.00819,0
6.4,0.37,0.25,1.9,0.074,21.0,49.0,0.9974,3.57,0.62,9.8,6,red,7.02,17.297,0.4286,off_dry,medium,0,1.905,0.00755,0
6.8,0.63,0.12,3.8,0.099,16.0,126.0,0.9969,3.28,0.61,9.5,5,red,7.55,10.794,0.127,off_dry,medium,0,3.812,0.01042,0
7.6,0.55,0.21,2.2,0.071,7.0,28.0,0.9964,3.28,0.55,9.7,5,red,8.36,13.818,0.25,off_dry,medium,0,2.208,0.00732,0
7.8,0.59,0.33,2.0,0.074,24.0,120.0,0.9968,3.25,0.54,9.4,5,red,8.72,13.22,0.2,off_dry,medium,0,2.006,0.00787,0
7.3,0.58,0.3,2.4,0.074,15.0,55.0,0.9968,3.46,0.59,10.2,5,red,8.18,12.586,0.2727,off_dry,medium,0,2.408,0.00725,0
9.65,0.3,0.6,2.0,0.067,12.0,27.0,0.9981,3.11,0.855,10.1,6,red,10.55,32.167,0.4444,off_dry,medium,0,2.004,0.00663,0
5.4,0.6799999999999999,0.08,1.2,0.046,13.0,93.0,0.9924,3.57,0.85,13.0,7,red,6.16,7.941,0.1398,off_dry,very_high,1,1.209,0.00354,1
6.9,0.6799999999999999,0.06,2.1,0.061,12.0,31.0,0.9948,3.51,0.43,11.4,4,red,7.64,10.147,0.3871,off_dry,high,0,2.111,0.00535,0
9.6,0.32,0.47,1.4,0.056,9.0,24.0,0.99695,3.22,0.82,10.3,7,red,10.39,30.0,0.375,off_dry,medium,0,1.404,0.00544,1
8.8,0.37,0.48,2.1,0.097,39.0,145.0,0.9975,3.04,0.855,9.3,5,red,9.65,23.784,0.269,off_dry,medium,0,2.105,0.01043,0
6.8,0.5,0.11,1.5,0.075,16.0,49.0,0.99545,3.36,0.79,9.5,5,red,7.41,13.6,0.3265,off_dry,medium,0,1.507,0.00789,0
7.0,0.42,0.35,1.6,0.088,16.0,39.0,0.9961,3.34,0.55,9.2,5,red,7.77,16.667,0.4103,off_dry,medium,0,1.606,0.00957,0
7.0,0.43,0.36,1.6,0.089,14.0,37.0,0.99615,3.34,0.56,9.2,6,red,7.79,16.279,0.3784,off_dry,medium,0,1.606,0.00967,0
9.65,0.3,0.6400000000000001,2.6,0.095,9.0,28.0,0.9994,3.2,0.77,10.8,7,red,10.59,32.167,0.3214,off_dry,high,0,2.602,0.0088,1
7.8,0.57,0.31,1.8,0.069,26.0,120.0,0.99625,3.29,0.53,9.3,5,red,8.68,13.684,0.2167,off_dry,medium,0,1.807,0.00742,0
7.8,0.44,0.28,2.7,0.1,18.0,95.0,0.9966,3.22,0.67,9.4,5,red,8.52,17.727,0.1895,off_dry,medium,0,2.709,0.01064,0
9.65,0.3,0.58,2.1,0.054,7.0,19.0,0.998,3.31,0.855,10.5,7,red,10.53,32.167,0.3684,off_dry,medium,0,2.104,0.00514,1
9.65,0.53,0.6,2.0,0.039,5.0,19.0,0.99585,3.3,0.855,12.4,6,red,10.78,18.208,0.2632,off_dry,very_high,1,2.008,0.00315,0
8.0,0.6799999999999999,0.24,2.8,0.083,10.0,62.0,0.99685,3.35,0.56,10.0,6,red,8.92,11.765,0.1613,off_dry,medium,0,2.809,0.0083,0
9.65,0.44,0.64,2.1,0.059,5.0,15.0,0.998,3.21,0.67,10.2,6,red,10.73,21.932,0.3333,off_dry,medium,0,2.104,0.00578,0
8.2,0.57,0.26,2.2,0.06,28.0,65.0,0.9959,3.3,0.43,10.1,5,red,9.03,14.386,0.4308,off_dry,medium,0,2.209,0.00594,0
7.8,0.6799999999999999,0.08,2.4,0.092,10.0,41.0,0.9974,3.24,0.71,9.8,6,red,8.56,11.471,0.2439,off_dry,medium,0,2.406,0.00939,0
7.0,0.49,0.49,5.6,0.06,26.0,121.0,0.9974,3.34,0.76,10.5,5,red,7.98,14.286,0.2149,medium,medium,0,5.615,0.00571,0
8.7,0.625,0.16,2.0,0.101,13.0,49.0,0.9962,3.14,0.57,11.0,5,red,9.485,13.92,0.2653,off_dry,high,0,2.008,0.00918,0
8.1,0.6799999999999999,0.22,2.2,0.072,11.0,41.0,0.9967,3.36,0.55,9.1,5,red,9.0,11.912,0.2683,off_dry,medium,0,2.207,0.00791,0
7.5,0.49,0.19,1.9,0.076,10.0,44.0,0.9957,3.39,0.54,9.7,5,red,8.18,15.306,0.2273,off_dry,medium,0,1.908,0.00784,0
7.8,0.53,0.33,2.4,0.08,24.0,144.0,0.99655,3.3,0.6,9.5,5,red,8.66,14.717,0.1667,off_dry,medium,0,2.408,0.00842,0
7.8,0.34,0.37,2.0,0.082,24.0,58.0,0.9964,3.34,0.59,9.4,6,red,8.51,22.941,0.4138,off_dry,medium,0,2.007,0.00872,0
7.4,0.53,0.26,2.0,0.101,16.0,72.0,0.9957,3.15,0.57,9.4,5,red,8.19,13.962,0.2222,off_dry,medium,0,2.009,0.01074,0
6.8,0.61,0.04,1.5,0.057,5.0,10.0,0.99525,3.42,0.6,9.5,5,red,7.45,11.148,0.5,off_dry,medium,0,1.507,0.006,0
8.6,0.645,0.25,2.0,0.083,8.0,28.0,0.99815,3.28,0.6,10.0,6,red,9.495,13.333,0.2857,off_dry,medium,0,2.004,0.0083,0
8.4,0.635,0.36,2.0,0.089,15.0,55.0,0.99745,3.31,0.57,10.4,4,red,9.395,13.228,0.2727,off_dry,medium,0,2.005,0.00856,0
7.7,0.43,0.25,2.6,0.073,29.0,63.0,0.99615,3.37,0.58,10.5,6,red,8.38,17.907,0.4603,off_dry,medium,0,2.61,0.00695,0
8.9,0.59,0.5,2.0,0.10800000000000001,27.0,81.0,0.9964,3.04,0.855,9.5,6,red,9.99,15.085,0.3333,off_dry,medium,0,2.007,0.01137,0
9.0,0.6799999999999999,0.14,2.6,0.089,9.0,23.0,0.9984,3.39,0.63,9.8,5,red,9.82,13.235,0.3913,off_dry,medium,0,2.604,0.00908,0
6.9,0.52,0.25,2.6,0.081,10.0,37.0,0.99685,3.46,0.5,11.0,5,red,7.67,13.269,0.2703,off_dry,high,0,2.608,0.00736,0
5.2,0.48,0.04,1.6,0.054,19.0,106.0,0.9927,3.54,0.62,12.2,7,red,5.72,10.833,0.1792,off_dry,very_high,1,1.612,0.00443,1
8.0,0.38,0.06,1.8,0.078,12.0,49.0,0.99625,3.37,0.52,9.9,6,red,8.44,21.053,0.2449,off_dry,medium,0,1.807,0.00788,0
8.5,0.37,0.2,2.8,0.09,18.0,58.0,0.998,3.34,0.7,9.6,6,red,9.07,22.973,0.3103,off_dry,medium,0,2.806,0.00937,0
8.2,0.6799999999999999,0.09,2.3,0.065,7.0,37.0,0.99685,3.32,0.55,9.0,6,red,8.97,12.059,0.1892,off_dry,low,0,2.307,0.00722,0
7.2,0.63,0.0,1.9,0.097,14.0,38.0,0.99675,3.37,0.58,9.0,6,red,7.83,11.429,0.3684,off_dry,low,0,1.906,0.01078,0
7.2,0.645,0.0,1.9,0.097,15.0,39.0,0.99675,3.37,0.58,9.2,6,red,7.845,11.163,0.3846,off_dry,medium,0,1.906,0.01054,0
8.9,0.635,0.37,1.7,0.10800000000000001,5.0,62.0,0.9971,3.0,0.855,9.3,5,red,9.905,14.016,0.0806,off_dry,medium,0,1.705,0.01161,0
9.65,0.38,0.56,2.1,0.093,6.0,24.0,0.99925,3.14,0.71,10.9,6,red,10.59,25.395,0.25,off_dry,high,0,2.102,0.00853,0
7.7,0.58,0.1,1.8,0.102,28.0,109.0,0.99565,3.08,0.49,9.8,6,red,8.38,13.276,0.2569,off_dry,medium,0,1.808,0.01041,0
9.65,0.21,0.44,2.2,0.075,10.0,24.0,1.00005,3.07,0.84,9.2,7,red,10.3,45.952,0.4167,off_dry,medium,0,2.2,0.00815,1
7.3,0.66,0.0,2.0,0.084,6.0,23.0,0.9983,3.61,0.855,9.9,6,red,7.96,11.061,0.2609,off_dry,medium,0,2.003,0.00848,0
7.1,0.6799999999999999,0.07,1.9,0.075,16.0,51.0,0.99685,3.38,0.52,9.5,5,red,7.85,10.441,0.3137,off_dry,medium,0,1.906,0.00789,0
8.2,0.6,0.17,2.3,0.072,11.0,73.0,0.9963,3.2,0.45,9.3,5,red,8.97,13.667,0.1507,off_dry,medium,0,2.309,0.00774,0
7.7,0.53,0.06,1.7,0.074,9.0,39.0,0.99615,3.35,0.48,9.8,6,red,8.29,14.528,0.2308,off_dry,medium,0,1.707,0.00755,0
9.65,0.32,0.44,1.6,0.063,16.0,37.0,0.9985,3.22,0.78,10.0,6,red,10.41,30.156,0.4324,off_dry,medium,0,1.602,0.0063,0
7.1,0.6,0.0,1.8,0.074,16.0,34.0,0.9972,3.47,0.7,9.9,6,red,7.7,11.833,0.4706,off_dry,medium,0,1.805,0.00747,0
9.65,0.35,0.48,3.1,0.09,5.0,21.0,0.9986,3.17,0.53,10.5,5,red,10.48,27.571,0.2381,off_dry,medium,0,3.104,0.00857,0
7.7,0.6799999999999999,0.42,1.9,0.092,8.0,86.0,0.9959,3.23,0.59,9.5,5,red,8.8,11.324,0.093,off_dry,medium,0,1.908,0.00968,0
8.0,0.57,0.23,3.2,0.073,17.0,119.0,0.99675,3.26,0.57,9.3,5,red,8.8,14.035,0.1429,off_dry,medium,0,3.21,0.00785,0
9.4,0.34,0.37,2.2,0.075,5.0,13.0,0.998,3.22,0.62,9.2,5,red,10.11,27.647,0.3846,off_dry,medium,0,2.204,0.00815,0
6.6,0.6799999999999999,0.0,2.1,0.075,12.0,56.0,0.9968,3.49,0.67,9.2,5,red,7.28,9.706,0.2143,off_dry,medium,0,2.107,0.00815,0
7.7,0.41,0.6400000000000001,1.8,0.10800000000000001,8.0,45.0,0.9968,3.06,0.855,9.4,5,red,8.75,18.78,0.1778,off_dry,medium,0,1.806,0.01149,0
9.65,0.31,0.47,2.6,0.085,14.0,33.0,0.99965,3.36,0.8,10.5,7,red,10.43,31.129,0.4242,off_dry,medium,0,2.601,0.0081,1
7.9,0.33,0.23,1.7,0.077,18.0,45.0,0.99625,3.29,0.65,9.3,5,red,8.46,23.939,0.4,off_dry,medium,0,1.706,0.00828,0
7.0,0.6799999999999999,0.04,2.0,0.087,12.0,67.0,0.99565,3.35,0.6,9.4,4,red,7.72,10.294,0.1791,off_dry,medium,0,2.009,0.00926,0
8.0,0.52,0.03,1.7,0.07,10.0,35.0,0.99575,3.34,0.57,10.0,5,red,8.55,15.385,0.2857,off_dry,medium,0,1.707,0.007,0
7.9,0.37,0.23,1.8,0.077,23.0,49.0,0.9963,3.28,0.67,9.3,5,red,8.5,21.351,0.4694,off_dry,medium,0,1.807,0.00828,0
9.65,0.56,0.49,2.4,0.064,5.0,27.0,0.9999,3.08,0.855,10.9,5,red,10.7,17.232,0.1852,off_dry,high,0,2.4,0.00587,0
9.65,0.26,0.52,1.8,0.071,6.0,10.0,0.9968,3.2,0.72,10.2,7,red,10.43,37.115,0.6,off_dry,medium,0,1.806,0.00696,1
8.1,0.6799999999999999,0.0,3.3,0.096,26.0,61.0,1.00025,3.6,0.72,9.8,4,red,8.78,11.912,0.4262,off_dry,medium,0,3.299,0.0098,0
7.9,0.35,0.46,3.6,0.078,15.0,37.0,0.9973,3.35,0.855,12.8,8,red,8.71,22.571,0.4054,off_dry,very_high,1,3.61,0.00609,1
6.9,0.54,0.04,3.0,0.077,7.0,27.0,0.9987,3.66,0.855,9.4,6,red,7.48,12.778,0.2593,off_dry,medium,0,3.004,0.00819,0
9.65,0.18,0.51,4.0,0.104,4.0,23.0,0.9996,3.28,0.855,10.1,6,red,10.34,53.611,0.1739,off_dry,medium,0,4.002,0.0103,0
7.9,0.545,0.06,4.0,0.087,27.0,61.0,0.9965,3.36,0.67,10.7,6,red,8.505,14.495,0.4426,off_dry,high,0,4.014,0.00813,0
9.65,0.37,0.58,4.0,0.071,17.0,65.0,0.99935,3.22,0.78,10.1,5,red,10.6,26.081,0.2615,off_dry,medium,0,4.003,0.00703,0
8.4,0.6799999999999999,0.2,2.4,0.076,10.0,38.0,0.99735,3.31,0.64,9.4,5,red,9.28,12.353,0.2632,off_dry,medium,0,2.406,0.00809,0
7.5,0.65,0.18,7.0,0.088,27.0,94.0,0.99915,3.38,0.77,9.4,5,red,8.33,11.538,0.2872,medium,medium,0,7.006,0.00936,0
9.65,0.32,0.45,6.4,0.073,5.0,13.0,0.9976,3.23,0.82,12.6,8,red,10.42,30.156,0.3846,medium,very_high,1,6.415,0.00579,1
8.9,0.4,0.32,5.6,0.087,10.0,47.0,0.9991,3.38,0.77,10.5,7,red,9.62,22.25,0.2128,medium,medium,0,5.605,0.00829,1
9.65,0.26,0.44,3.6,0.071,6.0,19.0,0.9986,3.12,0.82,9.3,6,red,10.35,37.115,0.3158,off_dry,medium,0,3.605,0.00763,0
7.7,0.27,0.6400000000000001,3.5,0.10800000000000001,5.0,10.0,0.9972,3.25,0.855,9.9,7,red,8.61,28.518,0.5,off_dry,medium,0,3.51,0.01091,1
7.6,0.52,0.12,3.0,0.067,12.0,53.0,0.9971,3.36,0.57,9.1,5,red,8.24,14.615,0.2264,off_dry,medium,0,3.009,0.00736,0
9.65,0.59,0.07,3.4,0.102,32.0,71.0,1.00015,3.31,0.71,9.8,5,red,10.31,16.356,0.4507,off_dry,medium,0,3.399,0.01041,0
9.65,0.45,0.55,2.0,0.073,25.0,49.0,0.9997,3.1,0.76,10.3,6,red,10.65,21.444,0.5102,off_dry,medium,0,2.001,0.00709,0
7.5,0.4,0.12,3.0,0.092,29.0,53.0,0.9967,3.37,0.7,10.3,6,red,8.02,18.75,0.5472,off_dry,medium,0,3.01,0.00893,0
8.7,0.52,0.09,2.5,0.091,20.0,49.0,0.9976,3.34,0.855,10.6,7,red,9.31,16.731,0.4082,off_dry,high,0,2.506,0.00858,1
9.65,0.42,0.53,3.3,0.105,33.0,98.0,1.001,3.2,0.855,9.2,5,red,10.6,22.976,0.3367,off_dry,medium,0,3.297,0.01141,0
9.65,0.2,0.48,2.0,0.10800000000000001,6.0,18.0,0.9979,3.3,0.71,10.5,5,red,10.33,48.25,0.3333,off_dry,medium,0,2.004,0.01029,0
9.65,0.55,0.23,2.7,0.091,18.0,48.0,0.9994,3.22,0.64,10.3,6,red,10.43,17.545,0.375,off_dry,medium,0,2.702,0.00883,0
6.9,0.36,0.25,2.4,0.098,5.0,16.0,0.9964,3.41,0.6,10.1,6,red,7.51,19.167,0.3125,off_dry,medium,0,2.409,0.0097,0
9.65,0.34,0.52,3.2,0.094,17.0,53.0,1.0014,3.05,0.81,9.5,6,red,10.51,28.382,0.3208,off_dry,medium,0,3.196,0.00989,0
9.65,0.5,0.46,2.5,0.073,5.0,27.0,1.0001,3.05,0.64,9.5,5,red,10.61,19.3,0.1852,off_dry,medium,0,2.5,0.00768,0
9.65,0.6799999999999999,0.37,2.6,0.086,26.0,70.0,0.9981,3.16,0.52,9.9,5,red,10.7,14.191,0.3714,off_dry,medium,0,2.605,0.00869,0
7.1,0.63,0.06,2.0,0.083,8.0,29.0,0.99855,3.66,0.73,9.6,5,red,7.79,11.27,0.2759,off_dry,medium,0,2.003,0.00865,0
7.2,0.65,0.02,2.3,0.094,5.0,31.0,0.9993,3.66,0.8,9.7,5,red,7.87,11.077,0.1613,off_dry,medium,0,2.302,0.00969,0
6.9,0.67,0.06,2.1,0.08,8.0,33.0,0.99845,3.66,0.71,9.6,5,red,7.63,10.298,0.2424,off_dry,medium,0,2.103,0.00833,0
7.5,0.53,0.06,2.6,0.086,20.0,44.0,0.9965,3.38,0.59,10.7,6,red,8.09,14.151,0.4545,off_dry,high,0,2.609,0.00804,0
9.65,0.18,0.48,1.5,0.068,7.0,15.0,0.9973,3.22,0.64,10.1,6,red,10.31,53.611,0.4667,off_dry,medium,0,1.504,0.00673,0
8.3,0.6799999999999999,0.12,2.6,0.092,12.0,28.0,0.9994,3.51,0.72,10.0,5,red,9.1,12.206,0.4286,off_dry,medium,0,2.602,0.0092,0
7.4,0.67,0.12,1.6,0.10800000000000001,5.0,21.0,0.996,3.39,0.54,9.5,5,red,8.19,11.045,0.2381,off_dry,medium,0,1.606,0.01137,0
8.4,0.65,0.6,2.1,0.10800000000000001,12.0,90.0,0.9973,3.2,0.52,9.2,5,red,9.65,12.923,0.1333,off_dry,medium,0,2.106,0.01174,0
9.65,0.53,0.48,2.5,0.063,6.0,25.0,0.9998,3.12,0.59,9.3,6,red,10.66,18.208,0.24,off_dry,medium,0,2.501,0.00677,0
7.6,0.62,0.32,2.2,0.082,7.0,54.0,0.9966,3.36,0.52,9.4,5,red,8.54,12.258,0.1296,off_dry,medium,0,2.208,0.00872,0
9.65,0.41,0.42,2.4,0.10800000000000001,6.0,14.0,0.9994,3.19,0.62,9.5,6,red,10.48,23.537,0.4286,off_dry,medium,0,2.401,0.01137,0
9.65,0.43,0.44,2.4,0.10800000000000001,5.0,12.0,0.9994,3.19,0.63,9.5,6,red,10.52,22.442,0.4167,off_dry,medium,0,2.401,0.01137,0
7.4,0.29,0.38,1.7,0.062,9.0,30.0,0.9968,3.41,0.53,9.5,6,red,8.07,25.517,0.3,off_dry,medium,0,1.705,0.00653,0
7.9,0.53,0.24,2.0,0.072,15.0,105.0,0.996,3.27,0.54,9.4,6,red,8.67,14.906,0.1429,off_dry,medium,0,2.008,0.00766,0
9.0,0.46,0.31,2.8,0.093,19.0,98.0,0.99815,3.32,0.63,9.5,6,red,9.77,19.565,0.1939,off_dry,medium,0,2.805,0.00979,0
8.6,0.47,0.3,3.0,0.076,30.0,135.0,0.9976,3.3,0.53,9.4,5,red,9.37,18.298,0.2222,off_dry,medium,0,3.007,0.00809,0
7.4,0.36,0.29,2.6,0.087,26.0,72.0,0.99645,3.39,0.68,11.0,5,red,8.05,20.555,0.3611,off_dry,high,0,2.609,0.00791,0
7.1,0.35,0.29,2.5,0.096,20.0,53.0,0.9962,3.42,0.65,11.0,6,red,7.74,20.286,0.3774,off_dry,high,0,2.51,0.00873,0
9.6,0.56,0.23,3.4,0.102,37.0,92.0,0.9996,3.3,0.65,10.1,5,red,10.39,17.143,0.4022,off_dry,medium,0,3.401,0.0101,0
9.6,0.6799999999999999,0.12,2.9,0.082,30.0,74.0,0.99865,3.3,0.64,10.4,6,red,10.4,14.118,0.4054,off_dry,medium,0,2.904,0.00788,0
9.65,0.66,0.39,3.2,0.083,21.0,59.0,0.9989,3.37,0.71,11.5,7,red,10.7,14.621,0.3559,off_dry,high,0,3.204,0.00722,1
9.3,0.61,0.26,3.4,0.09,25.0,87.0,0.99975,3.24,0.62,9.7,5,red,10.17,15.246,0.2874,off_dry,medium,0,3.401,0.00928,0
7.8,0.62,0.05,2.3,0.079,6.0,18.0,0.99735,3.29,0.63,9.3,5,red,8.47,12.581,0.3333,off_dry,medium,0,2.306,0.00849,0
9.65,0.59,0.42,2.8,0.09,35.0,73.0,0.999,3.28,0.7,9.5,6,red,10.66,16.356,0.4795,off_dry,medium,0,2.803,0.00947,0
9.65,0.49,0.2,11.0,0.071,13.0,50.0,1.0015,3.16,0.69,9.2,6,red,10.34,19.694,0.26,medium,medium,0,10.984,0.00772,0
9.65,0.53,0.6400000000000001,3.65,0.10800000000000001,6.0,14.0,0.9978,3.05,0.74,11.5,7,red,10.82,18.208,0.4286,off_dry,high,0,3.658,0.00939,1
9.65,0.44,0.5,4.5,0.107,5.0,13.0,0.998,3.28,0.83,11.5,5,red,10.59,21.932,0.3846,off_dry,high,0,4.509,0.0093,0
9.65,0.27,0.62,2.6,0.082,6.0,21.0,1.0002,3.16,0.67,9.7,6,red,10.54,35.741,0.2857,off_dry,medium,0,2.599,0.00845,0
9.65,0.46,0.39,2.0,0.061,7.0,15.0,0.9981,3.18,0.62,9.5,5,red,10.5,20.978,0.4667,off_dry,medium,0,2.004,0.00642,0
9.65,0.36,0.64,2.9,0.10800000000000001,10.0,41.0,0.998,3.23,0.66,12.5,6,red,10.65,26.805,0.2439,off_dry,very_high,1,2.906,0.00864,0
8.0,0.58,0.28,3.2,0.066,21.0,114.0,0.9973,3.22,0.54,9.4,6,red,8.86,13.793,0.1842,off_dry,medium,0,3.209,0.00702,0
8.4,0.56,0.08,2.1,0.105,16.0,44.0,0.9958,3.13,0.52,11.0,5,red,9.04,15.0,0.3636,off_dry,high,0,2.109,0.00955,0
7.9,0.65,0.01,2.5,0.078,17.0,38.0,0.9963,3.34,0.74,11.7,7,red,8.56,12.154,0.4474,off_dry,high,0,2.509,0.00667,1
9.65,0.6799999999999999,0.53,3.4,0.10800000000000001,7.0,21.0,0.9992,3.17,0.84,12.2,7,red,10.86,14.191,0.3333,off_dry,very_high,1,3.403,0.00885,1
8.9,0.43,0.45,1.9,0.052,6.0,16.0,0.9948,3.35,0.7,12.5,6,red,9.78,20.698,0.375,off_dry,very_high,1,1.91,0.00416,0
7.8,0.43,0.32,2.8,0.08,29.0,58.0,0.9974,3.31,0.64,10.3,5,red,8.55,18.139,0.5,off_dry,medium,0,2.807,0.00777,0
9.65,0.49,0.58,3.0,0.103,28.0,99.0,1.0008,3.16,0.855,11.5,6,red,10.72,19.694,0.2828,off_dry,high,0,2.998,0.00896,0
9.65,0.28,0.54,2.3,0.082,12.0,29.0,0.9997,3.11,0.855,9.8,7,red,10.47,34.464,0.4138,off_dry,medium,0,2.301,0.00837,1
9.65,0.34,0.5,2.4,0.066,10.0,21.0,1.0,3.12,0.855,9.2,6,red,10.49,28.382,0.4762,off_dry,medium,0,2.4,0.00717,0
9.65,0.42,0.48,2.7,0.065,5.0,18.0,0.9972,3.21,0.855,11.3,6,red,10.55,22.976,0.2778,off_dry,high,0,2.708,0.00575,0
9.65,0.39,0.47,1.8,0.10800000000000001,6.0,14.0,0.9982,3.3,0.75,9.8,6,red,10.51,24.744,0.4286,off_dry,medium,0,1.803,0.01102,0
9.65,0.57,0.5,2.6,0.082,6.0,32.0,1.0006,3.12,0.78,10.7,6,red,10.72,16.93,0.1875,off_dry,high,0,2.598,0.00766,0
7.0,0.6799999999999999,0.0,1.9,0.067,40.0,63.0,0.9979,3.6,0.81,9.9,5,red,7.68,10.294,0.6349,off_dry,medium,0,1.904,0.00677,0
6.6,0.6799999999999999,0.02,2.7,0.072,17.0,34.0,0.9955,3.58,0.855,12.3,7,red,7.3,9.706,0.5,off_dry,very_high,1,2.712,0.00585,1
9.65,0.49,0.6400000000000001,3.0,0.093,6.0,15.0,0.9986,3.02,0.855,12.0,6,red,10.78,19.694,0.4,off_dry,high,1,3.004,0.00775,0
9.6,0.56,0.31,2.8,0.089,15.0,46.0,0.9979,3.11,0.855,10.0,6,red,10.47,17.143,0.3261,off_dry,medium,0,2.806,0.0089,0
9.1,0.6799999999999999,0.0,2.6,0.093,11.0,28.0,0.9994,3.36,0.855,9.4,6,red,9.78,13.382,0.3929,off_dry,medium,0,2.602,0.00989,0
9.65,0.67,0.22,2.7,0.107,17.0,34.0,1.0004,3.28,0.855,9.9,6,red,10.54,14.403,0.5,off_dry,medium,0,2.699,0.01081,0
9.1,0.6799999999999999,0.0,2.6,0.096,11.0,26.0,0.9994,3.35,0.83,9.4,6,red,9.78,13.382,0.4231,off_dry,medium,0,2.602,0.01021,0
7.7,0.665,0.0,2.4,0.09,8.0,19.0,0.9974,3.27,0.73,9.3,5,red,8.365,11.579,0.4211,off_dry,medium,0,2.406,0.00968,0
9.65,0.53,0.6400000000000001,4.8,0.10800000000000001,23.0,77.0,1.0018,3.18,0.77,13.0,5,red,10.82,18.208,0.2987,off_dry,very_high,1,4.791,0.00831,0
6.1,0.21,0.4,1.4,0.066,40.5,165.0,0.9912,3.25,0.59,11.9,6,red,6.71,29.047,0.2455,off_dry,high,0,1.412,0.00555,0
6.7,0.6799999999999999,0.01,2.4,0.078,17.0,32.0,0.9955,3.55,0.61,12.8,6,red,7.39,9.853,0.5312,off_dry,very_high,1,2.411,0.00609,0
9.65,0.41,0.52,3.0,0.08,29.0,55.0,1.0001,3.26,0.855,11.0,5,red,10.58,23.537,0.5273,off_dry,high,0,3.0,0.00727,0
9.65,0.42,0.6400000000000001,2.95,0.10800000000000001,12.0,29.0,0.997,3.24,0.75,11.7,7,red,10.71,22.976,0.4138,off_dry,high,0,2.959,0.00923,1
9.65,0.43,0.6400000000000001,3.1,0.10800000000000001,10.0,23.0,1.0,3.15,0.85,10.4,7,red,10.72,22.442,0.4348,off_dry,medium,0,3.1,0.01038,1
9.65,0.38,0.6400000000000001,2.6,0.088,10.0,41.0,1.001,3.17,0.68,9.8,6,red,10.67,25.395,0.2439,off_dry,medium,0,2.597,0.00898,0
8.2,0.6799999999999999,0.23,2.0,0.099,14.0,81.0,0.9973,3.19,0.7,9.4,5,red,9.11,12.059,0.1728,off_dry,medium,0,2.005,0.01053,0
8.6,0.45,0.31,2.6,0.086,21.0,50.0,0.9982,3.37,0.855,9.9,6,red,9.36,19.111,0.42,off_dry,medium,0,2.605,0.00869,0
9.65,0.58,0.6400000000000001,2.5,0.072,6.0,37.0,0.9992,3.05,0.56,10.0,5,red,10.87,16.638,0.1622,off_dry,medium,0,2.502,0.0072,0
9.65,0.46,0.63,2.0,0.071,6.0,15.0,0.9988,2.99,0.855,10.2,5,red,10.74,20.978,0.4,off_dry,medium,0,2.002,0.00696,0
9.65,0.615,0.6400000000000001,5.8,0.083,7.0,42.0,1.0022,3.07,0.73,10.0,7,red,10.905,15.691,0.1667,medium,medium,0,5.787,0.0083,1
9.65,0.42,0.5,3.4,0.107,7.0,21.0,0.9979,3.26,0.855,11.8,6,red,10.57,22.976,0.3333,off_dry,high,0,3.407,0.00907,0
9.65,0.575,0.61,2.6,0.076,11.0,24.0,1.0,3.16,0.69,9.0,5,red,10.835,16.783,0.4583,off_dry,low,0,2.6,0.00844,0
9.65,0.34,0.52,2.8,0.10800000000000001,15.0,75.0,0.9998,3.18,0.64,9.4,5,red,10.51,28.382,0.2,off_dry,medium,0,2.801,0.01149,0
9.4,0.27,0.53,2.4,0.074,6.0,18.0,0.9962,3.2,0.855,12.0,7,red,10.2,34.815,0.3333,off_dry,high,1,2.409,0.00617,1
6.9,0.6799999999999999,0.02,2.3,0.063,35.0,63.0,0.9975,3.57,0.78,9.9,5,red,7.6,10.147,0.5556,off_dry,medium,0,2.306,0.00636,0
7.9,0.24,0.4,1.6,0.056,11.0,25.0,0.9967,3.32,0.855,8.7,6,red,8.54,32.917,0.44,off_dry,low,0,1.605,0.00644,0
9.1,0.28,0.48,1.8,0.067,26.0,46.0,0.9967,3.32,0.855,10.6,6,red,9.86,32.5,0.5652,off_dry,high,0,1.806,0.00632,0
7.4,0.55,0.22,2.2,0.106,12.0,72.0,0.9959,3.05,0.63,9.2,5,red,8.17,13.455,0.1667,off_dry,medium,0,2.209,0.01152,0
9.65,0.41,0.63,3.8,0.089,6.0,47.0,1.0014,3.01,0.81,10.8,6,red,10.69,23.537,0.1277,off_dry,high,0,3.795,0.00824,0
9.65,0.54,0.6400000000000001,4.4,0.10800000000000001,6.0,15.0,0.9984,3.01,0.83,11.8,7,red,10.83,17.87,0.4,off_dry,high,0,4.407,0.00915,1
9.65,0.45,0.5,3.0,0.078,19.0,47.0,1.0003,3.26,0.855,11.0,6,red,10.6,21.444,0.4043,off_dry,high,0,2.999,0.00709,0
9.65,0.625,0.6400000000000001,6.2,0.088,6.0,24.0,0.9988,3.11,0.855,13.3,6,red,10.915,15.44,0.25,medium,very_high,1,6.207,0.00662,0
8.3,0.42,0.38,2.5,0.094,24.0,60.0,0.9979,3.31,0.7,10.8,6,red,9.1,19.762,0.4,off_dry,high,0,2.505,0.0087,0
8.3,0.26,0.42,2.0,0.08,11.0,27.0,0.9974,3.21,0.8,9.4,6,red,8.98,31.923,0.4074,off_dry,medium,0,2.005,0.00851,0
9.65,0.415,0.6400000000000001,2.9,0.085,17.0,43.0,1.0014,3.06,0.8,10.0,6,red,10.705,23.253,0.3953,off_dry,medium,0,2.896,0.0085,0
7.7,0.51,0.28,2.1,0.087,23.0,54.0,0.998,3.42,0.74,9.2,5,red,8.49,15.098,0.4259,off_dry,medium,0,2.104,0.00946,0
7.4,0.63,0.07,2.4,0.09,11.0,37.0,0.9979,3.43,0.76,9.7,6,red,8.1,11.746,0.2973,off_dry,medium,0,2.405,0.00928,0
7.8,0.54,0.26,2.0,0.088,23.0,48.0,0.9981,3.41,0.74,9.2,6,red,8.6,14.444,0.4792,off_dry,medium,0,2.004,0.00957,0
8.3,0.66,0.15,1.9,0.079,17.0,42.0,0.9972,3.31,0.54,9.6,6,red,9.11,12.576,0.4048,off_dry,medium,0,1.905,0.00823,0
7.8,0.46,0.26,1.9,0.088,23.0,53.0,0.9981,3.43,0.74,9.2,6,red,8.52,16.956,0.434,off_dry,medium,0,1.904,0.00957,0
9.6,0.38,0.31,2.5,0.096,16.0,49.0,0.9982,3.19,0.7,10.0,7,red,10.29,25.263,0.3265,off_dry,medium,0,2.505,0.0096,1
5.6,0.6799999999999999,0.05,1.4,0.045,12.0,88.0,0.9924,3.56,0.82,12.9,8,red,6.33,8.235,0.1364,off_dry,very_high,1,1.411,0.00349,1
9.5,0.37,0.52,2.0,0.082,6.0,26.0,0.998,3.18,0.51,9.5,5,red,10.39,25.676,0.2308,off_dry,medium,0,2.004,0.00863,0
8.4,0.665,0.61,2.0,0.10800000000000001,13.0,95.0,0.997,3.16,0.54,9.1,5,red,9.675,12.632,0.1368,off_dry,medium,0,2.006,0.01187,0
9.65,0.6,0.6400000000000001,2.3,0.063,6.0,25.0,0.9997,3.03,0.57,9.9,5,red,10.89,16.083,0.24,off_dry,medium,0,2.301,0.00636,0
9.65,0.37,0.6400000000000001,4.2,0.066,7.0,38.0,1.0004,3.22,0.6,13.0,7,red,10.66,26.081,0.1842,off_dry,very_high,1,4.198,0.00508,1
6.6,0.6799999999999999,0.02,7.9,0.10800000000000001,68.0,124.0,0.9994,3.47,0.53,9.9,5,red,7.3,9.706,0.5484,medium,medium,0,7.905,0.01091,0
9.65,0.59,0.59,2.6,0.087,13.0,49.0,0.9988,3.18,0.65,11.0,6,red,10.83,16.356,0.2653,off_dry,high,0,2.603,0.00791,0
8.7,0.6799999999999999,0.22,2.3,0.064,9.0,42.0,0.9963,3.1,0.55,9.4,5,red,9.6,12.794,0.2143,off_dry,medium,0,2.309,0.00681,0
7.7,0.26,0.3,1.7,0.059,20.0,38.0,0.9949,3.29,0.47,10.8,6,red,8.26,29.615,0.5263,off_dry,high,0,1.709,0.00546,0
9.65,0.48,0.54,2.6,0.085,19.0,64.0,1.0,3.1,0.61,10.5,6,red,10.67,20.104,0.2969,off_dry,medium,0,2.6,0.0081,0
9.65,0.6,0.49,2.7,0.085,10.0,41.0,0.9994,3.15,0.63,10.5,6,red,10.74,16.083,0.2439,off_dry,medium,0,2.702,0.0081,0
7.7,0.6799999999999999,0.05,2.7,0.075,15.0,27.0,0.9974,3.26,0.61,9.1,5,red,8.43,11.324,0.5556,off_dry,medium,0,2.707,0.00824,0
8.7,0.31,0.46,1.4,0.059,11.0,25.0,0.9966,3.36,0.76,10.1,6,red,9.47,28.064,0.44,off_dry,medium,0,1.405,0.00584,0
9.65,0.44,0.47,2.5,0.063,9.0,28.0,0.9981,3.24,0.65,10.8,6,red,10.56,21.932,0.3214,off_dry,high,0,2.505,0.00583,0
9.65,0.39,0.6400000000000001,3.0,0.093,12.0,30.0,0.9996,3.18,0.63,10.8,7,red,10.68,24.744,0.4,off_dry,high,0,3.001,0.00861,1
9.65,0.34,0.58,3.7,0.10800000000000001,6.0,16.0,0.997,3.19,0.7,11.3,6,red,10.57,28.382,0.375,off_dry,high,0,3.711,0.00956,0
9.65,0.46,0.49,4.5,0.07,26.0,49.0,0.9981,3.05,0.57,9.6,4,red,10.6,20.978,0.5306,off_dry,medium,0,4.509,0.00729,0
9.0,0.43,0.34,2.5,0.08,26.0,86.0,0.9987,3.38,0.62,9.5,6,red,9.77,20.93,0.3023,off_dry,medium,0,2.503,0.00842,0
9.1,0.45,0.35,2.4,0.08,23.0,78.0,0.9987,3.38,0.62,9.5,5,red,9.9,20.222,0.2949,off_dry,medium,0,2.403,0.00842,0
7.1,0.6799999999999999,0.16,1.9,0.1,15.0,77.0,0.9966,3.27,0.64,9.3,5,red,7.94,10.441,0.1948,off_dry,medium,0,1.906,0.01075,0
9.65,0.4,0.53,6.7,0.097,6.0,19.0,0.9986,3.27,0.82,11.7,7,red,10.58,24.125,0.3158,medium,high,0,6.709,0.00829,1
8.8,0.52,0.34,2.7,0.087,24.0,122.0,0.9982,3.26,0.61,9.5,5,red,9.66,16.923,0.1967,off_dry,medium,0,2.705,0.00916,0
8.6,0.6799999999999999,0.24,6.6,0.10800000000000001,31.0,134.0,1.0014,3.32,0.855,9.3,5,red,9.52,12.647,0.2313,medium,medium,0,6.591,0.01161,0
9.65,0.48,0.64,2.2,0.10800000000000001,6.0,20.0,0.997,3.26,0.66,11.7,6,red,10.77,20.104,0.3,off_dry,high,0,2.207,0.00923,0
7.0,0.58,0.12,1.9,0.091,34.0,124.0,0.9956,3.44,0.48,10.5,5,red,7.7,12.069,0.2742,off_dry,medium,0,1.908,0.00867,0
9.65,0.38,0.51,2.0,0.10800000000000001,7.0,20.0,0.9996,3.24,0.76,10.4,6,red,10.54,25.395,0.35,off_dry,medium,0,2.001,0.01038,0
6.8,0.6799999999999999,0.0,1.8,0.066,34.0,52.0,0.9976,3.62,0.68,9.9,5,red,7.48,10.0,0.6538,off_dry,medium,0,1.804,0.00667,0
9.5,0.56,0.33,2.4,0.089,35.0,67.0,0.9972,3.28,0.73,11.8,7,red,10.39,16.964,0.5224,off_dry,high,0,2.407,0.00754,1
6.6,0.6799999999999999,0.03,2.3,0.059,32.0,48.0,0.9952,3.52,0.56,12.3,7,red,7.31,9.706,0.6667,off_dry,very_high,1,2.311,0.0048,1
7.7,0.6799999999999999,0.2,2.0,0.047,15.0,60.0,0.9955,3.36,0.44,10.9,5,red,8.58,11.324,0.25,off_dry,high,0,2.009,0.00431,0
9.65,0.24,0.47,2.1,0.066,6.0,24.0,0.9978,3.15,0.855,11.0,7,red,10.36,40.208,0.25,off_dry,high,0,2.105,0.006,1
6.4,0.67,0.08,2.1,0.045,19.0,48.0,0.9949,3.49,0.49,11.4,6,red,7.15,9.552,0.3958,off_dry,high,0,2.111,0.00395,0
9.5,0.6799999999999999,0.22,1.9,0.077,6.0,32.0,0.9988,3.26,0.56,10.6,6,red,10.4,13.971,0.1875,off_dry,high,0,1.902,0.00726,0
9.1,0.52,0.33,1.3,0.07,9.0,30.0,0.9978,3.24,0.6,9.3,5,red,9.95,17.5,0.3,off_dry,medium,0,1.303,0.00753,0
9.65,0.6799999999999999,0.63,2.4,0.088,13.0,35.0,0.9997,3.1,0.6,10.4,6,red,10.96,14.191,0.3714,off_dry,medium,0,2.401,0.00846,0
7.8,0.55,0.35,2.2,0.074,21.0,66.0,0.9974,3.25,0.56,9.2,5,red,8.7,14.182,0.3182,off_dry,medium,0,2.206,0.00804,0
9.65,0.37,0.6400000000000001,2.3,0.078,12.0,24.0,0.9958,3.0,0.65,12.8,6,red,10.66,26.081,0.5,off_dry,very_high,1,2.31,0.00609,0
9.65,0.39,0.63,2.3,0.091,6.0,18.0,1.0004,3.16,0.49,9.5,5,red,10.67,24.744,0.3333,off_dry,medium,0,2.299,0.00958,0
9.65,0.41,0.55,3.2,0.076,22.0,54.0,0.9996,3.15,0.855,9.9,6,red,10.61,23.537,0.4074,off_dry,medium,0,3.201,0.00768,0
8.0,0.67,0.3,2.0,0.06,38.0,62.0,0.9958,3.26,0.56,10.2,6,red,8.97,11.94,0.6129,off_dry,medium,0,2.008,0.00588,0
9.65,0.45,0.6400000000000001,3.2,0.066,6.0,22.0,0.9986,3.17,0.66,11.2,6,red,10.74,21.444,0.2727,off_dry,high,0,3.204,0.00589,0
7.0,0.62,0.18,1.5,0.062,7.0,50.0,0.9951,3.08,0.6,9.3,5,red,7.8,11.29,0.14,off_dry,medium,0,1.507,0.00667,0
9.65,0.31,0.6400000000000001,2.2,0.072,6.0,29.0,0.9987,2.88,0.82,9.8,8,red,10.6,31.129,0.2069,off_dry,medium,0,2.203,0.00735,1
9.65,0.4,0.6400000000000001,2.15,0.068,7.0,27.0,0.9988,3.06,0.68,11.3,6,red,10.69,24.125,0.2593,off_dry,high,0,2.153,0.00602,0
9.65,0.6799999999999999,0.6400000000000001,3.7,0.1,6.0,43.0,1.0032,2.95,0.68,11.2,7,red,10.97,14.191,0.1395,off_dry,high,0,3.688,0.00893,1
9.65,0.44,0.49,2.7,0.077,11.0,19.0,0.9963,3.23,0.63,11.6,7,red,10.58,21.932,0.5789,off_dry,high,0,2.71,0.00664,1
5.3,0.57,0.01,1.7,0.054,5.0,27.0,0.9934,3.57,0.84,12.5,7,red,5.88,9.298,0.1852,off_dry,very_high,1,1.711,0.00432,1
9.5,0.6799999999999999,0.1,2.1,0.079,6.0,31.0,0.9986,3.23,0.56,10.1,6,red,10.28,13.971,0.1935,off_dry,medium,0,2.103,0.00782,0
9.65,0.38,0.6,2.6,0.081,31.0,72.0,0.9996,3.1,0.73,10.5,5,red,10.63,25.395,0.4306,off_dry,medium,0,2.601,0.00771,0
9.3,0.48,0.29,2.1,0.10800000000000001,6.0,16.0,0.9968,3.22,0.72,11.2,5,red,10.07,19.375,0.375,off_dry,high,0,2.107,0.00964,0
8.6,0.53,0.22,2.0,0.1,7.0,27.0,0.9967,3.2,0.56,10.2,6,red,9.35,16.226,0.2593,off_dry,medium,0,2.007,0.0098,0
9.65,0.39,0.6400000000000001,2.8,0.095,17.0,35.0,0.9994,3.1,0.61,10.8,6,red,10.68,24.744,0.4857,off_dry,high,0,2.802,0.0088,0
8.4,0.37,0.53,1.8,0.10800000000000001,9.0,26.0,0.9979,3.06,0.855,9.1,6,red,9.3,22.703,0.3462,off_dry,medium,0,1.804,0.01187,0
6.8,0.56,0.03,1.7,0.084,18.0,35.0,0.9968,3.44,0.63,10.0,6,red,7.39,12.143,0.5143,off_dry,medium,0,1.705,0.0084,0
9.65,0.33,0.63,2.8,0.084,5.0,22.0,0.9998,3.26,0.74,11.2,7,red,10.61,29.242,0.2273,off_dry,high,0,2.801,0.0075,1
7.0,0.23,0.4,1.6,0.063,21.0,67.0,0.9952,3.5,0.63,11.1,5,red,7.63,30.435,0.3134,off_dry,high,0,1.608,0.00568,0
9.65,0.62,0.6400000000000001,5.2,0.086,6.0,19.0,0.9988,3.22,0.69,13.4,8,red,10.91,15.564,0.3158,medium,very_high,1,5.206,0.00642,1
8.9,0.59,0.39,2.3,0.095,5.0,22.0,0.9986,3.37,0.58,10.3,5,red,9.88,15.085,0.2273,off_dry,medium,0,2.303,0.00922,0
9.2,0.63,0.21,2.7,0.097,29.0,65.0,0.9988,3.28,0.58,9.6,5,red,10.04,14.603,0.4462,off_dry,medium,0,2.703,0.0101,0
9.65,0.58,0.6400000000000001,2.2,0.074,10.0,47.0,1.0008,3.25,0.57,9.0,3,red,10.87,16.638,0.2128,off_dry,low,0,2.198,0.00822,0
9.2,0.43,0.52,2.3,0.083,14.0,23.0,0.9976,3.35,0.61,11.3,6,red,10.15,21.395,0.6087,off_dry,high,0,2.306,0.00735,0
8.3,0.615,0.22,2.6,0.087,6.0,19.0,0.9982,3.26,0.61,9.3,5,red,9.135,13.496,0.3158,off_dry,medium,0,2.605,0.00935,0
9.65,0.26,0.6400000000000001,2.55,0.085,10.0,25.0,0.997,3.18,0.61,11.8,5,red,10.55,37.115,0.4,off_dry,high,0,2.558,0.0072,0
8.1,0.66,0.6400000000000001,2.2,0.098,25.0,129.0,0.9972,3.08,0.53,9.0,5,red,9.4,12.273,0.1938,off_dry,low,0,2.206,0.01089,0
9.65,0.315,0.54,2.1,0.084,5.0,15.0,0.9987,2.98,0.7,9.2,6,red,10.505,30.635,0.3333,off_dry,medium,0,2.103,0.00913,0
9.65,0.29,0.4,2.9,0.098,10.0,26.0,1.0006,3.48,0.855,9.7,5,red,10.34,33.276,0.3846,off_dry,medium,0,2.898,0.0101,0
9.65,0.5,0.42,2.0,0.069,21.0,51.0,0.9982,3.16,0.72,11.5,6,red,10.57,19.3,0.4118,off_dry,high,0,2.004,0.006,0
8.8,0.46,0.45,2.6,0.065,7.0,18.0,0.9947,3.32,0.79,14.0,6,red,9.71,19.13,0.3889,off_dry,very_high,1,2.614,0.00464,0
9.65,0.36,0.6400000000000001,2.1,0.09,6.0,21.0,1.0,3.17,0.62,9.2,6,red,10.65,26.805,0.2857,off_dry,medium,0,2.1,0.00978,0
8.7,0.6799999999999999,0.02,1.2,0.07,36.0,48.0,0.9952,3.2,0.58,9.8,5,red,9.4,12.794,0.75,off_dry,medium,0,1.206,0.00714,0
9.65,0.32,0.6400000000000001,2.6,0.093,15.0,47.0,0.9996,3.05,0.61,10.6,5,red,10.61,30.156,0.3191,off_dry,high,0,2.601,0.00877,0
9.6,0.54,0.42,2.4,0.081,25.0,52.0,0.997,3.2,0.71,11.4,6,red,10.56,17.778,0.4808,off_dry,high,0,2.407,0.00711,0
9.65,0.37,0.55,2.6,0.083,25.0,68.0,0.9995,3.15,0.82,10.4,6,red,10.57,26.081,0.3676,off_dry,medium,0,2.601,0.00798,0
9.65,0.35,0.55,2.1,0.062,5.0,14.0,0.9971,3.26,0.79,10.6,5,red,10.55,27.571,0.3571,off_dry,high,0,2.106,0.00585,0
9.65,0.28,0.51,1.7,0.08,10.0,24.0,0.9982,3.2,0.855,9.4,6,red,10.44,34.464,0.4167,off_dry,medium,0,1.703,0.00851,0
9.6,0.6799999999999999,0.24,2.2,0.087,5.0,28.0,0.9988,3.14,0.6,10.2,5,red,10.52,14.118,0.1786,off_dry,medium,0,2.203,0.00853,0
9.3,0.27,0.41,2.0,0.091,6.0,16.0,0.998,3.28,0.7,9.7,5,red,9.98,34.444,0.375,off_dry,medium,0,2.004,0.00938,0
9.65,0.24,0.49,1.8,0.075,6.0,20.0,0.9977,3.18,0.855,11.0,6,red,10.38,40.208,0.3,off_dry,high,0,1.804,0.00682,0
9.4,0.6799999999999999,0.11,2.7,0.077,6.0,31.0,0.9984,3.19,0.7,10.1,6,red,10.19,13.824,0.1935,off_dry,medium,0,2.704,0.00762,0
9.65,0.28,0.39,15.5,0.069,6.0,23.0,1.0026,3.12,0.66,9.2,5,red,10.32,34.464,0.2609,medium,medium,0,15.46,0.0075,0
9.4,0.3,0.56,2.8,0.08,6.0,17.0,0.9964,3.15,0.855,11.7,8,red,10.26,31.333,0.3529,off_dry,high,0,2.81,0.00684,1
9.65,0.36,0.59,2.2,0.10800000000000001,6.0,18.0,0.9986,3.04,0.855,9.4,5,red,10.6,26.805,0.3333,off_dry,medium,0,2.203,0.01149,0
9.65,0.36,0.6,2.2,0.10800000000000001,7.0,18.0,0.9986,3.04,0.855,9.4,5,red,10.61,26.805,0.3889,off_dry,medium,0,2.203,0.01149,0
9.65,0.44,0.6400000000000001,4.1,0.10800000000000001,6.0,24.0,0.997,3.06,0.66,13.4,6,red,10.73,21.932,0.25,off_dry,very_high,1,4.112,0.00806,0
9.65,0.67,0.39,1.9,0.054,6.0,17.0,0.9976,3.17,0.47,10.0,5,red,10.71,14.403,0.3529,off_dry,medium,0,1.905,0.0054,0
9.65,0.645,0.36,1.8,0.053,5.0,14.0,0.9982,3.17,0.42,10.0,6,red,10.655,14.961,0.3571,off_dry,medium,0,1.803,0.0053,0
9.65,0.32,0.55,2.8,0.081,35.0,67.0,1.0002,3.32,0.855,10.8,7,red,10.52,30.156,0.5224,off_dry,high,0,2.799,0.0075,1
9.3,0.39,0.4,2.6,0.073,10.0,26.0,0.9984,3.34,0.75,10.2,6,red,10.09,23.846,0.3846,off_dry,medium,0,2.604,0.00716,0
9.3,0.6799999999999999,0.27,2.8,0.078,24.0,56.0,0.9984,3.31,0.67,10.6,6,red,10.25,13.676,0.4286,off_dry,high,0,2.804,0.00736,0
9.2,0.41,0.5,2.5,0.055,12.0,25.0,0.9952,3.34,0.79,13.3,7,red,10.11,22.439,0.48,off_dry,very_high,1,2.512,0.00414,1
8.9,0.4,0.51,2.6,0.052,13.0,27.0,0.995,3.32,0.855,13.4,7,red,9.81,22.25,0.4815,off_dry,very_high,1,2.613,0.00388,1
8.7,0.6799999999999999,0.31,3.0,0.086,23.0,81.0,1.0002,3.48,0.74,11.6,6,red,9.69,12.794,0.284,off_dry,high,0,2.999,0.00741,0
6.5,0.39,0.23,8.3,0.051,28.0,91.0,0.9952,3.44,0.55,12.1,6,red,7.12,16.667,0.3077,medium,very_high,1,8.34,0.00421,0
9.65,0.35,0.53,2.6,0.07,5.0,16.0,0.9972,3.15,0.65,11.0,8,red,10.53,27.571,0.3125,off_dry,high,0,2.607,0.00636,1
7.8,0.52,0.25,1.9,0.081,14.0,38.0,0.9984,3.43,0.65,9.0,6,red,8.57,15.0,0.3684,off_dry,low,0,1.903,0.009,0
7.2,0.34,0.32,2.5,0.09,43.0,113.0,0.9966,3.32,0.79,11.1,5,red,7.86,21.176,0.3805,off_dry,high,0,2.509,0.00811,0
9.65,0.44,0.6400000000000001,6.55,0.074,38.0,76.0,0.999,3.17,0.85,12.0,7,red,10.73,21.932,0.5,medium,high,1,6.557,0.00617,1
9.65,0.26,0.47,1.9,0.078,6.0,24.0,0.9976,3.18,0.855,10.9,7,red,10.38,37.115,0.25,off_dry,high,0,1.905,0.00716,1
9.65,0.24,0.42,1.8,0.077,6.0,22.0,0.9976,3.21,0.855,10.8,7,red,10.31,40.208,0.2727,off_dry,high,0,1.804,0.00713,1
9.65,0.49,0.63,2.9,0.072,10.0,26.0,0.9968,3.16,0.78,12.5,7,red,10.77,19.694,0.3846,off_dry,very_high,1,2.909,0.00576,1
9.65,0.24,0.46,1.8,0.075,6.0,21.0,0.9976,3.25,0.855,10.8,7,red,10.35,40.208,0.2857,off_dry,high,0,1.804,0.00694,1
9.65,0.67,0.55,2.3,0.084,6.0,13.0,1.0,3.17,0.71,9.5,6,red,10.87,14.403,0.4615,off_dry,medium,0,2.3,0.00884,0
9.65,0.59,0.31,2.2,0.09,26.0,62.0,0.9994,3.18,0.63,10.2,6,red,10.55,16.356,0.4194,off_dry,medium,0,2.201,0.00882,0
9.65,0.29,0.6400000000000001,2.8,0.084,23.0,43.0,0.9986,3.04,0.68,11.4,7,red,10.58,33.276,0.5349,off_dry,high,0,2.804,0.00737,1
9.65,0.42,0.49,4.6,0.073,19.0,43.0,0.9978,3.02,0.61,9.5,5,red,10.56,22.976,0.4419,off_dry,medium,0,4.61,0.00768,0
9.65,0.4,0.48,2.1,0.10800000000000001,15.0,49.0,0.998,3.03,0.81,9.7,6,red,10.53,24.125,0.3061,off_dry,medium,0,2.104,0.01113,0
9.65,0.51,0.64,2.4,0.107,6.0,15.0,0.9973,3.09,0.66,11.8,7,red,10.8,18.922,0.4,off_dry,high,0,2.406,0.00907,1
8.5,0.655,0.49,6.1,0.10800000000000001,34.0,151.0,1.001,3.31,0.855,9.3,5,red,9.645,12.977,0.2252,medium,medium,0,6.094,0.01161,0
9.65,0.6,0.49,4.3,0.1,5.0,14.0,1.001,3.25,0.74,11.9,6,red,10.74,16.083,0.3571,off_dry,high,0,4.296,0.0084,0
9.65,0.61,0.49,2.1,0.10800000000000001,5.0,16.0,0.9994,3.16,0.63,8.4,3,red,10.75,15.82,0.3125,off_dry,low,0,2.101,0.01286,0
9.65,0.21,0.49,2.8,0.088,11.0,32.0,0.9972,3.22,0.68,11.7,6,red,10.35,45.952,0.3437,off_dry,high,0,2.808,0.00752,0
7.3,0.365,0.49,2.5,0.088,39.0,106.0,0.9966,3.36,0.78,11.0,5,red,8.155,20.0,0.3679,off_dry,high,0,2.509,0.008,0
9.65,0.25,0.49,2.7,0.088,15.0,33.0,0.9982,3.42,0.855,10.0,6,red,10.39,38.6,0.4545,off_dry,medium,0,2.705,0.0088,0
7.6,0.41,0.49,2.0,0.088,16.0,43.0,0.998,3.48,0.64,9.1,5,red,8.5,18.537,0.3721,off_dry,medium,0,2.004,0.00967,0
8.2,0.39,0.49,2.3,0.099,47.0,133.0,0.9979,3.38,0.855,9.8,5,red,9.08,21.026,0.3534,off_dry,medium,0,2.305,0.0101,0
9.3,0.4,0.49,2.5,0.085,38.0,142.0,0.9978,3.22,0.55,9.4,5,red,10.19,23.25,0.2676,off_dry,medium,0,2.506,0.00904,0
9.2,0.43,0.49,2.4,0.086,23.0,116.0,0.9976,3.23,0.64,9.5,5,red,10.12,21.395,0.1983,off_dry,medium,0,2.406,0.00905,0
9.65,0.64,0.24,2.8,0.105,29.0,53.0,0.9998,3.24,0.67,9.9,5,red,10.53,15.078,0.5472,off_dry,medium,0,2.801,0.01061,0
7.0,0.38,0.49,2.5,0.097,33.0,85.0,0.9962,3.39,0.77,11.4,6,red,7.87,18.421,0.3882,off_dry,high,0,2.51,0.00851,0
8.2,0.42,0.49,2.6,0.084,32.0,55.0,0.9988,3.34,0.75,8.7,6,red,9.11,19.524,0.5818,off_dry,low,0,2.603,0.00966,0
9.65,0.63,0.24,2.4,0.077,6.0,33.0,0.9974,3.09,0.57,9.4,5,red,10.52,15.317,0.1818,off_dry,medium,0,2.406,0.00819,0
9.1,0.22,0.24,2.1,0.078,1.0,28.0,0.999,3.41,0.855,10.3,6,red,9.56,41.363,0.0357,off_dry,medium,0,2.102,0.00757,0
9.65,0.38,0.49,2.7,0.098,12.0,42.0,1.0004,3.16,0.61,10.3,5,red,10.52,25.395,0.2857,off_dry,medium,0,2.699,0.00951,0
9.65,0.27,0.24,2.1,0.072,15.0,33.0,0.9956,3.22,0.66,12.8,6,red,10.16,35.741,0.4545,off_dry,very_high,1,2.109,0.00562,0
9.65,0.48,0.24,2.7,0.102,13.0,32.0,1.0,3.28,0.56,10.0,6,red,10.37,20.104,0.4062,off_dry,medium,0,2.7,0.0102,0
8.1,0.6799999999999999,0.24,2.1,0.084,5.0,13.0,0.9972,3.37,0.77,10.7,6,red,9.02,11.912,0.3846,off_dry,high,0,2.106,0.00785,0
9.65,0.35,0.49,5.8,0.066,5.0,35.0,1.0014,3.2,0.66,12.0,7,red,10.49,27.571,0.1429,medium,high,1,5.792,0.0055,1
9.65,0.5,0.6400000000000001,5.15,0.1,5.0,17.0,0.9996,3.22,0.62,11.2,5,red,10.79,19.3,0.2941,medium,high,0,5.152,0.00893,0
9.2,0.59,0.24,3.3,0.101,20.0,47.0,0.9988,3.26,0.67,9.6,5,red,10.03,15.593,0.4255,off_dry,medium,0,3.304,0.01052,0
9.5,0.46,0.49,6.3,0.064,5.0,17.0,0.9988,3.21,0.73,11.0,6,red,10.45,20.652,0.2941,medium,high,0,6.308,0.00582,0
9.3,0.6799999999999999,0.24,2.1,0.07,5.0,20.0,0.9966,3.12,0.59,9.9,5,red,10.22,13.676,0.25,off_dry,medium,0,2.107,0.00707,0
9.65,0.66,0.24,2.5,0.085,16.0,53.0,0.9993,3.06,0.72,11.0,6,red,10.55,14.621,0.3019,off_dry,high,0,2.502,0.00773,0
9.65,0.31,0.6400000000000001,1.8,0.075,6.0,15.0,1.0008,2.86,0.79,8.4,6,red,10.6,31.129,0.4,off_dry,low,0,1.799,0.00893,0
9.1,0.47,0.49,2.6,0.094,38.0,106.0,0.9982,3.08,0.59,9.1,5,red,10.06,19.362,0.3585,off_dry,medium,0,2.605,0.01033,0
7.5,0.55,0.24,2.0,0.078,10.0,28.0,0.9983,3.45,0.78,9.5,6,red,8.29,13.636,0.3571,off_dry,medium,0,2.003,0.00821,0
9.65,0.31,0.49,2.5,0.067,6.0,21.0,0.9987,3.26,0.855,10.7,6,red,10.45,31.129,0.2857,off_dry,high,0,2.503,0.00626,0
9.65,0.35,0.49,2.6,0.079,27.0,69.0,0.9994,3.12,0.75,10.4,6,red,10.49,27.571,0.3913,off_dry,medium,0,2.602,0.0076,0
9.0,0.53,0.49,1.9,0.10800000000000001,6.0,25.0,0.9975,3.27,0.61,9.4,6,red,10.02,16.981,0.24,off_dry,medium,0,1.905,0.01149,0
6.8,0.51,0.01,2.1,0.074,9.0,25.0,0.9958,3.33,0.56,9.5,6,red,7.32,13.333,0.36,off_dry,medium,0,2.109,0.00779,0
9.4,0.43,0.24,2.8,0.092,14.0,45.0,0.998,3.19,0.73,10.0,6,red,10.07,21.86,0.3111,off_dry,medium,0,2.806,0.0092,0
9.5,0.46,0.24,2.7,0.092,14.0,44.0,0.998,3.12,0.74,10.0,6,red,10.2,20.652,0.3182,off_dry,medium,0,2.705,0.0092,0
5.0,0.6799999999999999,0.24,1.6,0.05,32.0,96.0,0.9934,3.66,0.62,11.5,5,red,5.92,7.353,0.3333,off_dry,high,0,1.611,0.00435,0
9.65,0.645,0.49,4.2,0.095,10.0,23.0,1.00315,2.92,0.74,11.1,5,red,10.785,14.961,0.4348,off_dry,high,0,4.187,0.00856,0
9.65,0.53,0.49,4.6,0.10800000000000001,10.0,17.0,1.0002,3.07,0.56,11.7,6,red,10.67,18.208,0.5882,off_dry,high,0,4.599,0.00923,0
9.65,0.645,0.49,4.2,0.095,10.0,23.0,1.00315,2.92,0.74,11.1,5,red,10.785,14.961,0.4348,off_dry,high,0,4.187,0.00856,0
9.65,0.47,0.49,4.3,0.085,6.0,47.0,1.0021,3.3,0.68,12.7,6,red,10.61,20.532,0.1277,off_dry,very_high,1,4.291,0.00669,0
9.65,0.6,0.49,2.8,0.075,5.0,19.0,0.9994,3.14,0.57,11.4,5,red,10.74,16.083,0.2632,off_dry,high,0,2.802,0.00658,0
9.0,0.44,0.49,2.4,0.078,26.0,121.0,0.9978,3.23,0.58,9.2,5,red,9.93,20.454,0.2149,off_dry,medium,0,2.405,0.00848,0
9.0,0.54,0.49,2.9,0.094,41.0,110.0,0.9982,3.08,0.61,9.2,5,red,10.03,16.667,0.3727,off_dry,medium,0,2.905,0.01022,0
7.6,0.29,0.49,2.7,0.092,25.0,60.0,0.9971,3.31,0.61,10.1,6,red,8.38,26.207,0.4167,off_dry,medium,0,2.708,0.00911,0
8.7,0.6799999999999999,0.24,2.5,0.10800000000000001,5.0,15.0,0.9991,3.32,0.6,9.0,6,red,9.62,12.794,0.3333,off_dry,low,0,2.502,0.012,0
9.65,0.5,0.49,2.6,0.10800000000000001,5.0,20.0,0.999,3.31,0.79,10.7,6,red,10.64,19.3,0.25,off_dry,high,0,2.603,0.01009,0
6.2,0.36,0.24,2.2,0.095,19.0,42.0,0.9946,3.57,0.57,11.7,6,red,6.8,17.222,0.4524,off_dry,high,0,2.212,0.00812,0
9.65,0.35,0.49,3.3,0.07,10.0,37.0,1.0003,3.32,0.855,11.0,6,red,10.49,27.571,0.2703,off_dry,high,0,3.299,0.00636,0
9.65,0.24,0.49,2.4,0.075,10.0,28.0,0.9978,3.14,0.61,10.4,5,red,10.38,40.208,0.3571,off_dry,medium,0,2.405,0.00721,0
9.65,0.59,0.49,2.1,0.07,14.0,47.0,0.9991,3.3,0.56,9.6,4,red,10.73,16.356,0.2979,off_dry,medium,0,2.102,0.00729,0
9.65,0.34,0.49,3.2,0.078,20.0,78.0,0.9992,3.19,0.7,10.0,6,red,10.48,28.382,0.2564,off_dry,medium,0,3.203,0.0078,0
9.65,0.27,0.49,3.1,0.079,28.0,46.0,0.9993,3.2,0.8,10.2,6,red,10.41,35.741,0.6087,off_dry,medium,0,3.102,0.00775,0
9.65,0.5,0.24,2.3,0.103,6.0,14.0,0.9978,3.34,0.52,10.0,4,red,10.39,19.3,0.4286,off_dry,medium,0,2.305,0.0103,0
8.8,0.44,0.49,2.8,0.083,18.0,111.0,0.9982,3.3,0.6,9.5,5,red,9.73,20.0,0.1622,off_dry,medium,0,2.805,0.00874,0
8.8,0.47,0.49,2.9,0.085,17.0,110.0,0.9982,3.29,0.6,9.8,5,red,9.76,18.723,0.1545,off_dry,medium,0,2.905,0.00867,0
9.65,0.31,0.49,2.2,0.063,18.0,40.0,0.9976,3.14,0.51,9.8,6,red,10.45,31.129,0.45,off_dry,medium,0,2.205,0.00643,0
9.65,0.5,0.49,2.2,0.089,5.0,14.0,1.0002,3.19,0.44,9.6,5,red,10.64,19.3,0.3571,off_dry,medium,0,2.2,0.00927,0
9.65,0.49,0.49,2.2,0.083,5.0,15.0,1.0,3.19,0.43,9.2,5,red,10.63,19.694,0.3333,off_dry,medium,0,2.2,0.00902,0
9.65,0.28,0.49,1.9,0.074,10.0,21.0,0.9976,2.98,0.66,9.9,7,red,10.42,34.464,0.4762,off_dry,medium,0,1.905,0.00747,1
9.65,0.33,0.49,3.4,0.093,54.0,80.0,1.0002,3.3,0.76,10.7,7,red,10.47,29.242,0.675,off_dry,high,0,3.399,0.00869,1
7.6,0.51,0.24,2.4,0.091,8.0,38.0,0.998,3.47,0.66,9.6,6,red,8.35,14.902,0.2105,off_dry,medium,0,2.405,0.00948,0
9.65,0.31,0.49,2.7,0.094,16.0,47.0,0.9986,3.12,0.855,10.6,7,red,10.45,31.129,0.3404,off_dry,high,0,2.704,0.00887,1
7.3,0.6799999999999999,0.24,1.9,0.108,18.0,102.0,0.9967,3.26,0.59,9.3,5,red,8.22,10.735,0.1765,off_dry,medium,0,1.906,0.01161,0
5.0,0.42,0.24,2.0,0.06,19.0,50.0,0.9917,3.66,0.74,14.0,8,red,5.66,11.905,0.38,off_dry,very_high,1,2.017,0.00429,1
9.65,0.29,0.49,2.6,0.059,5.0,13.0,0.9976,3.05,0.74,10.5,7,red,10.43,33.276,0.3846,off_dry,medium,0,2.606,0.00562,1
9.0,0.45,0.49,2.6,0.084,21.0,75.0,0.9987,3.35,0.57,9.7,5,red,9.94,20.0,0.28,off_dry,medium,0,2.603,0.00866,0
6.6,0.39,0.49,1.7,0.07,23.0,149.0,0.9922,3.12,0.5,11.5,6,red,7.48,16.923,0.1544,off_dry,high,0,1.713,0.00609,0
9.65,0.49,0.58,3.5,0.094,9.0,43.0,1.0004,3.29,0.58,9.0,5,red,10.72,19.694,0.2093,off_dry,low,0,3.499,0.01044,0
7.9,0.6799999999999999,0.17,2.6,0.096,20.0,38.0,0.9978,3.4,0.53,9.5,5,red,8.75,11.618,0.5263,off_dry,medium,0,2.606,0.01011,0
8.9,0.595,0.41,7.9,0.086,30.0,109.0,0.9998,3.27,0.57,9.3,5,red,9.905,14.958,0.2752,medium,medium,0,7.902,0.00925,0
9.65,0.4,0.51,2.0,0.059,6.0,24.0,0.9994,3.04,0.6,9.3,6,red,10.56,24.125,0.25,off_dry,medium,0,2.001,0.00634,0
9.65,0.58,0.58,1.9,0.071,5.0,18.0,0.998,3.09,0.63,10.0,6,red,10.81,16.638,0.2778,off_dry,medium,0,1.904,0.0071,0
8.5,0.585,0.18,2.1,0.078,5.0,30.0,0.9967,3.2,0.48,9.8,6,red,9.265,14.53,0.1667,off_dry,medium,0,2.107,0.00796,0
9.65,0.59,0.45,2.3,0.082,11.0,22.0,1.0,3.0,0.7,9.3,6,red,10.69,16.356,0.5,off_dry,medium,0,2.3,0.00882,0
8.2,0.6799999999999999,0.27,2.1,0.088,7.0,23.0,0.9962,3.26,0.47,10.0,4,red,9.15,12.059,0.3043,off_dry,medium,0,2.108,0.0088,0
9.65,0.46,0.52,2.2,0.071,12.0,35.0,1.0006,3.1,0.56,9.0,6,red,10.63,20.978,0.3429,off_dry,low,0,2.199,0.00789,0
7.7,0.6799999999999999,0.0,2.6,0.081,6.0,14.0,0.9975,3.3,0.52,9.3,5,red,8.38,11.324,0.4286,off_dry,medium,0,2.607,0.00871,0
8.3,0.58,0.13,2.9,0.096,14.0,63.0,0.9984,3.17,0.62,9.1,6,red,9.01,14.31,0.2222,off_dry,medium,0,2.905,0.01055,0
8.3,0.6,0.13,2.6,0.085,6.0,24.0,0.9984,3.31,0.59,9.2,6,red,9.03,13.833,0.25,off_dry,medium,0,2.604,0.00924,0
9.4,0.41,0.48,4.6,0.072,10.0,20.0,0.9973,3.34,0.79,12.2,7,red,10.29,22.927,0.5,off_dry,very_high,1,4.612,0.0059,1
8.8,0.48,0.41,3.3,0.092,26.0,52.0,0.9982,3.31,0.53,10.5,6,red,9.69,18.333,0.5,off_dry,medium,0,3.306,0.00876,0
9.65,0.65,0.37,5.1,0.10800000000000001,11.0,65.0,1.0026,3.32,0.64,10.4,6,red,10.67,14.846,0.1692,medium,medium,0,5.087,0.01038,0
6.3,0.36,0.19,3.2,0.075,15.0,39.0,0.9956,3.56,0.52,12.7,6,red,6.85,17.5,0.3846,off_dry,very_high,1,3.214,0.00591,0
8.8,0.24,0.54,2.5,0.083,25.0,57.0,0.9983,3.39,0.54,9.2,5,red,9.58,36.667,0.4386,off_dry,medium,0,2.504,0.00902,0
9.65,0.38,0.55,2.7,0.081,5.0,16.0,1.0006,2.98,0.54,9.4,5,red,10.58,25.395,0.3125,off_dry,medium,0,2.698,0.00862,0
7.5,0.64,0.0,2.4,0.077,18.0,29.0,0.9965,3.32,0.6,10.0,6,red,8.14,11.719,0.6207,off_dry,medium,0,2.408,0.0077,0
8.2,0.39,0.38,1.5,0.058,10.0,29.0,0.9962,3.26,0.74,9.8,5,red,8.97,21.026,0.3448,off_dry,medium,0,1.506,0.00592,0
9.2,0.6799999999999999,0.18,2.2,0.10800000000000001,10.0,103.0,0.9969,2.87,0.855,10.2,6,red,10.06,13.529,0.0971,off_dry,medium,0,2.207,0.01059,0
9.6,0.6,0.5,2.3,0.079,28.0,71.0,0.9997,3.5,0.57,9.7,5,red,10.7,16.0,0.3944,off_dry,medium,0,2.301,0.00814,0
9.65,0.31,0.51,2.2,0.079,14.0,28.0,0.9982,3.03,0.855,9.8,6,red,10.47,31.129,0.5,off_dry,medium,0,2.204,0.00806,0
9.65,0.46,0.5,2.7,0.10800000000000001,4.0,17.0,1.0006,3.13,0.7,10.2,5,red,10.61,20.978,0.2353,off_dry,medium,0,2.698,0.01059,0
9.65,0.37,0.41,2.3,0.088,6.0,16.0,0.9988,3.09,0.8,9.3,5,red,10.43,26.081,0.375,off_dry,medium,0,2.303,0.00946,0
8.3,0.54,0.24,3.4,0.076,16.0,112.0,0.9976,3.27,0.61,9.4,5,red,9.08,15.37,0.1429,off_dry,medium,0,3.408,0.00809,0
8.2,0.56,0.23,3.4,0.078,14.0,104.0,0.9976,3.28,0.62,9.4,5,red,8.99,14.643,0.1346,off_dry,medium,0,3.408,0.0083,0
9.65,0.58,0.22,1.9,0.08,9.0,32.0,0.9974,3.13,0.55,9.5,5,red,10.45,16.638,0.2812,off_dry,medium,0,1.905,0.00842,0
7.9,0.51,0.25,2.9,0.077,21.0,45.0,0.9974,3.49,0.855,12.1,6,red,8.66,15.49,0.4667,off_dry,very_high,1,2.908,0.00636,0
6.8,0.6799999999999999,0.0,5.6,0.10800000000000001,21.0,58.0,0.9997,3.46,0.72,10.2,5,red,7.48,10.0,0.3621,medium,medium,0,5.602,0.01059,0
8.8,0.6,0.29,2.2,0.098,5.0,15.0,0.9988,3.36,0.49,9.1,5,red,9.69,14.667,0.3333,off_dry,medium,0,2.203,0.01077,0
8.7,0.54,0.26,2.5,0.097,7.0,31.0,0.9976,3.27,0.6,9.3,6,red,9.5,16.111,0.2258,off_dry,medium,0,2.506,0.01043,0
7.6,0.6799999999999999,0.23,2.3,0.10800000000000001,20.0,84.0,0.9964,3.21,0.61,9.3,5,red,8.51,11.176,0.2381,off_dry,medium,0,2.308,0.01161,0
9.65,0.28,0.54,2.7,0.105,5.0,19.0,0.9988,3.25,0.63,9.5,5,red,10.47,34.464,0.2632,off_dry,medium,0,2.703,0.01105,0
7.6,0.41,0.14,3.0,0.087,21.0,43.0,0.9964,3.32,0.57,10.5,6,red,8.15,18.537,0.4884,off_dry,medium,0,3.011,0.00829,0
9.65,0.6799999999999999,0.22,3.4,0.105,11.0,86.0,1.001,3.43,0.64,11.3,4,red,10.55,14.191,0.1279,off_dry,high,0,3.397,0.00929,0
7.9,0.35,0.21,1.9,0.073,46.0,102.0,0.9964,3.27,0.58,9.5,5,red,8.46,22.571,0.451,off_dry,medium,0,1.907,0.00768,0
8.7,0.6799999999999999,0.0,1.4,0.065,24.0,33.0,0.9954,3.27,0.55,9.7,5,red,9.38,12.794,0.7273,off_dry,medium,0,1.406,0.0067,0
9.6,0.6799999999999999,0.28,2.4,0.086,30.0,147.0,0.9979,3.24,0.53,9.4,5,red,10.56,14.118,0.2041,off_dry,medium,0,2.405,0.00915,0
9.5,0.6799999999999999,0.27,2.3,0.084,31.0,145.0,0.9978,3.24,0.53,9.4,5,red,10.45,13.971,0.2138,off_dry,medium,0,2.305,0.00894,0
7.7,0.6799999999999999,0.12,2.2,0.10800000000000001,7.0,23.0,0.9964,3.35,0.65,10.2,7,red,8.5,11.324,0.3043,off_dry,medium,0,2.208,0.01059,1
8.9,0.29,0.35,1.9,0.067,25.0,57.0,0.997,3.18,0.855,10.3,6,red,9.54,30.69,0.4386,off_dry,medium,0,1.906,0.0065,0
9.65,0.54,0.45,2.3,0.071,16.0,40.0,0.9991,3.39,0.62,9.4,5,red,10.64,17.87,0.4,off_dry,medium,0,2.302,0.00755,0
9.5,0.59,0.44,2.3,0.071,21.0,68.0,0.9992,3.46,0.63,9.5,5,red,10.53,16.102,0.3088,off_dry,medium,0,2.302,0.00747,0
7.8,0.64,0.1,6.0,0.10800000000000001,5.0,11.0,0.9984,3.37,0.69,10.1,7,red,8.54,12.187,0.4545,medium,medium,0,6.01,0.01069,1
7.3,0.67,0.05,3.6,0.107,6.0,20.0,0.9972,3.4,0.63,10.1,5,red,8.02,10.896,0.3,off_dry,medium,0,3.61,0.01059,0
8.3,0.6799999999999999,0.01,2.2,0.07,5.0,14.0,0.9967,3.32,0.58,11.0,4,red,8.99,12.206,0.3571,off_dry,high,0,2.207,0.00636,0
8.7,0.48,0.3,2.8,0.066,10.0,28.0,0.9964,3.33,0.67,11.2,7,red,9.48,18.125,0.3571,off_dry,high,0,2.81,0.00589,1
6.7,0.42,0.27,8.6,0.068,24.0,148.0,0.9948,3.16,0.57,11.3,6,red,7.39,15.952,0.1622,medium,high,0,8.645,0.00602,0
9.65,0.43,0.39,2.2,0.106,8.0,32.0,0.9986,2.89,0.5,9.6,5,red,10.47,22.442,0.25,off_dry,medium,0,2.203,0.01104,0
9.65,0.6799999999999999,0.25,2.5,0.104,35.0,155.0,1.001,3.41,0.67,11.2,5,red,10.58,14.191,0.2258,off_dry,high,0,2.498,0.00929,0
9.65,0.36,0.6400000000000001,7.5,0.096,22.0,71.0,0.9976,2.98,0.84,14.25,5,red,10.65,26.805,0.3099,medium,very_high,1,7.518,0.00674,0
9.4,0.33,0.59,2.8,0.079,9.0,30.0,0.9976,3.12,0.54,12.0,6,red,10.32,28.485,0.3,off_dry,high,1,2.807,0.00658,0
8.6,0.47,0.47,2.4,0.074,7.0,29.0,0.9979,3.08,0.46,9.5,5,red,9.54,18.298,0.2414,off_dry,medium,0,2.405,0.00779,0
9.65,0.55,0.17,2.9,0.087,20.0,53.0,1.0004,3.14,0.61,9.4,5,red,10.37,17.545,0.3774,off_dry,medium,0,2.899,0.00926,0
9.65,0.5,0.59,1.4,0.073,23.0,42.0,0.998,2.92,0.68,10.5,7,red,10.74,19.3,0.5476,off_dry,medium,0,1.403,0.00695,1
7.2,0.52,0.07,1.4,0.074,5.0,20.0,0.9973,3.32,0.81,9.6,6,red,7.79,13.846,0.25,off_dry,medium,0,1.404,0.00771,0
7.1,0.6799999999999999,0.02,4.4,0.096,5.0,13.0,0.997,3.41,0.57,11.0,4,red,7.8,10.441,0.3846,off_dry,high,0,4.413,0.00873,0
7.5,0.42,0.31,1.6,0.08,15.0,42.0,0.9978,3.31,0.64,9.0,5,red,8.23,17.857,0.3571,off_dry,low,0,1.604,0.00889,0
7.2,0.57,0.06,1.6,0.076,9.0,27.0,0.9972,3.36,0.7,9.6,6,red,7.83,12.632,0.3333,off_dry,medium,0,1.604,0.00792,0
9.65,0.28,0.46,1.8,0.05,5.0,13.0,0.9974,3.04,0.79,10.2,6,red,10.39,34.464,0.3846,off_dry,medium,0,1.805,0.0049,0
9.65,0.4,0.52,2.0,0.092,15.0,54.0,1.0,3.03,0.66,10.2,5,red,10.57,24.125,0.2778,off_dry,medium,0,2.0,0.00902,0
9.4,0.59,0.14,2.0,0.084,25.0,48.0,0.9981,3.14,0.56,9.7,5,red,10.13,15.932,0.5208,off_dry,medium,0,2.004,0.00866,0
8.3,0.49,0.36,1.8,0.10800000000000001,6.0,16.0,0.998,3.18,0.6,9.5,6,red,9.15,16.939,0.375,off_dry,medium,0,1.804,0.01137,0
9.65,0.34,0.45,2.0,0.082,6.0,15.0,0.9988,2.94,0.66,9.2,6,red,10.44,28.382,0.4,off_dry,medium,0,2.002,0.00891,0
9.65,0.6799999999999999,0.43,2.3,0.059,15.0,31.0,0.9966,3.15,0.57,11.0,5,red,10.76,14.191,0.4839,off_dry,high,0,2.308,0.00536,0
6.9,0.4,0.24,2.5,0.083,30.0,45.0,0.9959,3.26,0.58,10.0,5,red,7.54,17.25,0.6667,off_dry,medium,0,2.51,0.0083,0
8.2,0.6799999999999999,0.21,1.7,0.074,5.0,13.0,0.9968,3.2,0.52,9.5,5,red,9.09,12.059,0.3846,off_dry,medium,0,1.705,0.00779,0
9.65,0.6799999999999999,0.34,2.0,0.079,32.0,151.0,0.998,3.15,0.53,9.5,5,red,10.67,14.191,0.2119,off_dry,medium,0,2.004,0.00832,0
9.65,0.4,0.41,2.2,0.084,7.0,17.0,0.9984,3.08,0.67,9.3,6,red,10.46,24.125,0.4118,off_dry,medium,0,2.204,0.00903,0
9.3,0.41,0.39,2.2,0.064,12.0,31.0,0.9984,3.26,0.65,10.2,5,red,10.1,22.683,0.3871,off_dry,medium,0,2.204,0.00627,0
8.6,0.6799999999999999,0.11,2.3,0.084,12.0,31.0,0.9979,3.4,0.48,9.9,5,red,9.39,12.647,0.3871,off_dry,medium,0,2.305,0.00848,0
8.3,0.6799999999999999,0.1,2.6,0.081,45.0,87.0,0.9983,3.48,0.53,10.0,5,red,9.08,12.206,0.5172,off_dry,medium,0,2.604,0.0081,0
9.65,0.26,0.45,3.3,0.06,20.0,49.0,0.9972,3.13,0.54,9.6,5,red,10.36,37.115,0.4082,off_dry,medium,0,3.309,0.00625,0
9.65,0.43,0.58,1.9,0.07,15.0,40.0,1.0004,3.06,0.49,9.0,5,red,10.66,22.442,0.375,off_dry,low,0,1.899,0.00778,0
8.0,0.45,0.23,2.2,0.094,16.0,29.0,0.9962,3.21,0.49,10.2,6,red,8.68,17.778,0.5517,off_dry,medium,0,2.208,0.00922,0
8.5,0.46,0.31,2.25,0.078,32.0,58.0,0.998,3.33,0.54,9.8,5,red,9.27,18.478,0.5517,off_dry,medium,0,2.255,0.00796,0
8.1,0.6799999999999999,0.23,2.6,0.059,5.0,15.0,0.997,3.37,0.56,11.3,5,red,9.01,11.912,0.3333,off_dry,high,0,2.608,0.00522,0
9.65,0.6799999999999999,0.32,2.3,0.078,35.0,152.0,0.998,3.25,0.48,9.4,5,red,10.65,14.191,0.2303,off_dry,medium,0,2.305,0.0083,0
7.1,0.65,0.18,1.8,0.07,13.0,40.0,0.997,3.44,0.6,9.1,5,red,7.93,10.923,0.325,off_dry,medium,0,1.805,0.00769,0
9.1,0.64,0.23,3.1,0.095,13.0,38.0,0.9998,3.28,0.59,9.7,5,red,9.97,14.219,0.3421,off_dry,medium,0,3.101,0.00979,0
7.7,0.66,0.04,1.6,0.039,4.0,9.0,0.9962,3.4,0.47,9.4,5,red,8.4,11.667,0.4444,off_dry,medium,0,1.606,0.00415,0
8.1,0.38,0.48,1.8,0.10800000000000001,5.0,17.0,0.9976,3.3,0.855,9.4,5,red,8.96,21.316,0.2941,off_dry,medium,0,1.804,0.01149,0
7.4,0.6799999999999999,0.0,4.25,0.097,5.0,14.0,0.9966,3.63,0.54,10.7,3,red,8.08,10.882,0.3571,off_dry,high,0,4.264,0.00907,0
9.2,0.6799999999999999,0.24,2.6,0.087,12.0,93.0,0.9998,3.48,0.54,9.8,5,red,10.12,13.529,0.129,off_dry,medium,0,2.601,0.00888,0
8.6,0.49,0.51,2.0,0.10800000000000001,16.0,62.0,0.9979,3.03,0.855,9.0,5,red,9.6,17.551,0.2581,off_dry,low,0,2.004,0.012,0
9.0,0.48,0.32,2.8,0.084,21.0,122.0,0.9984,3.32,0.62,9.4,5,red,9.8,18.75,0.1721,off_dry,medium,0,2.804,0.00894,0
9.0,0.47,0.31,2.7,0.084,24.0,125.0,0.9984,3.31,0.61,9.4,5,red,9.78,19.149,0.192,off_dry,medium,0,2.704,0.00894,0
5.1,0.47,0.02,1.3,0.034,18.0,44.0,0.9921,3.66,0.62,12.8,6,red,5.59,10.851,0.4091,off_dry,very_high,1,1.31,0.00266,0
7.0,0.65,0.02,2.1,0.066,8.0,25.0,0.9972,3.47,0.67,9.5,6,red,7.67,10.769,0.32,off_dry,medium,0,2.106,0.00695,0
9.4,0.615,0.28,3.2,0.087,18.0,72.0,1.0001,3.31,0.53,9.7,5,red,10.295,15.285,0.25,off_dry,medium,0,3.2,0.00897,0
9.65,0.38,0.55,2.1,0.071,5.0,19.0,0.9986,3.11,0.62,10.8,6,red,10.58,25.395,0.2632,off_dry,high,0,2.103,0.00657,0
9.65,0.6799999999999999,0.43,2.9,0.076,26.0,88.0,0.9984,3.08,0.57,10.1,6,red,10.76,14.191,0.2955,off_dry,medium,0,2.905,0.00752,0
7.0,0.64,0.02,2.1,0.067,9.0,23.0,0.997,3.47,0.67,9.4,6,red,7.66,10.937,0.3913,off_dry,medium,0,2.106,0.00713,0
7.5,0.38,0.48,2.6,0.073,22.0,84.0,0.9972,3.32,0.7,9.6,4,red,8.36,19.737,0.2619,off_dry,medium,0,2.607,0.0076,0
9.1,0.6799999999999999,0.04,1.6,0.078,4.0,14.0,0.998,3.29,0.54,9.7,4,red,9.82,13.382,0.2857,off_dry,medium,0,1.603,0.00804,0
8.4,0.6799999999999999,0.15,6.0,0.073,11.0,54.0,0.999,3.37,0.49,9.9,5,red,9.23,12.353,0.2037,medium,medium,0,6.006,0.00737,0
7.0,0.6799999999999999,0.08,2.0,0.093,10.0,19.0,0.9956,3.4,0.47,10.0,5,red,7.76,10.294,0.5263,off_dry,medium,0,2.009,0.0093,0
7.4,0.49,0.19,3.0,0.077,16.0,37.0,0.9966,3.37,0.51,10.5,5,red,8.08,15.102,0.4324,off_dry,medium,0,3.01,0.00733,0
7.8,0.545,0.12,2.5,0.068,11.0,35.0,0.996,3.34,0.61,11.6,6,red,8.465,14.312,0.3143,off_dry,high,0,2.51,0.00586,0
9.65,0.31,0.47,1.6,0.062,13.0,33.0,0.9983,3.27,0.66,10.0,6,red,10.43,31.129,0.3939,off_dry,medium,0,1.603,0.0062,0
9.65,0.6799999999999999,0.43,2.8,0.08,21.0,84.0,0.9985,3.06,0.57,10.1,5,red,10.76,14.191,0.25,off_dry,medium,0,2.804,0.00792,0
8.9,0.565,0.34,3.0,0.093,16.0,112.0,0.9998,3.38,0.61,9.5,5,red,9.805,15.752,0.1429,off_dry,medium,0,3.001,0.00979,0
8.7,0.6799999999999999,0.0,3.2,0.084,13.0,33.0,0.9992,3.36,0.45,9.4,5,red,9.38,12.794,0.3939,off_dry,medium,0,3.203,0.00894,0
8.0,0.43,0.36,2.3,0.075,10.0,48.0,0.9976,3.34,0.46,9.4,5,red,8.79,18.605,0.2083,off_dry,medium,0,2.306,0.00798,0
9.65,0.6799999999999999,0.28,2.6,0.078,21.0,77.0,0.998,3.28,0.51,9.8,5,red,10.61,14.191,0.2727,off_dry,medium,0,2.605,0.00796,0
7.2,0.49,0.18,2.7,0.069,13.0,34.0,0.9967,3.29,0.48,9.2,6,red,7.87,14.694,0.3824,off_dry,medium,0,2.709,0.0075,0
7.6,0.46,0.11,2.6,0.079,12.0,49.0,0.9968,3.21,0.57,10.0,5,red,8.17,16.522,0.2449,off_dry,medium,0,2.608,0.0079,0
8.4,0.56,0.04,2.0,0.082,10.0,22.0,0.9976,3.22,0.44,9.6,5,red,9.0,15.0,0.4545,off_dry,medium,0,2.005,0.00854,0
7.1,0.66,0.0,3.9,0.086,17.0,45.0,0.9976,3.46,0.54,9.5,5,red,7.76,10.758,0.3778,off_dry,medium,0,3.909,0.00905,0
8.9,0.48,0.24,2.85,0.094,35.0,106.0,0.9982,3.1,0.53,9.2,5,red,9.62,18.542,0.3302,off_dry,medium,0,2.855,0.01022,0
7.6,0.42,0.08,2.7,0.084,15.0,48.0,0.9968,3.21,0.59,10.0,5,red,8.1,18.095,0.3125,off_dry,medium,0,2.709,0.0084,0
7.1,0.31,0.3,2.2,0.053,36.0,127.0,0.9965,2.94,0.855,9.5,5,red,7.71,22.903,0.2835,off_dry,medium,0,2.208,0.00558,0
7.5,0.6799999999999999,0.1,3.1,0.086,5.0,12.0,0.9958,3.54,0.6,11.2,4,red,8.28,11.029,0.4167,off_dry,high,0,3.113,0.00768,0
9.0,0.66,0.17,3.0,0.077,5.0,13.0,0.9976,3.29,0.55,10.4,5,red,9.83,13.636,0.3846,off_dry,medium,0,3.007,0.0074,0
8.1,0.6799999999999999,0.09,2.8,0.084,18.0,49.0,0.9994,3.43,0.72,11.1,6,red,8.87,11.912,0.3673,off_dry,high,0,2.802,0.00757,0
6.4,0.57,0.02,1.8,0.067,4.0,11.0,0.997,3.46,0.68,9.5,5,red,6.99,11.228,0.3636,off_dry,medium,0,1.805,0.00705,0
6.4,0.6799999999999999,0.03,3.2,0.071,27.0,58.0,0.995,3.61,0.49,12.7,6,red,7.11,9.412,0.4655,off_dry,very_high,1,3.216,0.00559,0
9.5,0.55,0.6400000000000001,2.3,0.10800000000000001,12.0,37.0,0.9982,3.17,0.67,9.6,5,red,10.69,17.273,0.3243,off_dry,medium,0,2.304,0.01125,0
8.9,0.6799999999999999,0.13,3.45,0.088,4.0,14.0,0.9994,3.44,0.52,11.5,5,red,9.71,13.088,0.2857,off_dry,high,0,3.452,0.00765,0
7.3,0.6799999999999999,0.03,2.1,0.092,10.0,19.0,0.9966,3.39,0.47,9.6,5,red,8.01,10.735,0.5263,off_dry,medium,0,2.107,0.00958,0
7.0,0.45,0.34,2.7,0.082,16.0,72.0,0.998,3.55,0.6,9.5,5,red,7.79,15.556,0.2222,off_dry,medium,0,2.705,0.00863,0
7.7,0.56,0.2,2.0,0.075,9.0,39.0,0.9987,3.48,0.62,9.3,5,red,8.46,13.75,0.2308,off_dry,medium,0,2.003,0.00806,0
7.7,0.6799999999999999,0.1,2.1,0.10800000000000001,11.0,22.0,0.9963,3.26,0.5,9.5,5,red,8.48,11.324,0.5,off_dry,medium,0,2.108,0.01137,0
8.2,0.59,0.0,2.5,0.093,19.0,58.0,1.0002,3.5,0.65,9.3,6,red,8.79,13.898,0.3276,off_dry,medium,0,2.5,0.01,0
9.0,0.46,0.23,2.8,0.092,28.0,104.0,0.9983,3.1,0.56,9.2,5,red,9.69,19.565,0.2692,off_dry,medium,0,2.805,0.01,0
9.0,0.6799999999999999,0.0,2.4,0.088,19.0,38.0,0.999,3.35,0.6,9.3,5,red,9.68,13.235,0.5,off_dry,medium,0,2.402,0.00946,0
8.3,0.6799999999999999,0.29,4.2,0.075,12.0,16.0,0.9965,3.45,0.68,11.5,6,red,9.27,12.206,0.75,off_dry,high,0,4.215,0.00652,0
9.2,0.53,0.24,2.6,0.078,28.0,139.0,0.99788,3.21,0.57,9.5,5,red,9.97,17.358,0.2014,off_dry,medium,0,2.606,0.00821,0
6.5,0.615,0.0,1.9,0.065,9.0,18.0,0.9972,3.46,0.65,9.2,5,red,7.115,10.569,0.5,off_dry,medium,0,1.905,0.00707,0
9.65,0.41,0.58,2.8,0.096,25.0,101.0,1.00024,3.13,0.53,10.0,5,red,10.64,23.537,0.2475,off_dry,medium,0,2.799,0.0096,0
9.65,0.39,0.54,2.7,0.095,21.0,101.0,1.0001,3.13,0.51,9.5,5,red,10.58,24.744,0.2079,off_dry,medium,0,2.7,0.01,0
7.3,0.51,0.18,2.1,0.07,12.0,28.0,0.99768,3.52,0.73,9.5,6,red,7.99,14.314,0.4286,off_dry,medium,0,2.105,0.00737,0
8.2,0.34,0.38,2.5,0.08,12.0,57.0,0.9978,3.3,0.47,9.0,6,red,8.92,24.118,0.2105,off_dry,low,0,2.506,0.00889,0
8.6,0.33,0.4,2.6,0.083,16.0,68.0,0.99782,3.3,0.48,9.4,5,red,9.33,26.061,0.2353,off_dry,medium,0,2.606,0.00883,0
7.2,0.5,0.18,2.1,0.071,12.0,31.0,0.99761,3.52,0.72,9.6,6,red,7.88,14.4,0.3871,off_dry,medium,0,2.105,0.0074,0
8.3,0.65,0.1,2.9,0.089,17.0,40.0,0.99803,3.29,0.55,9.5,5,red,9.05,12.769,0.425,off_dry,medium,0,2.906,0.00937,0
7.6,0.54,0.13,2.5,0.097,24.0,66.0,0.99785,3.39,0.61,9.4,5,red,8.27,14.074,0.3636,off_dry,medium,0,2.505,0.01032,0
7.8,0.48,0.6400000000000001,1.7,0.10800000000000001,14.0,32.0,0.99656,3.09,0.855,9.1,6,red,8.92,16.25,0.4375,off_dry,medium,0,1.706,0.01187,0
7.8,0.6799999999999999,0.07,1.9,0.058,22.0,47.0,0.99525,3.51,0.43,10.7,6,red,8.55,11.471,0.4681,off_dry,high,0,1.909,0.00542,0
6.3,0.6799999999999999,0.01,2.0,0.057,15.0,33.0,0.99488,3.6,0.46,11.2,6,red,6.99,9.265,0.4545,off_dry,high,0,2.01,0.00509,0
8.1,0.6799999999999999,0.0,2.2,0.084,10.0,31.0,0.99656,3.25,0.5,9.8,5,red,8.78,11.912,0.3226,off_dry,medium,0,2.208,0.00857,0
8.8,0.42,0.21,2.5,0.092,33.0,88.0,0.99823,3.19,0.52,9.2,5,red,9.43,20.952,0.375,off_dry,medium,0,2.504,0.01,0
9.0,0.58,0.25,2.8,0.075,9.0,104.0,0.99779,3.23,0.57,9.7,5,red,9.83,15.517,0.0865,off_dry,medium,0,2.806,0.00773,0
9.3,0.655,0.26,2.0,0.096,5.0,35.0,0.99738,3.25,0.42,9.6,5,red,10.215,14.198,0.1429,off_dry,medium,0,2.005,0.01,0
8.8,0.6799999999999999,0.0,1.7,0.069,8.0,19.0,0.99701,3.31,0.53,10.0,6,red,9.48,12.941,0.4211,off_dry,medium,0,1.705,0.0069,0
9.1,0.6799999999999999,0.11,2.8,0.093,11.0,44.0,0.99888,3.31,0.55,9.5,6,red,9.89,13.382,0.25,off_dry,medium,0,2.803,0.00979,0
9.2,0.67,0.1,3.0,0.091,12.0,48.0,0.99888,3.31,0.54,9.5,6,red,9.97,13.731,0.25,off_dry,medium,0,3.003,0.00958,0
8.8,0.59,0.18,2.9,0.089,12.0,74.0,0.99738,3.14,0.54,9.4,5,red,9.57,14.915,0.1622,off_dry,medium,0,2.908,0.00947,0
7.5,0.6,0.32,2.7,0.103,13.0,98.0,0.99938,3.45,0.62,9.5,5,red,8.42,12.5,0.1327,off_dry,medium,0,2.702,0.01084,0
7.1,0.59,0.02,2.3,0.082,24.0,94.0,0.99744,3.55,0.53,9.7,6,red,7.71,12.034,0.2553,off_dry,medium,0,2.306,0.00845,0
7.9,0.6799999999999999,0.01,1.9,0.076,7.0,32.0,0.99668,3.39,0.54,9.6,5,red,8.59,11.618,0.2187,off_dry,medium,0,1.906,0.00792,0
9.4,0.6799999999999999,0.26,2.4,0.082,23.0,143.0,0.9978,3.28,0.55,9.4,5,red,10.34,13.824,0.1608,off_dry,medium,0,2.405,0.00872,0
9.5,0.57,0.27,2.3,0.082,23.0,144.0,0.99782,3.27,0.55,9.4,5,red,10.34,16.667,0.1597,off_dry,medium,0,2.305,0.00872,0
7.9,0.4,0.29,1.8,0.10800000000000001,1.0,44.0,0.9973,3.3,0.855,9.5,6,red,8.59,19.75,0.0227,off_dry,medium,0,1.805,0.01137,0
7.9,0.4,0.3,1.8,0.10800000000000001,2.0,45.0,0.99727,3.31,0.855,9.5,6,red,8.6,19.75,0.0444,off_dry,medium,0,1.805,0.01137,0
7.2,0.6799999999999999,0.0,3.0,0.102,7.0,16.0,0.99586,3.43,0.46,10.0,5,red,7.88,10.588,0.4375,off_dry,medium,0,3.012,0.0102,0
6.9,0.6799999999999999,0.18,2.4,0.10800000000000001,5.5,48.0,0.99612,3.4,0.6,10.3,6,red,7.76,10.147,0.1146,off_dry,medium,0,2.409,0.01049,0
6.9,0.635,0.17,2.4,0.10800000000000001,6.0,18.0,0.9961,3.4,0.59,10.3,6,red,7.705,10.866,0.3333,off_dry,medium,0,2.409,0.01049,0
8.3,0.43,0.3,3.4,0.079,7.0,34.0,0.99788,3.36,0.61,10.5,5,red,9.03,19.302,0.2059,off_dry,medium,0,3.407,0.00752,0
7.1,0.52,0.03,2.6,0.076,21.0,92.0,0.99745,3.5,0.6,9.8,5,red,7.65,13.654,0.2283,off_dry,medium,0,2.607,0.00776,0
7.0,0.57,0.0,2.0,0.10800000000000001,12.0,45.0,0.99676,3.31,0.6,9.4,6,red,7.57,12.281,0.2667,off_dry,medium,0,2.007,0.01149,0
6.5,0.46,0.14,2.4,0.10800000000000001,9.0,37.0,0.99732,3.66,0.65,9.8,5,red,7.1,14.13,0.2432,off_dry,medium,0,2.406,0.01102,0
9.0,0.6799999999999999,0.05,2.4,0.081,26.0,96.0,0.99814,3.36,0.53,10.0,5,red,9.73,13.235,0.2708,off_dry,medium,0,2.404,0.0081,0
7.1,0.59,0.01,2.5,0.077,20.0,85.0,0.99746,3.55,0.59,9.8,5,red,7.7,12.034,0.2353,off_dry,medium,0,2.506,0.00786,0
9.65,0.35,0.41,2.3,0.083,11.0,61.0,0.9982,3.21,0.5,9.5,5,red,10.41,27.571,0.1803,off_dry,medium,0,2.304,0.00874,0
9.65,0.56,0.24,2.2,0.079,19.0,58.0,0.9991,3.18,0.56,10.1,6,red,10.45,17.232,0.3276,off_dry,medium,0,2.202,0.00782,0
8.6,0.63,0.17,2.9,0.099,21.0,119.0,0.998,3.09,0.52,9.3,5,red,9.4,13.651,0.1765,off_dry,medium,0,2.906,0.01065,0
7.4,0.37,0.43,2.6,0.082,18.0,82.0,0.99708,3.33,0.68,9.7,6,red,8.2,20.0,0.2195,off_dry,medium,0,2.608,0.00845,0
8.8,0.64,0.17,2.9,0.084,25.0,130.0,0.99818,3.23,0.54,9.6,5,red,9.61,13.75,0.1923,off_dry,medium,0,2.905,0.00875,0
7.1,0.61,0.02,2.5,0.081,17.0,87.0,0.99745,3.48,0.6,9.7,6,red,7.73,11.639,0.1954,off_dry,medium,0,2.506,0.00835,0
7.7,0.6,0.0,2.6,0.055,7.0,13.0,0.99639,3.38,0.56,10.8,5,red,8.3,12.833,0.5385,off_dry,high,0,2.609,0.00509,0
9.65,0.27,0.54,2.3,0.065,7.0,26.0,0.99531,3.17,0.53,12.5,6,red,10.46,35.741,0.2692,off_dry,very_high,1,2.311,0.0052,0
9.65,0.6799999999999999,0.3,2.6,0.10800000000000001,7.0,60.0,0.99786,2.99,0.855,10.2,5,red,10.63,14.191,0.1167,off_dry,medium,0,2.606,0.01059,0
8.7,0.46,0.31,2.5,0.10800000000000001,24.0,64.0,0.99746,3.1,0.74,9.6,5,red,9.47,18.913,0.375,off_dry,medium,0,2.506,0.01125,0
9.3,0.37,0.44,1.6,0.038,21.0,42.0,0.99526,3.24,0.81,10.8,7,red,10.11,25.135,0.5,off_dry,high,0,1.608,0.00352,1
9.4,0.5,0.34,3.6,0.082,5.0,14.0,0.9987,3.29,0.52,10.7,6,red,10.24,18.8,0.3571,off_dry,high,0,3.605,0.00766,0
7.2,0.61,0.08,4.0,0.082,26.0,108.0,0.99641,3.25,0.51,9.4,5,red,7.89,11.803,0.2407,off_dry,medium,0,4.014,0.00872,0
8.6,0.55,0.09,3.3,0.068,8.0,17.0,0.99735,3.23,0.44,10.0,5,red,9.24,15.636,0.4706,off_dry,medium,0,3.309,0.0068,0
5.1,0.585,0.0,1.7,0.044,14.0,86.0,0.99264,3.56,0.855,12.9,7,red,5.685,8.718,0.1628,off_dry,very_high,1,1.713,0.00341,1
7.7,0.56,0.08,2.5,0.10800000000000001,14.0,46.0,0.9971,3.24,0.66,9.6,6,red,8.34,13.75,0.3043,off_dry,medium,0,2.507,0.01125,0
8.4,0.52,0.22,2.7,0.084,4.0,18.0,0.99682,3.26,0.57,9.9,6,red,9.14,16.154,0.2222,off_dry,medium,0,2.709,0.00848,0
8.2,0.28,0.4,2.4,0.052,4.0,10.0,0.99356,3.33,0.7,12.8,7,red,8.88,29.286,0.4,off_dry,very_high,1,2.416,0.00406,1
8.4,0.25,0.39,2.0,0.041,4.0,10.0,0.99386,3.27,0.71,12.5,7,red,9.04,33.6,0.4,off_dry,very_high,1,2.012,0.00328,1
7.4,0.53,0.12,1.9,0.10800000000000001,4.0,12.0,0.99702,3.26,0.855,9.2,5,red,8.05,13.962,0.3333,off_dry,medium,0,1.906,0.01174,0
7.6,0.48,0.31,2.8,0.07,4.0,15.0,0.99693,3.22,0.55,10.3,6,red,8.39,15.833,0.2667,off_dry,medium,0,2.809,0.0068,0
7.3,0.49,0.1,2.6,0.068,4.0,14.0,0.99562,3.3,0.47,10.5,5,red,7.89,14.898,0.2857,off_dry,medium,0,2.611,0.00648,0
9.65,0.5,0.55,2.8,0.072,7.0,24.0,1.00012,3.09,0.68,10.9,6,red,10.7,19.3,0.2917,off_dry,high,0,2.8,0.00661,0
9.65,0.45,0.33,2.5,0.099,20.0,38.0,0.99818,3.24,0.71,10.8,5,red,10.43,21.444,0.5263,off_dry,high,0,2.505,0.00917,0
6.9,0.39,0.24,2.1,0.102,4.0,7.0,0.99462,3.44,0.58,11.4,4,red,7.53,17.692,0.5714,off_dry,high,0,2.111,0.00895,0
9.65,0.41,0.54,2.8,0.103,19.0,41.0,0.99939,3.21,0.76,11.3,6,red,10.6,23.537,0.4634,off_dry,high,0,2.802,0.00912,0
9.65,0.51,0.19,3.2,0.081,8.0,30.0,0.9984,3.23,0.58,10.5,6,red,10.35,18.922,0.2667,off_dry,medium,0,3.205,0.00771,0
9.65,0.29,0.42,1.6,0.084,19.0,27.0,0.99545,3.28,0.73,11.9,6,red,10.36,33.276,0.7037,off_dry,high,0,1.607,0.00706,0
7.1,0.6799999999999999,0.0,2.35,0.071,21.0,47.0,0.99632,3.29,0.45,9.4,5,red,7.78,10.441,0.4468,off_dry,medium,0,2.359,0.00755,0
9.1,0.66,0.15,3.2,0.097,9.0,59.0,0.99976,3.28,0.54,9.6,5,red,9.91,13.788,0.1525,off_dry,medium,0,3.201,0.0101,0
7.0,0.6799999999999999,0.0,1.9,0.099,9.0,22.0,0.99606,3.34,0.6,9.7,5,red,7.68,10.294,0.4091,off_dry,medium,0,1.908,0.01021,0
4.9,0.42,0.0,2.1,0.048,16.0,42.0,0.99154,3.66,0.74,14.0,7,red,5.32,11.667,0.381,off_dry,very_high,1,2.118,0.00343,1
6.7,0.54,0.13,2.0,0.076,15.0,36.0,0.9973,3.61,0.64,9.8,5,red,7.37,12.407,0.4167,off_dry,medium,0,2.005,0.00776,0
7.1,0.48,0.28,2.8,0.068,6.0,16.0,0.99682,3.24,0.53,10.3,5,red,7.86,14.792,0.375,off_dry,medium,0,2.809,0.0066,0
7.1,0.46,0.14,2.8,0.076,15.0,37.0,0.99624,3.36,0.49,10.7,5,red,7.7,15.435,0.4054,off_dry,high,0,2.811,0.0071,0
7.5,0.27,0.34,2.3,0.05,4.0,8.0,0.9951,3.4,0.64,11.0,7,red,8.11,27.778,0.5,off_dry,high,0,2.311,0.00455,1
7.8,0.57,0.09,2.3,0.065,34.0,45.0,0.99417,3.46,0.74,12.7,8,red,8.46,13.684,0.7556,off_dry,very_high,1,2.313,0.00512,1
5.9,0.61,0.08,2.1,0.071,16.0,24.0,0.99376,3.56,0.77,11.1,6,red,6.59,9.672,0.6667,off_dry,high,0,2.113,0.0064,0
7.5,0.6799999999999999,0.07,2.5,0.058,5.0,9.0,0.99632,3.38,0.55,10.9,4,red,8.25,11.029,0.5556,off_dry,high,0,2.509,0.00532,0
9.65,0.44,0.42,1.5,0.10800000000000001,34.0,48.0,0.99832,3.38,0.855,9.9,3,red,10.51,21.932,0.7083,off_dry,medium,0,1.503,0.01091,0
9.65,0.47,0.44,1.6,0.10800000000000001,36.0,51.0,0.99836,3.38,0.855,9.9,4,red,10.56,20.532,0.7059,off_dry,medium,0,1.603,0.01091,0
8.8,0.6799999999999999,0.26,1.6,0.088,16.0,23.0,0.99694,3.32,0.47,9.4,5,red,9.74,12.941,0.6957,off_dry,medium,0,1.605,0.00936,0
7.6,0.665,0.1,1.5,0.066,27.0,55.0,0.99655,3.39,0.51,9.3,5,red,8.365,11.429,0.4909,off_dry,medium,0,1.505,0.0071,0
6.7,0.28,0.28,2.4,0.012,36.0,100.0,0.99064,3.26,0.39,11.7,7,red,7.26,23.928,0.36,off_dry,high,0,2.423,0.00103,1
9.65,0.31,0.35,1.6,0.075,9.0,28.0,0.99672,3.24,0.83,11.2,7,red,10.31,31.129,0.3214,off_dry,high,0,1.605,0.0067,1
6.0,0.5,0.04,2.2,0.092,13.0,26.0,0.99647,3.46,0.47,10.0,5,red,6.54,12.0,0.5,off_dry,medium,0,2.208,0.0092,0
9.65,0.42,0.47,2.65,0.085,9.0,34.0,0.99736,3.24,0.77,12.1,7,red,10.54,22.976,0.2647,off_dry,very_high,1,2.657,0.00702,1
6.6,0.66,0.0,3.0,0.10800000000000001,21.0,31.0,0.99629,3.45,0.63,10.3,5,red,7.26,10.0,0.6774,off_dry,medium,0,3.011,0.01049,0
9.65,0.5,0.45,2.6,0.10800000000000001,34.0,68.0,0.99708,3.23,0.72,10.9,6,red,10.6,19.3,0.5,off_dry,high,0,2.608,0.00991,0
7.1,0.6799999999999999,0.35,2.0,0.088,9.0,92.0,0.9963,3.28,0.62,9.4,5,red,8.13,10.441,0.0978,off_dry,medium,0,2.007,0.00936,0
9.65,0.25,0.46,1.7,0.062,26.0,42.0,0.9959,3.18,0.83,10.6,6,red,10.36,38.6,0.619,off_dry,high,0,1.707,0.00585,0
6.4,0.64,0.21,1.8,0.081,14.0,31.0,0.99689,3.59,0.66,9.8,5,red,7.25,10.0,0.4516,off_dry,medium,0,1.806,0.00827,0
7.4,0.6799999999999999,0.16,1.8,0.078,12.0,39.0,0.9977,3.5,0.7,9.9,6,red,8.24,10.882,0.3077,off_dry,medium,0,1.804,0.00788,0
6.4,0.63,0.21,1.6,0.08,12.0,32.0,0.99689,3.58,0.66,9.8,5,red,7.24,10.159,0.375,off_dry,medium,0,1.605,0.00816,0
9.3,0.43,0.44,1.9,0.085,9.0,22.0,0.99708,3.28,0.55,9.5,5,red,10.17,21.628,0.4091,off_dry,medium,0,1.906,0.00895,0
8.0,0.42,0.32,2.5,0.08,26.0,122.0,0.99801,3.22,0.855,9.7,5,red,8.74,19.048,0.2131,off_dry,medium,0,2.505,0.00825,0
9.3,0.36,0.39,1.5,0.08,41.0,55.0,0.99652,3.47,0.73,10.9,6,red,10.05,25.833,0.7455,off_dry,high,0,1.505,0.00734,0
7.6,0.6799999999999999,0.02,2.5,0.071,10.0,14.0,0.99538,3.51,0.71,11.7,7,red,8.3,11.176,0.7143,off_dry,high,0,2.512,0.00607,1
8.2,0.26,0.34,2.5,0.073,16.0,47.0,0.99594,3.4,0.78,11.3,7,red,8.8,31.538,0.3404,off_dry,high,0,2.51,0.00646,1
9.65,0.28,0.47,1.7,0.054,17.0,32.0,0.99686,3.15,0.67,10.6,7,red,10.4,34.464,0.5312,off_dry,high,0,1.705,0.00509,1
6.8,0.56,0.22,1.8,0.074,15.0,24.0,0.99438,3.4,0.82,11.2,6,red,7.58,12.143,0.625,off_dry,high,0,1.81,0.00661,0
7.2,0.62,0.06,2.7,0.077,15.0,85.0,0.99746,3.51,0.54,9.5,5,red,7.88,11.613,0.1765,off_dry,medium,0,2.707,0.00811,0
5.8,0.6799999999999999,0.6400000000000001,2.0,0.039,15.0,88.0,0.99357,3.66,0.6,11.5,6,red,7.12,8.529,0.1705,off_dry,high,0,2.013,0.00339,0
7.5,0.42,0.32,2.7,0.067,7.0,25.0,0.99628,3.24,0.44,10.4,5,red,8.24,17.857,0.28,off_dry,medium,0,2.71,0.00644,0
7.2,0.62,0.06,2.5,0.078,17.0,84.0,0.99746,3.51,0.53,9.7,5,red,7.88,11.613,0.2024,off_dry,medium,0,2.506,0.00804,0
7.2,0.635,0.07,2.6,0.077,16.0,86.0,0.99748,3.51,0.54,9.7,5,red,7.905,11.339,0.186,off_dry,medium,0,2.607,0.00794,0
6.8,0.49,0.22,2.3,0.071,13.0,24.0,0.99438,3.41,0.83,11.3,6,red,7.51,13.878,0.5417,off_dry,high,0,2.313,0.00628,0
6.9,0.51,0.23,2.0,0.072,13.0,22.0,0.99438,3.4,0.84,11.2,6,red,7.64,13.529,0.5909,off_dry,high,0,2.011,0.00643,0
7.6,0.63,0.03,2.0,0.08,27.0,43.0,0.99578,3.44,0.64,10.9,6,red,8.26,12.063,0.6279,off_dry,high,0,2.008,0.00734,0
7.7,0.6799999999999999,0.01,2.1,0.064,31.0,43.0,0.99371,3.41,0.57,11.8,6,red,8.39,11.324,0.7209,off_dry,high,0,2.113,0.00542,0
6.9,0.56,0.03,1.5,0.086,36.0,46.0,0.99522,3.53,0.57,10.6,5,red,7.49,12.321,0.7826,off_dry,high,0,1.507,0.00811,0
7.3,0.35,0.24,2.0,0.067,28.0,48.0,0.99576,3.43,0.54,10.0,4,red,7.89,20.857,0.5833,off_dry,medium,0,2.009,0.0067,0
9.1,0.21,0.37,1.6,0.067,6.0,10.0,0.99552,3.23,0.58,11.1,7,red,9.68,43.333,0.6,off_dry,high,0,1.607,0.00604,1
9.65,0.38,0.46,2.1,0.104,6.0,10.0,0.99664,3.12,0.65,11.8,7,red,10.49,25.395,0.6,off_dry,high,0,2.107,0.00881,1
8.8,0.31,0.4,2.8,0.10800000000000001,7.0,16.0,0.99614,3.31,0.79,11.8,7,red,9.51,28.387,0.4375,off_dry,high,0,2.811,0.00915,1
7.1,0.47,0.0,2.2,0.067,7.0,14.0,0.99517,3.4,0.58,10.9,4,red,7.57,15.106,0.5,off_dry,high,0,2.211,0.00615,0
8.8,0.61,0.19,4.0,0.094,30.0,69.0,0.99787,3.22,0.5,10.0,6,red,9.6,14.426,0.4348,off_dry,medium,0,4.009,0.0094,0
7.2,0.6,0.04,2.5,0.076,18.0,88.0,0.99745,3.53,0.55,9.5,5,red,7.84,12.0,0.2045,off_dry,medium,0,2.506,0.008,0
9.2,0.56,0.18,1.6,0.078,10.0,21.0,0.99576,3.15,0.49,9.9,5,red,9.94,16.429,0.4762,off_dry,medium,0,1.607,0.00788,0
7.6,0.6799999999999999,0.0,2.1,0.068,30.0,35.0,0.99533,3.48,0.65,11.4,6,red,8.28,11.176,0.8571,off_dry,high,0,2.11,0.00596,0
8.4,0.31,0.29,3.1,0.10800000000000001,14.0,26.0,0.99536,3.22,0.78,12.0,6,red,9.0,27.097,0.5385,off_dry,high,1,3.114,0.009,0
8.9,0.6799999999999999,0.14,2.5,0.086,9.0,30.0,0.99824,3.34,0.64,10.5,5,red,9.72,13.088,0.3,off_dry,medium,0,2.504,0.00819,0
9.0,0.6799999999999999,0.12,2.4,0.083,8.0,28.0,0.99836,3.33,0.65,10.4,6,red,9.8,13.235,0.2857,off_dry,medium,0,2.404,0.00798,0
9.65,0.52,0.38,2.6,0.066,29.0,56.0,0.99577,3.15,0.79,12.1,7,red,10.55,18.558,0.5179,off_dry,very_high,1,2.611,0.00545,1
6.8,0.57,0.0,2.5,0.072,32.0,64.0,0.99491,3.43,0.56,11.2,6,red,7.37,11.93,0.5,off_dry,high,0,2.513,0.00643,0
9.65,0.6799999999999999,0.34,6.6,0.10800000000000001,23.0,99.0,1.00289,3.22,0.68,9.3,5,red,10.67,14.191,0.2323,medium,medium,0,6.581,0.01161,0
7.2,0.34,0.24,2.0,0.071,30.0,52.0,0.99576,3.44,0.58,10.1,5,red,7.78,21.176,0.5769,off_dry,medium,0,2.009,0.00703,0
7.2,0.66,0.03,2.3,0.078,16.0,86.0,0.99743,3.53,0.57,9.7,5,red,7.89,10.909,0.186,off_dry,medium,0,2.306,0.00804,0
9.65,0.45,0.23,1.9,0.082,10.0,18.0,0.99774,3.22,0.65,9.3,6,red,10.33,21.444,0.5556,off_dry,medium,0,1.904,0.00882,0
7.2,0.63,0.03,2.2,0.08,17.0,88.0,0.99745,3.53,0.58,9.8,6,red,7.86,11.429,0.1932,off_dry,medium,0,2.206,0.00816,0
7.1,0.59,0.01,2.3,0.08,27.0,43.0,0.9955,3.42,0.58,10.7,6,red,7.7,12.034,0.6279,off_dry,high,0,2.31,0.00748,0
8.3,0.31,0.39,2.4,0.078,17.0,43.0,0.99444,3.31,0.77,12.5,7,red,9.0,26.774,0.3953,off_dry,very_high,1,2.413,0.00624,1
8.3,0.6799999999999999,0.02,3.4,0.084,6.0,11.0,0.99892,3.48,0.49,11.0,3,red,9.0,12.206,0.5455,off_dry,high,0,3.404,0.00764,0
8.9,0.31,0.36,2.6,0.056,10.0,39.0,0.99562,3.4,0.69,11.8,5,red,9.57,28.71,0.2564,off_dry,high,0,2.611,0.00475,0
7.4,0.635,0.1,2.4,0.08,16.0,33.0,0.99736,3.58,0.69,10.8,7,red,8.135,11.654,0.4848,off_dry,high,0,2.406,0.00741,1
6.8,0.59,0.06,6.0,0.06,11.0,18.0,0.9962,3.41,0.59,10.8,7,red,7.45,11.525,0.6111,medium,high,0,6.023,0.00556,1
9.2,0.58,0.2,3.0,0.081,15.0,115.0,0.998,3.23,0.59,9.5,5,red,9.98,15.862,0.1304,off_dry,medium,0,3.006,0.00853,0
7.2,0.54,0.27,2.6,0.084,12.0,78.0,0.9964,3.39,0.71,11.0,5,red,8.01,13.333,0.1538,off_dry,high,0,2.609,0.00764,0
6.1,0.56,0.0,2.2,0.079,6.0,9.0,0.9948,3.59,0.54,11.5,6,red,6.66,10.893,0.6667,off_dry,high,0,2.211,0.00687,0
7.4,0.52,0.13,2.4,0.078,34.0,61.0,0.99528,3.43,0.59,10.8,6,red,8.05,14.231,0.5574,off_dry,high,0,2.411,0.00722,0
7.3,0.305,0.39,1.2,0.059,7.0,11.0,0.99331,3.29,0.52,11.5,6,red,7.995,23.934,0.6364,off_dry,high,0,1.208,0.00513,0
9.3,0.38,0.48,3.8,0.10800000000000001,3.0,11.0,0.99577,3.23,0.57,13.2,6,red,10.16,24.474,0.2727,off_dry,very_high,1,3.816,0.00818,0
9.1,0.28,0.46,9.0,0.10800000000000001,3.0,9.0,0.99901,3.18,0.6,10.9,6,red,9.84,32.5,0.3333,medium,high,0,9.009,0.00991,0
9.65,0.46,0.44,2.9,0.065,4.0,8.0,0.99674,3.33,0.62,12.2,6,red,10.55,20.978,0.5,off_dry,very_high,1,2.909,0.00533,0
9.4,0.395,0.46,4.6,0.094,3.0,10.0,0.99639,3.27,0.64,12.2,7,red,10.255,23.797,0.3,off_dry,very_high,1,4.617,0.0077,1
8.6,0.315,0.4,2.2,0.079,3.0,6.0,0.99512,3.27,0.67,11.9,6,red,9.315,27.302,0.5,off_dry,high,0,2.211,0.00664,0
5.3,0.6799999999999999,0.19,1.5,0.10800000000000001,7.0,62.0,0.99395,3.62,0.61,11.0,5,red,6.17,7.794,0.1129,off_dry,high,0,1.509,0.00982,0
6.8,0.41,0.31,8.8,0.084,26.0,45.0,0.99824,3.38,0.64,10.1,6,red,7.52,16.585,0.5778,medium,medium,0,8.816,0.00832,0
8.4,0.36,0.32,2.2,0.081,32.0,79.0,0.9964,3.3,0.72,11.0,6,red,9.08,23.333,0.4051,off_dry,high,0,2.208,0.00736,0
8.4,0.62,0.12,1.8,0.072,38.0,46.0,0.99504,3.38,0.855,11.8,6,red,9.14,13.548,0.8261,off_dry,high,0,1.809,0.0061,0
9.6,0.41,0.37,2.3,0.091,10.0,23.0,0.99786,3.24,0.56,10.5,5,red,10.38,23.415,0.4348,off_dry,medium,0,2.305,0.00867,0
8.6,0.47,0.27,2.3,0.055,14.0,28.0,0.99516,3.18,0.8,11.2,5,red,9.34,18.298,0.5,off_dry,high,0,2.311,0.00491,0
8.6,0.22,0.36,1.9,0.064,53.0,77.0,0.99604,3.47,0.855,11.0,7,red,9.18,39.091,0.6883,off_dry,high,0,1.908,0.00582,1
9.4,0.24,0.33,2.3,0.061,52.0,73.0,0.99786,3.47,0.855,10.2,6,red,9.97,39.167,0.7123,off_dry,medium,0,2.305,0.00598,0
8.4,0.67,0.19,2.2,0.093,11.0,75.0,0.99736,3.2,0.59,9.2,4,red,9.26,12.537,0.1467,off_dry,medium,0,2.206,0.01011,0
8.7,0.33,0.38,3.3,0.063,10.0,19.0,0.99468,3.3,0.73,12.0,7,red,9.41,26.364,0.5263,off_dry,high,1,3.318,0.00525,1
6.6,0.61,0.01,1.9,0.08,8.0,25.0,0.99746,3.66,0.73,10.5,5,red,7.22,10.82,0.32,off_dry,medium,0,1.905,0.00762,0
7.4,0.61,0.01,2.0,0.074,13.0,38.0,0.99748,3.48,0.65,9.8,5,red,8.02,12.131,0.3421,off_dry,medium,0,2.005,0.00755,0
7.6,0.4,0.29,1.9,0.078,29.0,66.0,0.9971,3.45,0.59,9.5,6,red,8.29,19.0,0.4394,off_dry,medium,0,1.906,0.00821,0
8.8,0.3,0.38,2.3,0.06,19.0,72.0,0.99543,3.39,0.72,11.8,6,red,9.48,29.333,0.2639,off_dry,high,0,2.311,0.00508,0
9.65,0.63,0.5,1.4,0.071,6.0,26.0,0.99791,3.07,0.6,10.4,4,red,10.78,15.317,0.2308,off_dry,medium,0,1.403,0.00683,0
7.2,0.38,0.38,2.8,0.068,23.0,42.0,0.99356,3.34,0.72,12.9,7,red,7.96,18.947,0.5476,off_dry,very_high,1,2.818,0.00527,1
6.2,0.46,0.17,1.6,0.073,7.0,11.0,0.99425,3.61,0.54,11.4,5,red,6.83,13.478,0.6364,off_dry,high,0,1.609,0.0064,0
9.6,0.33,0.52,2.2,0.074,13.0,25.0,0.99509,3.36,0.76,12.4,7,red,10.45,29.091,0.52,off_dry,very_high,1,2.211,0.00597,1
9.65,0.27,0.49,5.0,0.082,9.0,17.0,0.99484,3.19,0.52,12.5,7,red,10.41,35.741,0.5294,off_dry,very_high,1,5.026,0.00656,1
9.65,0.43,0.4,2.6,0.092,13.0,52.0,0.99834,3.22,0.64,10.0,7,red,10.48,22.442,0.25,off_dry,medium,0,2.604,0.0092,1
9.65,0.5,0.34,2.3,0.094,10.0,45.0,0.99864,3.24,0.6,9.7,7,red,10.49,19.3,0.2222,off_dry,medium,0,2.303,0.00969,1
8.3,0.3,0.49,3.8,0.09,11.0,24.0,0.99498,3.27,0.64,12.1,7,red,9.09,27.667,0.4583,off_dry,very_high,1,3.819,0.00744,1
9.65,0.44,0.42,2.0,0.071,7.0,20.0,0.99566,3.14,0.79,11.1,7,red,10.51,21.932,0.35,off_dry,high,0,2.009,0.0064,1
9.65,0.44,0.58,4.1,0.092,11.0,24.0,0.99745,3.29,0.855,12.0,7,red,10.67,21.932,0.4583,off_dry,high,1,4.11,0.00767,1
8.3,0.28,0.48,2.1,0.093,6.0,12.0,0.99408,3.26,0.62,12.4,7,red,9.06,29.643,0.5,off_dry,very_high,1,2.113,0.0075,1
8.9,0.12,0.45,1.8,0.075,10.0,21.0,0.99552,3.41,0.76,11.9,7,red,9.47,74.166,0.4762,off_dry,high,0,1.808,0.0063,1
8.2,0.31,0.4,2.2,0.058,6.0,10.0,0.99536,3.31,0.68,11.2,7,red,8.91,26.452,0.6,off_dry,high,0,2.21,0.00518,1
9.65,0.34,0.48,2.1,0.052,5.0,9.0,0.99458,3.2,0.69,12.1,7,red,10.47,28.382,0.5556,off_dry,very_high,1,2.111,0.0043,1
7.6,0.43,0.4,2.7,0.082,6.0,11.0,0.99538,3.44,0.54,12.2,6,red,8.43,17.674,0.5455,off_dry,very_high,1,2.713,0.00672,0
8.5,0.21,0.52,1.9,0.09,9.0,23.0,0.99648,3.36,0.67,10.4,5,red,9.23,40.476,0.3913,off_dry,medium,0,1.907,0.00865,0
9.0,0.36,0.52,2.1,0.10800000000000001,5.0,10.0,0.99568,3.31,0.62,11.3,6,red,9.88,25.0,0.5,off_dry,high,0,2.109,0.00956,0
9.5,0.37,0.52,2.0,0.088,12.0,51.0,0.99613,3.29,0.58,11.1,6,red,10.39,25.676,0.2353,off_dry,high,0,2.008,0.00793,0
6.4,0.57,0.12,2.3,0.10800000000000001,25.0,36.0,0.99519,3.47,0.71,11.3,7,red,7.09,11.228,0.6944,off_dry,high,0,2.311,0.00956,1
8.0,0.59,0.05,2.0,0.089,12.0,32.0,0.99735,3.36,0.61,10.0,5,red,8.64,13.559,0.375,off_dry,medium,0,2.005,0.0089,0
8.5,0.47,0.27,1.9,0.058,18.0,38.0,0.99518,3.16,0.85,11.1,6,red,9.24,18.085,0.4737,off_dry,high,0,1.909,0.00523,0
7.1,0.56,0.14,1.6,0.078,7.0,18.0,0.99592,3.27,0.62,9.3,5,red,7.8,12.679,0.3889,off_dry,medium,0,1.607,0.00839,0
6.6,0.57,0.02,2.1,0.10800000000000001,6.0,16.0,0.99654,3.38,0.69,9.5,5,red,7.19,11.579,0.375,off_dry,medium,0,2.107,0.01137,0
8.8,0.27,0.39,2.0,0.1,20.0,27.0,0.99546,3.15,0.69,11.2,6,red,9.46,32.592,0.7407,off_dry,high,0,2.009,0.00893,0
8.3,0.34,0.4,2.4,0.065,24.0,48.0,0.99554,3.34,0.855,11.0,6,red,9.04,24.412,0.5,off_dry,high,0,2.411,0.00591,0
9.0,0.38,0.41,2.4,0.103,6.0,10.0,0.99604,3.13,0.58,11.9,7,red,9.79,23.684,0.6,off_dry,high,0,2.41,0.00866,1
8.5,0.66,0.2,2.1,0.097,23.0,113.0,0.99733,3.13,0.48,9.2,5,red,9.36,12.879,0.2035,off_dry,medium,0,2.106,0.01054,0
9.0,0.4,0.43,2.4,0.068,29.0,46.0,0.9943,3.2,0.6,12.2,6,red,9.83,22.5,0.6304,off_dry,very_high,1,2.414,0.00557,0
6.7,0.56,0.09,2.9,0.079,7.0,22.0,0.99669,3.46,0.61,10.2,5,red,7.35,11.964,0.3182,off_dry,medium,0,2.91,0.00775,0
9.65,0.26,0.48,1.9,0.066,6.0,10.0,0.99724,3.33,0.855,10.9,6,red,10.39,37.115,0.6,off_dry,high,0,1.905,0.00606,0
9.65,0.38,0.5,2.4,0.104,6.0,13.0,0.99643,3.22,0.65,11.6,7,red,10.53,25.395,0.4615,off_dry,high,0,2.409,0.00897,1
8.5,0.34,0.44,1.7,0.079,6.0,12.0,0.99605,3.52,0.63,10.7,5,red,9.28,25.0,0.5,off_dry,high,0,1.707,0.00738,0
8.8,0.33,0.41,5.9,0.073,7.0,13.0,0.99658,3.3,0.62,12.1,7,red,9.54,26.667,0.5385,medium,very_high,1,5.92,0.00603,1
7.2,0.41,0.3,2.1,0.083,35.0,72.0,0.997,3.44,0.52,9.4,5,red,7.91,17.561,0.4861,off_dry,medium,0,2.106,0.00883,0
8.4,0.59,0.29,2.6,0.10800000000000001,31.0,119.0,0.99801,3.15,0.5,9.1,5,red,9.28,14.237,0.2605,off_dry,medium,0,2.605,0.01187,0
7.0,0.4,0.32,3.6,0.061,9.0,29.0,0.99416,3.28,0.49,11.3,7,red,7.72,17.5,0.3103,off_dry,high,0,3.621,0.0054,1
9.65,0.45,0.49,1.4,0.075,3.0,6.0,0.9969,3.13,0.63,10.4,5,red,10.59,21.444,0.5,off_dry,medium,0,1.404,0.00721,0
9.1,0.5,0.3,1.9,0.065,8.0,17.0,0.99774,3.32,0.71,10.5,6,red,9.9,18.2,0.4706,off_dry,medium,0,1.904,0.00619,0
9.5,0.6799999999999999,0.26,1.9,0.079,13.0,28.0,0.99712,3.25,0.62,10.0,5,red,10.44,13.971,0.4643,off_dry,medium,0,1.905,0.0079,0
7.3,0.52,0.32,2.1,0.07,51.0,70.0,0.99418,3.34,0.82,12.9,6,red,8.14,14.038,0.7286,off_dry,very_high,1,2.112,0.00543,0
7.4,0.58,0.0,2.0,0.064,7.0,11.0,0.99562,3.45,0.58,11.3,6,red,7.98,12.759,0.6364,off_dry,high,0,2.009,0.00566,0
9.65,0.34,0.39,1.4,0.066,3.0,7.0,0.9947,3.19,0.55,11.4,7,red,10.38,28.382,0.4286,off_dry,high,0,1.407,0.00579,1
7.1,0.36,0.3,1.6,0.08,35.0,70.0,0.99693,3.44,0.5,9.4,5,red,7.76,19.722,0.5,off_dry,medium,0,1.605,0.00851,0
7.7,0.39,0.12,1.7,0.097,19.0,27.0,0.99596,3.16,0.49,9.4,5,red,8.21,19.744,0.7037,off_dry,medium,0,1.707,0.01032,0
9.65,0.295,0.4,1.5,0.073,14.0,21.0,0.99556,3.14,0.51,10.9,6,red,10.345,32.712,0.6667,off_dry,high,0,1.507,0.0067,0
7.1,0.34,0.28,2.0,0.082,31.0,68.0,0.99694,3.45,0.48,9.4,5,red,7.72,20.882,0.4559,off_dry,medium,0,2.006,0.00872,0
6.5,0.4,0.1,2.0,0.076,30.0,47.0,0.99554,3.36,0.48,9.4,6,red,7.0,16.25,0.6383,off_dry,medium,0,2.009,0.00809,0
9.65,0.35,0.45,2.5,0.092,20.0,88.0,0.99918,3.15,0.43,9.4,5,red,10.45,27.571,0.2273,off_dry,medium,0,2.502,0.00979,0
7.7,0.6,0.06,2.0,0.079,19.0,41.0,0.99697,3.39,0.62,10.1,6,red,8.36,12.833,0.4634,off_dry,medium,0,2.006,0.00782,0
5.6,0.66,0.0,2.2,0.087,3.0,11.0,0.99378,3.66,0.63,12.8,7,red,6.26,8.485,0.2727,off_dry,very_high,1,2.214,0.0068,1
8.9,0.6799999999999999,0.34,1.4,0.05,4.0,10.0,0.99554,3.12,0.48,9.1,6,red,9.92,13.088,0.4,off_dry,medium,0,1.406,0.00549,0
6.4,0.6799999999999999,0.0,1.65,0.055,7.0,12.0,0.99162,3.47,0.53,12.9,6,red,7.08,9.412,0.5833,off_dry,very_high,1,1.664,0.00426,0
7.5,0.43,0.3,2.2,0.062,6.0,12.0,0.99495,3.44,0.72,11.5,7,red,8.23,17.442,0.5,off_dry,high,0,2.211,0.00539,1
9.65,0.35,0.38,1.5,0.058,31.0,47.0,0.99676,3.26,0.82,10.6,7,red,10.38,27.571,0.6596,off_dry,high,0,1.505,0.00547,1
9.1,0.29,0.33,2.05,0.063,13.0,27.0,0.99516,3.26,0.84,11.7,7,red,9.72,31.379,0.4815,off_dry,high,0,2.06,0.00538,1
6.8,0.36,0.32,1.8,0.067,4.0,8.0,0.9928,3.36,0.55,12.8,7,red,7.48,18.889,0.5,off_dry,very_high,1,1.813,0.00523,1
8.2,0.43,0.29,1.6,0.081,27.0,45.0,0.99603,3.25,0.54,10.3,5,red,8.92,19.07,0.6,off_dry,medium,0,1.606,0.00786,0
9.1,0.3,0.34,2.0,0.064,12.0,25.0,0.99516,3.26,0.84,11.7,7,red,9.74,30.333,0.48,off_dry,high,0,2.01,0.00547,1
8.9,0.35,0.4,3.6,0.10800000000000001,12.0,24.0,0.99549,3.23,0.7,12.0,7,red,9.65,25.428,0.5,off_dry,high,1,3.616,0.009,1
9.6,0.5,0.36,2.8,0.10800000000000001,26.0,55.0,0.99722,3.18,0.68,10.9,5,red,10.46,19.2,0.4727,off_dry,high,0,2.808,0.00991,0
8.9,0.28,0.45,1.7,0.067,7.0,12.0,0.99354,3.25,0.55,12.3,7,red,9.63,31.786,0.5833,off_dry,very_high,1,1.711,0.00545,1
8.9,0.32,0.31,2.0,0.088,12.0,19.0,0.9957,3.17,0.55,10.4,6,red,9.53,27.812,0.6316,off_dry,medium,0,2.009,0.00846,0
7.7,0.6799999999999999,0.15,2.1,0.102,11.0,32.0,0.99604,3.23,0.48,10.0,5,red,8.53,11.324,0.3437,off_dry,medium,0,2.108,0.0102,0
7.5,0.6799999999999999,0.0,1.6,0.092,22.0,31.0,0.99635,3.38,0.58,10.0,6,red,8.18,11.029,0.7097,off_dry,medium,0,1.606,0.0092,0
8.0,0.58,0.16,2.0,0.10800000000000001,3.0,7.0,0.99454,3.22,0.58,11.2,6,red,8.74,13.793,0.4286,off_dry,high,0,2.011,0.00964,0
9.65,0.39,0.46,2.2,0.075,14.0,27.0,0.99598,3.06,0.84,11.4,6,red,10.5,24.744,0.5185,off_dry,high,0,2.209,0.00658,0
8.9,0.38,0.4,2.2,0.068,12.0,28.0,0.99486,3.27,0.75,12.6,7,red,9.68,23.421,0.4286,off_dry,very_high,1,2.211,0.0054,1
8.0,0.18,0.37,0.9,0.049,36.0,109.0,0.99007,2.89,0.44,12.7,6,red,8.55,44.444,0.3303,dry,very_high,1,0.909,0.00386,0
7.0,0.5,0.14,1.8,0.078,10.0,23.0,0.99636,3.53,0.61,10.4,5,red,7.64,14.0,0.4348,off_dry,medium,0,1.807,0.0075,0
9.65,0.36,0.6400000000000001,2.4,0.10800000000000001,3.0,8.0,0.99642,3.2,0.53,11.9,6,red,10.65,26.805,0.375,off_dry,high,0,2.409,0.00908,0
7.0,0.51,0.09,2.1,0.062,4.0,9.0,0.99584,3.35,0.54,10.5,5,red,7.6,13.725,0.4444,off_dry,medium,0,2.109,0.0059,0
8.2,0.32,0.42,2.3,0.098,3.0,9.0,0.99506,3.27,0.55,12.3,6,red,8.94,25.625,0.3333,off_dry,very_high,1,2.311,0.00797,0
7.7,0.58,0.01,1.8,0.088,12.0,18.0,0.99568,3.32,0.56,10.5,7,red,8.29,13.276,0.6667,off_dry,medium,0,1.808,0.00838,1
8.6,0.6799999999999999,0.0,2.8,0.095,17.0,43.0,0.99822,3.33,0.6,10.4,6,red,9.28,12.647,0.3953,off_dry,medium,0,2.805,0.00913,0
7.9,0.31,0.32,1.9,0.066,14.0,36.0,0.99364,3.41,0.56,12.6,6,red,8.53,25.484,0.3889,off_dry,very_high,1,1.912,0.00524,0
6.4,0.6799999999999999,0.0,2.2,0.065,28.0,52.0,0.99378,3.49,0.52,11.6,5,red,7.08,9.412,0.5385,off_dry,high,0,2.214,0.0056,0
7.2,0.34,0.21,2.5,0.075,41.0,68.0,0.99586,3.37,0.54,10.1,6,red,7.75,21.176,0.6029,off_dry,medium,0,2.51,0.00743,0
7.1,0.59,0.0,2.1,0.091,9.0,14.0,0.99488,3.42,0.55,11.5,7,red,7.69,12.034,0.6429,off_dry,high,0,2.111,0.00791,1
7.3,0.55,0.01,1.8,0.093,9.0,15.0,0.99514,3.35,0.58,11.0,7,red,7.86,13.273,0.6,off_dry,high,0,1.809,0.00845,1
8.1,0.6799999999999999,0.0,4.1,0.095,5.0,14.0,0.99854,3.36,0.53,9.6,5,red,8.78,11.912,0.3571,off_dry,medium,0,4.106,0.0099,0
7.5,0.57,0.08,2.6,0.089,14.0,27.0,0.99592,3.3,0.59,10.4,6,red,8.15,13.158,0.5185,off_dry,medium,0,2.611,0.00856,0
8.9,0.6799999999999999,0.18,2.5,0.077,15.0,48.0,0.99739,3.2,0.47,9.7,6,red,9.76,13.088,0.3125,off_dry,medium,0,2.507,0.00794,0
9.65,0.37,0.34,2.4,0.085,5.0,17.0,0.99683,3.17,0.65,10.6,7,red,10.36,26.081,0.2941,off_dry,high,0,2.408,0.00802,1
7.6,0.31,0.34,2.5,0.082,26.0,35.0,0.99356,3.22,0.59,12.5,7,red,8.25,24.516,0.7429,off_dry,very_high,1,2.516,0.00656,1
7.3,0.6799999999999999,0.1,1.8,0.074,20.0,56.0,0.99672,3.35,0.56,9.2,5,red,8.08,10.735,0.3571,off_dry,medium,0,1.806,0.00804,0
8.7,0.41,0.41,6.2,0.078,25.0,42.0,0.9953,3.24,0.77,12.6,7,red,9.52,21.219,0.5952,medium,very_high,1,6.229,0.00619,1
8.9,0.5,0.21,2.2,0.088,21.0,39.0,0.99692,3.33,0.83,11.1,6,red,9.61,17.8,0.5385,off_dry,high,0,2.207,0.00793,0
7.4,0.6799999999999999,0.0,2.2,0.088,16.0,32.0,0.99756,3.58,0.67,10.2,5,red,8.08,10.882,0.5,off_dry,medium,0,2.205,0.00863,0
6.9,0.49,0.19,1.7,0.079,13.0,26.0,0.99547,3.38,0.64,9.8,6,red,7.58,14.082,0.5,off_dry,medium,0,1.708,0.00806,0
9.5,0.39,0.41,8.9,0.069,18.0,39.0,0.99859,3.29,0.81,10.9,7,red,10.3,24.359,0.4615,medium,high,0,8.913,0.00633,1
6.4,0.39,0.33,3.3,0.046,12.0,53.0,0.99294,3.36,0.62,12.2,6,red,7.12,16.41,0.2264,off_dry,very_high,1,3.323,0.00377,0
6.9,0.44,0.0,1.4,0.07,32.0,38.0,0.99438,3.32,0.58,11.4,6,red,7.34,15.682,0.8421,off_dry,high,0,1.408,0.00614,0
7.6,0.6799999999999999,0.0,1.7,0.076,33.0,45.0,0.99612,3.31,0.62,10.7,6,red,8.28,11.176,0.7333,off_dry,high,0,1.707,0.0071,0
7.1,0.43,0.17,1.8,0.082,27.0,51.0,0.99634,3.49,0.64,10.4,5,red,7.7,16.512,0.5294,off_dry,medium,0,1.807,0.00788,0
9.3,0.49,0.36,1.7,0.081,3.0,14.0,0.99702,3.27,0.78,10.9,6,red,10.15,18.98,0.2143,off_dry,high,0,1.705,0.00743,0
9.3,0.5,0.36,1.8,0.084,6.0,17.0,0.99704,3.27,0.77,10.8,6,red,10.16,18.6,0.3529,off_dry,high,0,1.805,0.00778,0
8.5,0.46,0.59,1.4,0.10800000000000001,16.0,45.0,0.99702,3.03,0.855,9.2,5,red,9.55,18.478,0.3556,off_dry,medium,0,1.404,0.01174,0
5.6,0.605,0.05,2.4,0.073,19.0,25.0,0.99258,3.56,0.55,12.9,5,red,6.255,9.256,0.76,off_dry,very_high,1,2.418,0.00566,0
8.3,0.33,0.42,2.3,0.07,9.0,20.0,0.99426,3.38,0.77,12.7,7,red,9.05,25.151,0.45,off_dry,very_high,1,2.313,0.00551,1
8.2,0.64,0.27,2.0,0.095,5.0,77.0,0.99747,3.13,0.62,9.1,6,red,9.11,12.812,0.0649,off_dry,medium,0,2.005,0.01044,0
8.9,0.48,0.53,4.0,0.101,3.0,10.0,0.99586,3.21,0.59,12.1,7,red,9.91,18.542,0.3,off_dry,very_high,1,4.017,0.00835,1
7.6,0.42,0.25,3.9,0.104,28.0,90.0,0.99784,3.15,0.57,9.1,5,red,8.27,18.095,0.3111,off_dry,medium,0,3.908,0.01143,0
9.65,0.53,0.57,2.4,0.093,30.0,52.0,0.9971,3.19,0.76,11.6,7,red,10.75,18.208,0.5769,off_dry,high,0,2.407,0.00802,1
9.65,0.23,0.57,1.8,0.074,3.0,8.0,0.9981,3.14,0.7,9.9,6,red,10.45,41.956,0.375,off_dry,medium,0,1.803,0.00747,0
9.1,0.4,0.5,1.8,0.071,7.0,16.0,0.99462,3.21,0.69,12.5,8,red,10.0,22.75,0.4375,off_dry,very_high,1,1.81,0.00568,1
8.0,0.38,0.44,1.9,0.098,6.0,15.0,0.9956,3.3,0.64,11.4,6,red,8.82,21.053,0.4,off_dry,high,0,1.908,0.0086,0
9.65,0.29,0.6400000000000001,2.4,0.075,6.0,17.0,0.99565,3.22,0.63,11.8,6,red,10.58,33.276,0.3529,off_dry,high,0,2.41,0.00636,0
8.2,0.6799999999999999,0.09,2.0,0.067,5.0,10.0,0.99418,3.28,0.57,11.8,6,red,8.97,12.059,0.5,off_dry,high,0,2.012,0.00568,0
7.7,0.61,0.18,2.4,0.083,6.0,20.0,0.9963,3.29,0.6,10.2,6,red,8.49,12.623,0.3,off_dry,medium,0,2.409,0.00814,0
6.6,0.52,0.08,2.4,0.07,13.0,26.0,0.99358,3.4,0.72,12.5,7,red,7.2,12.692,0.5,off_dry,very_high,1,2.416,0.0056,1
9.65,0.31,0.53,2.2,0.06,3.0,10.0,0.99572,3.02,0.83,10.9,7,red,10.49,31.129,0.3,off_dry,high,0,2.209,0.0055,1
8.0,0.62,0.35,2.8,0.086,28.0,52.0,0.997,3.31,0.62,10.8,5,red,8.97,12.903,0.5385,off_dry,high,0,2.808,0.00796,0
9.3,0.33,0.45,1.5,0.057,19.0,37.0,0.99498,3.18,0.855,11.1,7,red,10.08,28.182,0.5135,off_dry,high,0,1.508,0.00514,1
7.5,0.6799999999999999,0.2,8.1,0.098,30.0,92.0,0.99892,3.2,0.58,9.2,5,red,8.38,11.029,0.3261,medium,medium,0,8.109,0.01065,0
7.2,0.35,0.26,1.8,0.083,33.0,75.0,0.9968,3.4,0.58,9.5,6,red,7.81,20.571,0.44,off_dry,medium,0,1.806,0.00874,0
8.0,0.62,0.33,2.7,0.088,16.0,37.0,0.9972,3.31,0.58,10.7,6,red,8.95,12.903,0.4324,off_dry,high,0,2.708,0.00822,0
9.1,0.25,0.34,2.0,0.071,45.0,67.0,0.99769,3.44,0.855,10.2,7,red,9.69,36.4,0.6716,off_dry,medium,0,2.005,0.00696,1
9.65,0.32,0.56,2.0,0.073,3.0,8.0,0.99534,3.15,0.73,11.4,6,red,10.53,30.156,0.375,off_dry,high,0,2.009,0.0064,0
8.6,0.37,0.6400000000000001,6.4,0.08,3.0,8.0,0.99817,3.27,0.58,11.0,5,red,9.61,23.243,0.375,medium,high,0,6.412,0.00727,0
7.9,0.3,0.6400000000000001,8.3,0.05,37.5,272.125,0.99316,3.01,0.51,12.3,7,red,8.84,26.333,0.1378,medium,very_high,1,8.357,0.00407,1
9.65,0.27,0.56,1.4,0.047,3.0,8.0,0.99471,3.16,0.51,11.8,6,red,10.48,35.741,0.375,off_dry,high,0,1.407,0.00398,0
7.9,0.3,0.6400000000000001,8.3,0.05,37.5,272.125,0.99316,3.01,0.51,12.3,7,red,8.84,26.333,0.1378,medium,very_high,1,8.357,0.00407,1
7.2,0.38,0.3,1.8,0.073,31.0,70.0,0.99685,3.42,0.59,9.5,6,red,7.88,18.947,0.4429,off_dry,medium,0,1.806,0.00768,0
8.7,0.42,0.45,2.4,0.072,32.0,59.0,0.99617,3.33,0.77,12.0,6,red,9.57,20.714,0.5424,off_dry,high,1,2.409,0.006,0
6.8,0.48,0.08,1.8,0.074,40.0,64.0,0.99529,3.12,0.49,9.6,5,red,7.36,14.167,0.625,off_dry,medium,0,1.809,0.00771,0
8.5,0.34,0.4,4.7,0.055,3.0,9.0,0.99738,3.38,0.66,11.6,7,red,9.24,25.0,0.3333,off_dry,high,0,4.712,0.00474,1
7.9,0.19,0.42,1.6,0.057,18.0,30.0,0.994,3.29,0.69,11.2,6,red,8.51,41.579,0.6,off_dry,high,0,1.61,0.00509,0
9.65,0.41,0.54,1.5,0.095,22.0,41.0,0.99735,3.02,0.76,9.9,7,red,10.6,23.537,0.5366,off_dry,medium,0,1.504,0.0096,1
9.65,0.26,0.54,1.9,0.083,42.0,74.0,0.99451,2.98,0.63,11.8,8,red,10.45,37.115,0.5676,off_dry,high,0,1.91,0.00703,1
7.9,0.34,0.42,2.0,0.086,8.0,19.0,0.99546,3.35,0.6,11.4,6,red,8.66,23.235,0.4211,off_dry,high,0,2.009,0.00754,0
7.0,0.54,0.09,2.0,0.081,10.0,16.0,0.99479,3.43,0.59,11.5,6,red,7.63,12.963,0.625,off_dry,high,0,2.01,0.00704,0
9.2,0.31,0.36,2.2,0.079,11.0,31.0,0.99615,3.33,0.855,12.0,7,red,9.87,29.677,0.3548,off_dry,high,1,2.209,0.00658,1
6.6,0.6799999999999999,0.09,5.5,0.10800000000000001,9.0,17.0,0.99655,3.35,0.49,10.8,6,red,7.37,9.706,0.5294,medium,high,0,5.519,0.01,0
9.4,0.4,0.47,2.5,0.087,6.0,20.0,0.99772,3.15,0.5,10.5,5,red,10.27,23.5,0.3,off_dry,medium,0,2.506,0.00829,0
8.6,0.52,0.38,1.5,0.096,5.0,18.0,0.99666,3.2,0.52,9.4,5,red,9.5,16.538,0.2778,off_dry,medium,0,1.505,0.01021,0
8.0,0.31,0.45,2.1,0.10800000000000001,5.0,16.0,0.99358,3.15,0.81,12.5,7,red,8.76,25.806,0.3125,off_dry,very_high,1,2.114,0.00864,1
8.4,0.34,0.42,2.1,0.072,23.0,36.0,0.99392,3.11,0.78,12.4,6,red,9.16,24.706,0.6389,off_dry,very_high,1,2.113,0.00581,0
7.4,0.49,0.27,2.1,0.071,14.0,25.0,0.99388,3.35,0.63,12.0,6,red,8.16,15.102,0.56,off_dry,high,1,2.113,0.00592,0
6.1,0.48,0.09,1.7,0.078,18.0,30.0,0.99402,3.45,0.54,11.2,6,red,6.67,12.708,0.6,off_dry,high,0,1.71,0.00696,0
8.0,0.48,0.34,2.2,0.073,16.0,25.0,0.9936,3.28,0.66,12.4,6,red,8.82,16.667,0.64,off_dry,very_high,1,2.214,0.00589,0
6.3,0.57,0.28,2.1,0.048,13.0,49.0,0.99374,3.41,0.6,12.8,5,red,7.15,11.053,0.2653,off_dry,very_high,1,2.113,0.00375,0
8.2,0.23,0.42,1.9,0.069,9.0,17.0,0.99376,3.21,0.54,12.3,6,red,8.85,35.652,0.5294,off_dry,very_high,1,1.912,0.00561,0
9.1,0.3,0.41,2.0,0.068,10.0,24.0,0.99523,3.27,0.85,11.7,7,red,9.81,30.333,0.4167,off_dry,high,0,2.01,0.00581,1
8.1,0.6799999999999999,0.1,3.3,0.09,4.0,13.0,0.99855,3.36,0.49,9.5,5,red,8.88,11.912,0.3077,off_dry,medium,0,3.305,0.00947,0
9.65,0.47,0.43,2.1,0.10800000000000001,27.0,66.0,0.9982,3.17,0.76,10.8,6,red,10.55,20.532,0.4091,off_dry,high,0,2.104,0.01,0
8.3,0.53,0.0,1.4,0.07,6.0,14.0,0.99593,3.25,0.64,10.0,6,red,8.83,15.66,0.4286,off_dry,medium,0,1.406,0.007,0
5.4,0.42,0.27,2.0,0.092,23.0,55.0,0.99471,3.66,0.64,12.3,7,red,6.09,12.857,0.4182,off_dry,very_high,1,2.011,0.00748,1
7.9,0.33,0.41,1.5,0.056,6.0,35.0,0.99396,3.29,0.71,11.0,6,red,8.64,23.939,0.1714,off_dry,high,0,1.509,0.00509,0
8.9,0.24,0.39,1.6,0.074,3.0,10.0,0.99698,3.12,0.59,9.5,6,red,9.53,37.083,0.3,off_dry,medium,0,1.605,0.00779,0
5.0,0.4,0.5,4.3,0.046,29.0,80.0,0.9902,3.49,0.66,13.6,6,red,5.9,12.5,0.3625,off_dry,very_high,1,4.343,0.00338,0
7.0,0.6799999999999999,0.07,2.5,0.091,15.0,21.0,0.99572,3.38,0.6,11.3,6,red,7.75,10.294,0.7143,off_dry,high,0,2.511,0.00805,0
7.1,0.39,0.12,2.1,0.065,14.0,24.0,0.99252,3.3,0.53,13.3,6,red,7.61,18.205,0.5833,off_dry,very_high,1,2.116,0.00489,0
5.6,0.66,0.0,2.5,0.066,7.0,15.0,0.99256,3.52,0.58,12.9,5,red,6.26,8.485,0.4667,off_dry,very_high,1,2.519,0.00512,0
7.9,0.54,0.34,2.5,0.076,8.0,17.0,0.99235,3.2,0.72,13.1,8,red,8.78,14.63,0.4706,off_dry,very_high,1,2.519,0.0058,1
6.6,0.5,0.0,1.8,0.062,21.0,28.0,0.99352,3.44,0.55,12.3,6,red,7.1,13.2,0.75,off_dry,very_high,1,1.812,0.00504,0
6.3,0.47,0.0,1.4,0.055,27.0,33.0,0.9922,3.45,0.48,12.3,6,red,6.77,13.404,0.8182,off_dry,very_high,1,1.411,0.00447,0
9.65,0.4,0.37,1.9,0.081,17.0,29.0,0.99674,3.12,0.65,11.2,6,red,10.42,24.125,0.5862,off_dry,high,0,1.906,0.00723,0
6.5,0.58,0.0,2.2,0.096,3.0,13.0,0.99557,3.62,0.62,11.5,4,red,7.08,11.207,0.2308,off_dry,high,0,2.21,0.00835,0
8.8,0.24,0.35,1.7,0.055,13.0,27.0,0.99394,3.14,0.59,11.3,7,red,9.39,36.667,0.4815,off_dry,high,0,1.71,0.00487,1
5.8,0.29,0.26,1.7,0.063,3.0,11.0,0.9915,3.39,0.54,13.5,6,red,6.35,20.0,0.2727,off_dry,very_high,1,1.715,0.00467,0
6.3,0.6799999999999999,0.0,2.9,0.072,26.0,52.0,0.99379,3.51,0.6,11.5,6,red,6.98,9.265,0.5,off_dry,high,0,2.918,0.00626,0
9.65,0.43,0.33,2.7,0.095,28.0,89.0,0.9984,3.22,0.68,10.0,5,red,10.41,22.442,0.3146,off_dry,medium,0,2.704,0.0095,0
9.65,0.43,0.35,3.3,0.092,24.0,70.0,0.99798,3.21,0.69,10.5,6,red,10.43,22.442,0.3429,off_dry,medium,0,3.307,0.00876,0
9.1,0.6,0.0,1.9,0.058,5.0,10.0,0.9977,3.18,0.63,10.4,6,red,9.7,15.167,0.5,off_dry,medium,0,1.904,0.00558,0
5.9,0.19,0.21,1.7,0.045,57.0,135.0,0.99341,3.32,0.44,9.5,5,red,6.3,31.052,0.4222,off_dry,medium,0,1.711,0.00474,0
7.4,0.36,0.34,1.8,0.075,18.0,38.0,0.9933,3.38,0.855,13.6,7,red,8.1,20.555,0.4737,off_dry,very_high,1,1.812,0.00551,1
7.2,0.48,0.07,5.5,0.089,10.0,18.0,0.99684,3.37,0.68,11.2,7,red,7.75,15.0,0.5556,medium,high,0,5.517,0.00795,1
8.5,0.28,0.35,1.7,0.061,6.0,15.0,0.99524,3.3,0.74,11.8,7,red,9.13,30.357,0.4,off_dry,high,0,1.708,0.00517,1
8.0,0.25,0.43,1.7,0.067,22.0,50.0,0.9946,3.38,0.6,11.9,6,red,8.68,32.0,0.44,off_dry,high,0,1.709,0.00563,0
9.65,0.52,0.45,2.0,0.08,6.0,13.0,0.99774,3.22,0.76,11.4,6,red,10.62,18.558,0.4615,off_dry,high,0,2.005,0.00702,0
7.5,0.41,0.15,3.7,0.104,29.0,94.0,0.99786,3.14,0.58,9.1,5,red,8.06,18.293,0.3085,off_dry,medium,0,3.708,0.01143,0
8.2,0.51,0.24,2.0,0.079,16.0,86.0,0.99764,3.34,0.64,9.5,6,red,8.95,16.078,0.186,off_dry,medium,0,2.005,0.00832,0
7.3,0.4,0.3,1.7,0.08,33.0,79.0,0.9969,3.41,0.65,9.5,6,red,8.0,18.25,0.4177,off_dry,medium,0,1.705,0.00842,0
8.2,0.38,0.32,2.5,0.08,24.0,71.0,0.99624,3.27,0.85,11.0,6,red,8.9,21.579,0.338,off_dry,high,0,2.509,0.00727,0
6.9,0.45,0.11,2.4,0.043,6.0,12.0,0.99354,3.3,0.65,11.4,6,red,7.46,15.333,0.5,off_dry,high,0,2.416,0.00377,0
7.0,0.22,0.3,1.8,0.065,16.0,20.0,0.99672,3.61,0.82,10.0,6,red,7.52,31.818,0.8,off_dry,medium,0,1.806,0.0065,0
7.3,0.32,0.23,2.3,0.066,35.0,70.0,0.99588,3.43,0.62,10.1,5,red,7.85,22.812,0.5,off_dry,medium,0,2.31,0.00653,0
8.2,0.2,0.43,2.5,0.076,31.0,51.0,0.99672,3.53,0.81,10.4,6,red,8.83,41.0,0.6078,off_dry,medium,0,2.508,0.00731,0
7.8,0.5,0.12,1.8,0.10800000000000001,6.0,21.0,0.996,3.28,0.855,9.8,6,red,8.42,15.6,0.2857,off_dry,medium,0,1.807,0.01102,0
9.65,0.41,0.45,6.2,0.071,6.0,14.0,0.99702,3.21,0.49,11.8,7,red,10.51,23.537,0.4286,medium,high,0,6.219,0.00602,1
7.8,0.39,0.42,2.0,0.086,9.0,21.0,0.99526,3.39,0.66,11.6,6,red,8.61,20.0,0.4286,off_dry,high,0,2.01,0.00741,0
9.65,0.35,0.47,2.0,0.061,6.0,11.0,0.99585,3.23,0.52,12.0,6,red,10.47,27.571,0.5455,off_dry,high,1,2.008,0.00508,0
8.2,0.33,0.32,2.8,0.067,4.0,12.0,0.99473,3.3,0.76,12.8,7,red,8.85,24.848,0.3333,off_dry,very_high,1,2.815,0.00523,1
6.1,0.58,0.23,2.5,0.044,16.0,70.0,0.99352,3.46,0.65,12.5,6,red,6.91,10.517,0.2286,off_dry,very_high,1,2.516,0.00352,0
8.3,0.6,0.25,2.2,0.10800000000000001,9.0,38.0,0.99616,3.15,0.53,9.8,5,red,9.15,13.833,0.2368,off_dry,medium,0,2.208,0.01102,0
9.6,0.42,0.35,2.1,0.083,17.0,38.0,0.99622,3.23,0.66,11.1,6,red,10.37,22.857,0.4474,off_dry,high,0,2.108,0.00748,0
6.6,0.58,0.0,2.2,0.1,50.0,63.0,0.99544,3.59,0.68,11.4,6,red,7.18,11.379,0.7937,off_dry,high,0,2.21,0.00877,0
8.5,0.18,0.51,1.75,0.071,45.0,88.0,0.99524,3.33,0.76,11.8,7,red,9.19,47.222,0.5114,off_dry,high,0,1.758,0.00602,1
5.1,0.51,0.18,2.1,0.042,16.0,101.0,0.9924,3.46,0.855,12.9,7,red,5.79,10.0,0.1584,off_dry,very_high,1,2.116,0.00326,1
6.7,0.41,0.43,2.8,0.076,22.0,54.0,0.99572,3.42,0.855,10.6,6,red,7.54,16.341,0.4074,off_dry,high,0,2.812,0.00717,0
9.65,0.41,0.43,2.2,0.10800000000000001,11.0,37.0,0.99728,3.16,0.67,10.8,5,red,10.49,23.537,0.2973,off_dry,high,0,2.206,0.01,0
9.65,0.36,0.57,2.3,0.087,6.0,20.0,0.99676,3.14,0.72,11.1,7,red,10.58,26.805,0.3,off_dry,high,0,2.307,0.00784,1
8.8,0.45,0.43,1.4,0.076,12.0,21.0,0.99551,3.21,0.75,10.2,6,red,9.68,19.556,0.5714,off_dry,medium,0,1.406,0.00745,0
8.5,0.32,0.42,2.3,0.075,12.0,19.0,0.99434,3.14,0.71,11.8,7,red,9.24,26.562,0.6316,off_dry,high,0,2.313,0.00636,1
9.0,0.6799999999999999,0.24,1.7,0.078,10.0,21.0,0.99692,3.29,0.67,10.0,5,red,9.92,13.235,0.4762,off_dry,medium,0,1.705,0.0078,0
8.5,0.44,0.5,1.9,0.10800000000000001,15.0,38.0,0.99634,3.01,0.855,9.4,5,red,9.44,19.318,0.3947,off_dry,medium,0,1.907,0.01149,0
9.65,0.54,0.26,2.0,0.10800000000000001,7.0,60.0,0.99709,2.94,0.855,10.2,5,red,10.45,17.87,0.1167,off_dry,medium,0,2.006,0.01059,0
8.2,0.33,0.39,2.5,0.074,29.0,48.0,0.99528,3.32,0.855,12.4,7,red,8.92,24.848,0.6042,off_dry,very_high,1,2.512,0.00597,1
6.5,0.34,0.27,2.8,0.067,8.0,44.0,0.99384,3.21,0.56,12.0,6,red,7.11,19.118,0.1818,off_dry,high,1,2.817,0.00558,0
7.6,0.5,0.29,2.3,0.086,5.0,14.0,0.99502,3.32,0.62,11.5,6,red,8.39,15.2,0.3571,off_dry,high,0,2.312,0.00748,0
9.2,0.36,0.34,1.6,0.062,5.0,12.0,0.99667,3.2,0.67,10.5,6,red,9.9,25.555,0.4167,off_dry,medium,0,1.605,0.0059,0
7.1,0.59,0.0,2.2,0.078,26.0,44.0,0.99522,3.42,0.68,10.8,6,red,7.69,12.034,0.5909,off_dry,high,0,2.211,0.00722,0
9.65,0.42,0.46,2.1,0.074,5.0,16.0,0.99649,3.27,0.74,12.3,6,red,10.53,22.976,0.3125,off_dry,very_high,1,2.107,0.00602,0
7.6,0.36,0.31,1.7,0.079,26.0,65.0,0.99716,3.46,0.62,9.5,6,red,8.27,21.111,0.4,off_dry,medium,0,1.705,0.00832,0
6.5,0.61,0.0,2.2,0.095,48.0,59.0,0.99541,3.61,0.7,11.5,6,red,7.11,10.656,0.8136,off_dry,high,0,2.21,0.00826,0
6.5,0.6799999999999999,0.03,5.6,0.079,23.0,47.0,0.99572,3.58,0.5,11.2,4,red,7.21,9.559,0.4894,medium,high,0,5.624,0.00705,0
7.1,0.66,0.0,2.4,0.052,6.0,11.0,0.99318,3.35,0.66,12.7,7,red,7.76,10.758,0.5455,off_dry,very_high,1,2.416,0.00409,1
5.6,0.6799999999999999,0.0,2.1,0.041,17.0,78.0,0.99346,3.66,0.73,11.4,5,red,6.28,8.235,0.2179,off_dry,high,0,2.114,0.0036,0
8.2,0.35,0.33,2.4,0.076,11.0,47.0,0.99599,3.27,0.81,11.0,6,red,8.88,23.429,0.234,off_dry,high,0,2.41,0.00691,0
9.65,0.39,0.43,1.65,0.068,5.0,11.0,0.99478,3.19,0.46,11.4,5,red,10.47,24.744,0.4545,off_dry,high,0,1.659,0.00596,0
9.65,0.4,0.4,2.5,0.068,41.0,54.0,0.99754,3.38,0.855,10.5,6,red,10.45,24.125,0.7593,off_dry,medium,0,2.506,0.00648,0
6.8,0.66,0.07,1.6,0.07,16.0,61.0,0.99572,3.29,0.6,9.3,5,red,7.53,10.303,0.2623,off_dry,medium,0,1.607,0.00753,0
6.7,0.64,0.23,2.1,0.08,11.0,119.0,0.99538,3.36,0.7,10.9,5,red,7.57,10.469,0.0924,off_dry,high,0,2.11,0.00734,0
7.0,0.43,0.3,2.0,0.085,6.0,39.0,0.99346,3.33,0.46,11.9,6,red,7.73,16.279,0.1538,off_dry,high,0,2.013,0.00714,0
6.6,0.6799999999999999,0.03,7.8,0.079,6.0,12.0,0.9963,3.52,0.5,12.2,5,red,7.31,9.706,0.5,medium,very_high,1,7.829,0.00648,0
8.8,0.6799999999999999,0.05,1.8,0.075,5.0,19.0,0.99616,3.3,0.44,9.6,4,red,9.53,12.941,0.2632,off_dry,medium,0,1.807,0.00781,0
9.1,0.4,0.57,4.6,0.08,6.0,20.0,0.99652,3.28,0.57,12.5,6,red,10.07,22.75,0.3,off_dry,very_high,1,4.616,0.0064,0
6.5,0.6799999999999999,0.0,2.3,0.10800000000000001,6.0,12.0,0.99551,3.56,0.51,10.8,5,red,7.18,9.559,0.5,off_dry,high,0,2.31,0.01,0
7.2,0.25,0.37,2.5,0.063,11.0,41.0,0.99439,3.52,0.8,12.4,7,red,7.82,28.8,0.2683,off_dry,very_high,1,2.514,0.00508,1
6.4,0.6799999999999999,0.0,2.3,0.10800000000000001,6.0,12.0,0.99551,3.56,0.51,10.8,5,red,7.08,9.412,0.5,off_dry,high,0,2.31,0.01,0
7.0,0.6799999999999999,0.12,1.8,0.10800000000000001,15.0,64.0,0.99588,3.22,0.59,9.5,6,red,7.8,10.294,0.2344,off_dry,medium,0,1.807,0.01137,0
6.2,0.43,0.22,1.8,0.078,21.0,56.0,0.99633,3.52,0.6,9.5,6,red,6.85,14.419,0.375,off_dry,medium,0,1.807,0.00821,0
7.9,0.58,0.23,2.3,0.076,23.0,94.0,0.99686,3.21,0.58,9.5,6,red,8.71,13.621,0.2447,off_dry,medium,0,2.307,0.008,0
7.7,0.57,0.21,1.5,0.069,4.0,9.0,0.99458,3.16,0.54,9.8,6,red,8.48,13.509,0.4444,off_dry,medium,0,1.508,0.00704,0
7.7,0.26,0.26,2.0,0.052,19.0,77.0,0.9951,3.15,0.79,10.9,6,red,8.22,29.615,0.2468,off_dry,high,0,2.01,0.00477,0
7.9,0.34,0.36,1.9,0.065,5.0,10.0,0.99419,3.27,0.54,11.2,7,red,8.6,23.235,0.5,off_dry,high,0,1.911,0.0058,1
8.6,0.42,0.39,1.8,0.068,6.0,12.0,0.99516,3.35,0.69,11.7,8,red,9.41,20.476,0.5,off_dry,high,0,1.809,0.00581,1
9.65,0.6799999999999999,0.19,5.8,0.10800000000000001,33.0,76.0,0.99878,3.14,0.55,9.4,5,red,10.52,14.191,0.4342,medium,medium,0,5.807,0.01149,0
7.2,0.36,0.46,2.1,0.074,24.0,44.0,0.99534,3.4,0.85,11.0,7,red,8.02,20.0,0.5455,off_dry,high,0,2.11,0.00673,1
9.65,0.6799999999999999,0.55,1.7,0.10800000000000001,24.0,52.0,0.99752,3.35,0.855,10.0,5,red,10.88,14.191,0.4615,off_dry,medium,0,1.704,0.0108,0
6.2,0.39,0.43,2.0,0.071,14.0,24.0,0.99428,3.45,0.855,11.2,7,red,7.02,15.897,0.5833,off_dry,high,0,2.012,0.00634,1
6.8,0.65,0.02,2.1,0.078,8.0,15.0,0.99498,3.35,0.62,10.4,6,red,7.47,10.462,0.5333,off_dry,medium,0,2.111,0.0075,0
6.6,0.44,0.15,2.1,0.076,22.0,53.0,0.9957,3.32,0.62,9.3,5,red,7.19,15.0,0.4151,off_dry,medium,0,2.109,0.00817,0
9.6,0.38,0.42,1.9,0.071,5.0,13.0,0.99659,3.15,0.75,10.5,6,red,10.4,25.263,0.3846,off_dry,medium,0,1.907,0.00676,0
9.65,0.33,0.46,1.9,0.081,6.0,9.0,0.99628,3.1,0.48,10.4,6,red,10.44,29.242,0.6667,off_dry,medium,0,1.907,0.00779,0
8.8,0.27,0.46,2.1,0.095,20.0,29.0,0.99488,3.26,0.56,11.3,6,red,9.53,32.592,0.6897,off_dry,high,0,2.111,0.00841,0
7.9,0.57,0.31,2.0,0.079,10.0,79.0,0.99677,3.29,0.69,9.5,6,red,8.78,13.86,0.1266,off_dry,medium,0,2.006,0.00832,0
8.2,0.34,0.37,1.9,0.057,43.0,74.0,0.99408,3.23,0.81,12.0,6,red,8.91,24.118,0.5811,off_dry,high,1,1.911,0.00475,0
8.2,0.4,0.31,1.9,0.082,8.0,24.0,0.996,3.24,0.69,10.6,6,red,8.91,20.5,0.3333,off_dry,high,0,1.908,0.00774,0
9.0,0.39,0.4,1.3,0.044,25.0,50.0,0.99478,3.2,0.83,10.9,6,red,9.79,23.077,0.5,off_dry,high,0,1.307,0.00404,0
9.65,0.32,0.52,1.8,0.10800000000000001,17.0,44.0,0.99734,3.28,0.77,11.5,6,red,10.49,30.156,0.3864,off_dry,high,0,1.805,0.00939,0
8.1,0.53,0.22,2.2,0.078,33.0,89.0,0.99678,3.26,0.46,9.6,6,red,8.85,15.283,0.3708,off_dry,medium,0,2.207,0.00812,0
9.65,0.36,0.47,2.2,0.074,9.0,23.0,0.99638,3.23,0.76,12.0,6,red,10.48,26.805,0.3913,off_dry,high,1,2.208,0.00617,0
9.65,0.39,0.49,2.5,0.08,8.0,20.0,0.9992,3.07,0.82,10.3,6,red,10.53,24.744,0.4,off_dry,medium,0,2.502,0.00777,0
9.2,0.46,0.23,2.6,0.091,18.0,77.0,0.99922,3.15,0.51,9.4,5,red,9.89,20.0,0.2338,off_dry,medium,0,2.602,0.00968,0
7.5,0.58,0.03,4.1,0.08,27.0,46.0,0.99592,3.02,0.47,9.2,5,red,8.11,12.931,0.587,off_dry,medium,0,4.117,0.0087,0
9.0,0.58,0.25,2.0,0.104,8.0,21.0,0.99769,3.27,0.72,9.6,5,red,9.83,15.517,0.381,off_dry,medium,0,2.005,0.01083,0
5.1,0.42,0.0,1.8,0.044,18.0,88.0,0.99157,3.66,0.73,13.6,7,red,5.52,12.143,0.2045,off_dry,very_high,1,1.815,0.00324,1
7.6,0.43,0.29,2.1,0.075,19.0,66.0,0.99718,3.4,0.64,9.5,5,red,8.32,17.674,0.2879,off_dry,medium,0,2.106,0.00789,0
7.7,0.18,0.34,2.7,0.066,15.0,58.0,0.9947,3.37,0.78,11.8,6,red,8.22,42.778,0.2586,off_dry,high,0,2.714,0.00559,0
7.8,0.6799999999999999,0.01,2.6,0.074,48.0,90.0,0.99621,3.38,0.62,10.8,5,red,8.49,11.471,0.5333,off_dry,high,0,2.61,0.00685,0
9.65,0.23,0.37,2.2,0.057,14.0,36.0,0.99614,3.23,0.49,9.3,4,red,10.25,41.956,0.3889,off_dry,medium,0,2.209,0.00613,0
7.1,0.6799999999999999,0.01,2.2,0.059,11.0,18.0,0.99242,3.39,0.4,12.8,6,red,7.79,10.441,0.6111,off_dry,very_high,1,2.217,0.00461,0
6.0,0.33,0.32,12.9,0.054,6.0,113.0,0.99572,3.3,0.56,11.5,4,red,6.65,18.182,0.0531,medium,high,0,12.955,0.0047,0
7.8,0.55,0.0,1.7,0.07,7.0,17.0,0.99659,3.26,0.64,9.4,6,red,8.35,14.182,0.4118,off_dry,medium,0,1.706,0.00745,0
8.1,0.6799999999999999,0.0,2.5,0.081,12.0,24.0,0.99798,3.38,0.46,9.6,4,red,8.78,11.912,0.5,off_dry,medium,0,2.505,0.00844,0
6.5,0.67,0.0,4.3,0.057,11.0,20.0,0.99488,3.45,0.56,11.8,4,red,7.17,9.701,0.55,off_dry,high,0,4.322,0.00483,0
7.5,0.61,0.2,1.7,0.076,36.0,60.0,0.99494,3.1,0.4,9.3,5,red,8.31,12.295,0.6,off_dry,medium,0,1.709,0.00817,0
9.65,0.37,0.39,2.5,0.079,28.0,65.0,0.99729,3.16,0.59,9.8,5,red,10.41,26.081,0.4308,off_dry,medium,0,2.507,0.00806,0
9.0,0.4,0.41,2.0,0.058,15.0,40.0,0.99414,3.22,0.6,12.2,6,red,9.81,22.5,0.375,off_dry,very_high,1,2.012,0.00475,0
8.3,0.56,0.22,2.4,0.082,10.0,86.0,0.9983,3.37,0.62,9.5,5,red,9.08,14.821,0.1163,off_dry,medium,0,2.404,0.00863,0
5.9,0.29,0.25,13.4,0.067,72.0,160.0,0.99721,3.33,0.54,10.3,6,red,6.44,20.345,0.45,medium,medium,0,13.437,0.0065,0
7.4,0.55,0.19,1.8,0.082,15.0,34.0,0.99655,3.49,0.68,10.5,5,red,8.14,13.455,0.4412,off_dry,medium,0,1.806,0.00781,0
7.4,0.6799999999999999,0.07,1.7,0.086,15.0,48.0,0.99502,3.12,0.48,10.0,5,red,8.15,10.882,0.3125,off_dry,medium,0,1.709,0.0086,0
6.9,0.41,0.33,2.2,0.081,22.0,36.0,0.9949,3.41,0.75,11.1,6,red,7.64,16.829,0.6111,off_dry,high,0,2.211,0.0073,0
7.1,0.6,0.01,2.3,0.079,24.0,37.0,0.99514,3.4,0.61,10.9,6,red,7.71,11.833,0.6486,off_dry,high,0,2.311,0.00725,0
7.5,0.58,0.14,2.2,0.077,27.0,60.0,0.9963,3.28,0.59,9.8,5,red,8.22,12.931,0.45,off_dry,medium,0,2.208,0.00786,0
7.1,0.6799999999999999,0.0,1.8,0.10800000000000001,6.0,14.0,0.99627,3.45,0.58,9.8,5,red,7.78,10.441,0.4286,off_dry,medium,0,1.807,0.01102,0
7.9,0.66,0.0,1.4,0.096,6.0,13.0,0.99569,3.43,0.58,9.5,5,red,8.56,11.97,0.4615,off_dry,medium,0,1.406,0.01011,0
7.8,0.6799999999999999,0.06,1.9,0.079,20.0,35.0,0.99628,3.4,0.69,10.9,5,red,8.54,11.471,0.5714,off_dry,high,0,1.907,0.00725,0
6.1,0.64,0.02,2.4,0.069,26.0,46.0,0.99358,3.47,0.45,11.0,5,red,6.76,9.531,0.5652,off_dry,high,0,2.416,0.00627,0
7.5,0.59,0.22,1.8,0.082,43.0,60.0,0.99499,3.1,0.42,9.2,5,red,8.31,12.712,0.7167,off_dry,medium,0,1.809,0.00891,0
7.0,0.58,0.28,4.8,0.085,12.0,69.0,0.99633,3.32,0.7,11.0,6,red,7.86,12.069,0.1739,off_dry,high,0,4.818,0.00773,0
6.8,0.64,0.0,2.7,0.10800000000000001,15.0,33.0,0.99538,3.44,0.63,11.3,6,red,7.44,10.625,0.4545,off_dry,high,0,2.713,0.00956,0
8.6,0.635,0.6400000000000001,1.8,0.10800000000000001,19.0,56.0,0.99632,3.02,0.855,9.3,5,red,9.875,13.543,0.3393,off_dry,medium,0,1.807,0.01161,0
6.3,0.6799999999999999,0.0,2.0,0.083,17.0,24.0,0.99437,3.59,0.55,11.2,4,red,6.98,9.265,0.7083,off_dry,high,0,2.011,0.00741,0
9.65,0.45,0.38,2.5,0.081,34.0,66.0,0.99726,3.15,0.58,9.8,5,red,10.48,21.444,0.5152,off_dry,medium,0,2.507,0.00827,0
8.2,0.6799999999999999,0.0,2.2,0.089,13.0,26.0,0.9978,3.37,0.46,9.6,4,red,8.88,12.059,0.5,off_dry,medium,0,2.205,0.00927,0
8.5,0.37,0.32,1.8,0.066,26.0,51.0,0.99456,3.38,0.72,11.8,6,red,9.19,22.973,0.5098,off_dry,high,0,1.81,0.00559,0
7.2,0.57,0.05,2.3,0.081,16.0,36.0,0.99564,3.38,0.6,10.3,6,red,7.82,12.632,0.4444,off_dry,medium,0,2.31,0.00786,0
9.65,0.43,0.5,2.3,0.068,13.0,19.0,0.996,3.1,0.855,11.4,6,red,10.58,22.442,0.6842,off_dry,high,0,2.309,0.00596,0
6.9,0.41,0.31,2.0,0.079,21.0,51.0,0.99668,3.47,0.55,9.5,6,red,7.62,16.829,0.4118,off_dry,medium,0,2.007,0.00832,0
5.5,0.49,0.03,1.8,0.044,28.0,87.0,0.9908,3.5,0.82,14.0,8,red,6.02,11.224,0.3218,off_dry,very_high,1,1.817,0.00314,1
5.0,0.38,0.01,1.6,0.048,26.0,60.0,0.99084,3.66,0.75,14.0,6,red,5.39,13.158,0.4333,off_dry,very_high,1,1.615,0.00343,0
7.3,0.44,0.2,1.6,0.049,24.0,64.0,0.9935,3.38,0.57,11.7,6,red,7.94,16.591,0.375,off_dry,high,0,1.61,0.00419,0
5.9,0.46,0.0,1.9,0.077,25.0,44.0,0.99385,3.5,0.53,11.2,5,red,6.36,12.826,0.5682,off_dry,high,0,1.912,0.00687,0
7.5,0.58,0.2,2.0,0.073,34.0,44.0,0.99494,3.1,0.43,9.3,5,red,8.28,12.931,0.7727,off_dry,medium,0,2.01,0.00785,0
7.8,0.58,0.13,2.1,0.102,17.0,36.0,0.9944,3.24,0.53,11.2,6,red,8.51,13.448,0.4722,off_dry,high,0,2.112,0.00911,0
8.0,0.6799999999999999,0.22,2.3,0.075,13.0,81.0,0.99688,3.24,0.54,9.5,6,red,8.9,11.765,0.1605,off_dry,medium,0,2.307,0.00789,0
8.5,0.4,0.4,6.3,0.05,3.0,10.0,0.99566,3.28,0.56,12.0,4,red,9.3,21.25,0.3,medium,high,1,6.327,0.00417,0
7.0,0.6799999999999999,0.0,1.9,0.10800000000000001,3.0,10.0,0.99636,3.35,0.6,9.7,6,red,7.68,10.294,0.3,off_dry,medium,0,1.907,0.01113,0
9.65,0.3,0.39,1.7,0.062,3.0,9.0,0.9948,3.14,0.57,11.5,7,red,10.34,32.167,0.3333,off_dry,high,0,1.709,0.00539,1
7.1,0.46,0.2,1.9,0.077,28.0,54.0,0.9956,3.37,0.64,10.4,6,red,7.76,15.435,0.5185,off_dry,medium,0,1.908,0.0074,0
7.9,0.6799999999999999,0.0,2.0,0.084,9.0,22.0,0.99619,3.33,0.68,10.9,6,red,8.58,11.618,0.4091,off_dry,high,0,2.008,0.00771,0
8.7,0.63,0.28,2.7,0.096,17.0,69.0,0.99734,3.26,0.63,10.2,6,red,9.61,13.81,0.2464,off_dry,medium,0,2.707,0.00941,0
7.0,0.42,0.19,2.3,0.071,18.0,36.0,0.99476,3.39,0.56,10.9,5,red,7.61,16.667,0.5,off_dry,high,0,2.312,0.00651,0
9.65,0.37,0.5,1.8,0.09,20.0,47.0,0.99734,3.15,0.57,10.5,5,red,10.52,26.081,0.4255,off_dry,medium,0,1.805,0.00857,0
7.1,0.16,0.44,2.5,0.068,17.0,31.0,0.99328,3.35,0.54,12.4,6,red,7.7,44.375,0.5484,off_dry,very_high,1,2.517,0.00548,0
8.0,0.6,0.08,2.6,0.056,3.0,7.0,0.99286,3.22,0.37,13.0,5,red,8.68,13.333,0.4286,off_dry,very_high,1,2.619,0.00431,0
7.0,0.6,0.3,4.5,0.068,20.0,110.0,0.99914,3.3,0.855,10.2,5,red,7.9,11.667,0.1818,off_dry,medium,0,4.504,0.00667,0
7.6,0.6799999999999999,0.0,1.9,0.1,6.0,12.0,0.99521,3.36,0.59,11.0,5,red,8.28,11.176,0.5,off_dry,high,0,1.909,0.00909,0
8.2,0.635,0.1,2.1,0.073,25.0,60.0,0.99638,3.29,0.75,10.9,6,red,8.935,12.913,0.4167,off_dry,high,0,2.108,0.0067,0
5.9,0.395,0.13,2.4,0.056,14.0,28.0,0.99362,3.62,0.67,12.4,6,red,6.425,14.937,0.5,off_dry,very_high,1,2.415,0.00452,0
7.5,0.6799999999999999,0.0,1.9,0.084,6.0,12.0,0.99672,3.34,0.49,9.7,4,red,8.18,11.029,0.5,off_dry,medium,0,1.906,0.00866,0
6.6,0.63,0.0,4.3,0.093,51.0,77.5,0.99558,3.2,0.45,9.5,5,red,7.23,10.476,0.6581,off_dry,medium,0,4.319,0.00979,0
7.2,0.53,0.14,2.1,0.064,15.0,29.0,0.99323,3.35,0.61,12.1,6,red,7.87,13.585,0.5172,off_dry,very_high,1,2.114,0.00529,0
5.7,0.6,0.0,1.4,0.063,11.0,18.0,0.99191,3.45,0.56,12.2,6,red,6.3,9.5,0.6111,off_dry,very_high,1,1.411,0.00516,0
7.6,0.6799999999999999,0.0,2.1,0.10800000000000001,5.0,9.0,0.99476,3.5,0.4,10.9,3,red,8.28,11.176,0.5556,off_dry,high,0,2.111,0.00991,0
5.2,0.645,0.0,2.15,0.08,15.0,28.0,0.99444,3.66,0.61,12.5,6,red,5.845,8.062,0.5357,off_dry,very_high,1,2.162,0.0064,0
6.7,0.6799999999999999,0.07,2.0,0.1,20.0,57.0,0.99598,3.6,0.74,11.7,6,red,7.45,9.853,0.3509,off_dry,high,0,2.008,0.00855,0
9.1,0.37,0.32,2.1,0.064,4.0,15.0,0.99576,3.3,0.8,11.2,6,red,9.79,24.595,0.2667,off_dry,high,0,2.109,0.00571,0
8.0,0.28,0.44,1.8,0.081,28.0,68.0,0.99501,3.36,0.66,11.2,5,red,8.72,28.571,0.4118,off_dry,high,0,1.809,0.00723,0
7.6,0.6799999999999999,0.21,2.3,0.087,21.0,68.0,0.9955,3.12,0.44,9.2,5,red,8.49,11.176,0.3088,off_dry,medium,0,2.31,0.00946,0
7.5,0.61,0.26,1.9,0.073,24.0,88.0,0.99612,3.3,0.53,9.8,5,red,8.37,12.295,0.2727,off_dry,medium,0,1.907,0.00745,0
9.65,0.6799999999999999,0.32,2.5,0.088,22.0,91.0,0.9979,3.29,0.62,10.1,5,red,10.65,14.191,0.2418,off_dry,medium,0,2.505,0.00871,0
6.8,0.6799999999999999,0.09,3.9,0.068,15.0,29.0,0.99524,3.41,0.52,11.1,4,red,7.57,10.0,0.5172,off_dry,high,0,3.919,0.00613,0
7.0,0.62,0.1,1.4,0.071,27.0,63.0,0.996,3.28,0.61,9.2,5,red,7.72,11.29,0.4286,off_dry,medium,0,1.406,0.00772,0
6.5,0.51,0.15,3.0,0.064,12.0,27.0,0.9929,3.33,0.59,12.8,6,red,7.16,12.745,0.4444,off_dry,very_high,1,3.021,0.005,0
8.0,0.6799999999999999,0.21,1.9,0.083,14.0,41.0,0.99532,3.34,0.47,10.5,5,red,8.89,11.765,0.3415,off_dry,medium,0,1.909,0.0079,0
7.0,0.36,0.21,2.3,0.086,20.0,65.0,0.99558,3.4,0.54,10.1,6,red,7.57,19.444,0.3077,off_dry,medium,0,2.31,0.00851,0
7.0,0.36,0.21,2.4,0.086,24.0,69.0,0.99556,3.4,0.53,10.1,6,red,7.57,19.444,0.3478,off_dry,medium,0,2.411,0.00851,0
7.5,0.63,0.27,2.0,0.083,17.0,91.0,0.99616,3.26,0.58,9.8,6,red,8.4,11.905,0.1868,off_dry,medium,0,2.008,0.00847,0
5.4,0.6799999999999999,0.0,1.2,0.041,16.0,46.0,0.99258,3.66,0.59,12.5,6,red,6.08,7.941,0.3478,off_dry,very_high,1,1.209,0.00328,0
9.65,0.44,0.46,2.2,0.091,10.0,41.0,0.99638,3.18,0.69,11.9,6,red,10.55,21.932,0.2439,off_dry,high,0,2.208,0.00765,0
9.1,0.6799999999999999,0.6400000000000001,1.7,0.10800000000000001,18.0,64.0,0.99652,2.9,0.855,9.1,6,red,10.42,13.382,0.2812,off_dry,medium,0,1.706,0.01187,0
9.65,0.66,0.34,2.6,0.094,12.0,88.0,0.99796,3.26,0.66,10.1,5,red,10.65,14.621,0.1364,off_dry,medium,0,2.605,0.00931,0
5.0,0.6799999999999999,0.0,1.2,0.041,16.0,46.0,0.99258,3.66,0.59,12.5,6,red,5.68,7.353,0.3478,off_dry,very_high,1,1.209,0.00328,0
9.1,0.34,0.42,1.8,0.058,9.0,18.0,0.99392,3.18,0.55,11.4,5,red,9.86,26.765,0.5,off_dry,high,0,1.811,0.00509,0
9.1,0.36,0.39,1.8,0.06,21.0,55.0,0.99495,3.18,0.82,11.0,7,red,9.85,25.278,0.3818,off_dry,high,0,1.809,0.00545,1
6.7,0.46,0.24,1.7,0.077,18.0,34.0,0.9948,3.39,0.6,10.6,6,red,7.4,14.565,0.5294,off_dry,high,0,1.709,0.00726,0
6.5,0.52,0.11,1.8,0.073,13.0,38.0,0.9955,3.34,0.52,9.3,5,red,7.13,12.5,0.3421,off_dry,medium,0,1.808,0.00785,0
7.4,0.6,0.26,2.1,0.083,17.0,91.0,0.99616,3.29,0.56,9.8,6,red,8.26,12.333,0.1868,off_dry,medium,0,2.108,0.00847,0
7.8,0.6799999999999999,0.26,3.8,0.107,31.0,67.0,0.99668,3.26,0.46,9.2,5,red,8.74,11.471,0.4627,off_dry,medium,0,3.813,0.01163,0
8.4,0.39,0.1,1.7,0.075,6.0,25.0,0.99581,3.09,0.43,9.7,6,red,8.89,21.538,0.24,off_dry,medium,0,1.707,0.00773,0
9.1,0.6799999999999999,0.22,2.2,0.079,12.0,48.0,0.9976,3.18,0.51,9.6,5,red,10.0,13.382,0.25,off_dry,medium,0,2.205,0.00823,0
7.2,0.6799999999999999,0.0,2.0,0.10800000000000001,4.0,11.0,0.99608,3.39,0.52,10.0,5,red,7.88,10.588,0.3636,off_dry,medium,0,2.008,0.0108,0
6.6,0.58,0.02,2.4,0.069,19.0,40.0,0.99387,3.38,0.66,12.6,6,red,7.2,11.379,0.475,off_dry,very_high,1,2.415,0.00548,0
6.0,0.5,0.0,1.4,0.057,15.0,26.0,0.99448,3.36,0.45,9.5,5,red,6.5,12.0,0.5769,off_dry,medium,0,1.408,0.006,0
7.5,0.51,0.02,1.7,0.084,13.0,31.0,0.99538,3.36,0.54,10.5,6,red,8.03,14.706,0.4194,off_dry,medium,0,1.708,0.008,0
7.6,0.54,0.02,1.7,0.085,17.0,31.0,0.99589,3.37,0.51,10.4,6,red,8.16,14.074,0.5484,off_dry,medium,0,1.707,0.00817,0
9.65,0.42,0.48,2.6,0.077,8.0,20.0,0.99852,3.09,0.53,11.0,5,red,10.55,22.976,0.4,off_dry,high,0,2.604,0.007,0
8.2,0.44,0.24,2.3,0.063,10.0,28.0,0.99613,3.25,0.53,10.2,6,red,8.88,18.636,0.3571,off_dry,medium,0,2.309,0.00618,0
6.1,0.59,0.01,2.1,0.056,5.0,13.0,0.99472,3.52,0.56,11.4,5,red,6.7,10.339,0.3846,off_dry,high,0,2.111,0.00491,0
7.2,0.655,0.03,1.8,0.078,7.0,12.0,0.99587,3.34,0.39,9.5,5,red,7.885,10.992,0.5833,off_dry,medium,0,1.807,0.00821,0
6.9,0.57,0.0,2.8,0.081,21.0,41.0,0.99518,3.41,0.52,10.8,5,red,7.47,12.105,0.5122,off_dry,high,0,2.814,0.0075,0
9.0,0.6,0.29,2.0,0.069,32.0,73.0,0.99654,3.34,0.57,10.0,5,red,9.89,15.0,0.4384,off_dry,medium,0,2.007,0.0069,0
7.2,0.62,0.01,2.3,0.065,8.0,46.0,0.99332,3.32,0.51,11.8,6,red,7.83,11.613,0.1739,off_dry,high,0,2.315,0.00551,0
7.6,0.645,0.03,1.9,0.086,14.0,57.0,0.9969,3.37,0.46,10.3,5,red,8.275,11.783,0.2456,off_dry,medium,0,1.906,0.00835,0
7.2,0.58,0.03,2.3,0.077,7.0,28.0,0.99568,3.35,0.52,10.0,5,red,7.81,12.414,0.25,off_dry,medium,0,2.31,0.0077,0
6.1,0.32,0.25,1.8,0.086,5.0,32.0,0.99464,3.36,0.44,10.1,5,red,6.67,19.062,0.1562,off_dry,medium,0,1.81,0.00851,0
6.1,0.34,0.25,1.8,0.084,4.0,28.0,0.99464,3.36,0.44,10.1,5,red,6.69,17.941,0.1429,off_dry,medium,0,1.81,0.00832,0
7.3,0.43,0.24,2.5,0.078,27.0,67.0,0.99648,3.6,0.59,11.1,6,red,7.97,16.977,0.403,off_dry,high,0,2.509,0.00703,0
7.4,0.64,0.17,5.4,0.10800000000000001,52.0,98.0,0.99736,3.28,0.5,9.5,5,red,8.21,11.562,0.5306,medium,medium,0,5.414,0.01137,0
9.65,0.475,0.4,1.4,0.091,6.0,28.0,0.99704,3.07,0.65,10.0333333333333,6,red,10.525,20.316,0.2143,off_dry,medium,0,1.404,0.00907,0
9.2,0.54,0.31,2.3,0.10800000000000001,11.0,38.0,0.99699,3.24,0.56,10.9,5,red,10.05,17.037,0.2895,off_dry,high,0,2.307,0.00991,0
8.3,0.6799999999999999,0.14,2.5,0.093,13.0,54.0,0.99724,3.36,0.54,10.1,5,red,9.12,12.206,0.2407,off_dry,medium,0,2.507,0.00921,0
8.0,0.6799999999999999,0.27,2.0,0.08,11.0,63.0,0.99652,3.29,0.48,9.8,4,red,8.95,11.765,0.1746,off_dry,medium,0,2.007,0.00816,0
7.2,0.605,0.02,1.9,0.096,10.0,31.0,0.995,3.46,0.53,11.8,6,red,7.825,11.901,0.3226,off_dry,high,0,1.91,0.00814,0
7.8,0.5,0.09,2.2,0.10800000000000001,10.0,42.0,0.9971,3.18,0.62,9.5,5,red,8.39,15.6,0.2381,off_dry,medium,0,2.206,0.01137,0
7.3,0.6799999999999999,0.08,1.7,0.094,10.0,45.0,0.99576,3.24,0.5,9.8,5,red,8.06,10.735,0.2222,off_dry,medium,0,1.707,0.00959,0
6.9,0.54,0.3,2.2,0.088,9.0,105.0,0.99725,3.25,0.855,10.5,6,red,7.74,12.778,0.0857,off_dry,medium,0,2.206,0.00838,0
8.0,0.6799999999999999,0.32,2.1,0.079,16.0,74.0,0.99656,3.27,0.5,9.8,6,red,9.0,11.765,0.2162,off_dry,medium,0,2.107,0.00806,0
6.6,0.61,0.0,1.6,0.069,4.0,8.0,0.99396,3.33,0.37,10.4,4,red,7.21,10.82,0.5,off_dry,medium,0,1.61,0.00663,0
8.7,0.6799999999999999,0.51,1.7,0.10800000000000001,12.0,66.0,0.99623,3.0,0.855,9.2,5,red,9.89,12.794,0.1818,off_dry,medium,0,1.706,0.01174,0
7.5,0.58,0.56,3.1,0.10800000000000001,5.0,14.0,0.99476,3.21,0.855,11.6,6,red,8.64,12.931,0.3571,off_dry,high,0,3.116,0.00931,0
7.7,0.6799999999999999,0.27,3.8,0.10800000000000001,34.0,89.0,0.99664,3.24,0.45,9.3,5,red,8.65,11.324,0.382,off_dry,medium,0,3.813,0.01161,0
6.8,0.6799999999999999,0.0,1.2,0.10800000000000001,16.0,29.0,0.99471,3.32,0.51,9.8,3,red,7.48,10.0,0.5517,off_dry,medium,0,1.206,0.01102,0
7.2,0.56,0.26,2.0,0.083,13.0,100.0,0.99586,3.26,0.52,9.9,5,red,8.02,12.857,0.13,off_dry,medium,0,2.008,0.00838,0
8.2,0.6799999999999999,0.2,1.4,0.086,7.0,31.0,0.9946,3.11,0.46,10.0,5,red,9.08,12.059,0.2258,off_dry,medium,0,1.408,0.0086,0
5.2,0.49,0.26,2.3,0.09,23.0,74.0,0.9953,3.66,0.62,12.2,6,red,5.95,10.612,0.3108,off_dry,very_high,1,2.311,0.00738,0
7.2,0.45,0.15,2.0,0.078,10.0,28.0,0.99609,3.29,0.51,9.9,6,red,7.8,16.0,0.3571,off_dry,medium,0,2.008,0.00788,0
7.5,0.57,0.02,2.6,0.077,11.0,35.0,0.99557,3.36,0.62,10.8,6,red,8.09,13.158,0.3143,off_dry,high,0,2.612,0.00713,0
6.8,0.6799999999999999,0.09,1.8,0.074,4.0,25.0,0.99534,3.38,0.45,9.6,5,red,7.57,10.0,0.16,off_dry,medium,0,1.808,0.00771,0
8.0,0.6,0.22,2.1,0.08,25.0,105.0,0.99613,3.3,0.49,9.9,5,red,8.82,13.333,0.2381,off_dry,medium,0,2.108,0.00808,0
7.1,0.6799999999999999,0.15,1.8,0.107,20.0,84.0,0.99593,3.19,0.5,9.5,5,red,7.93,10.441,0.2381,off_dry,medium,0,1.807,0.01126,0
8.0,0.6799999999999999,0.25,3.4,0.076,34.0,85.0,0.99668,3.19,0.42,9.2,5,red,8.93,11.765,0.4,off_dry,medium,0,3.411,0.00826,0
7.4,0.64,0.07,1.8,0.1,8.0,23.0,0.9961,3.3,0.58,9.6,5,red,8.11,11.562,0.3478,off_dry,medium,0,1.807,0.01042,0
6.6,0.64,0.31,6.1,0.083,7.0,49.0,0.99718,3.35,0.68,10.3,5,red,7.55,10.312,0.1429,medium,medium,0,6.117,0.00806,0
6.7,0.48,0.02,2.2,0.08,36.0,111.0,0.99524,3.1,0.53,9.7,5,red,7.2,13.958,0.3243,off_dry,medium,0,2.211,0.00825,0
6.0,0.49,0.0,2.3,0.068,15.0,33.0,0.99292,3.58,0.59,12.5,6,red,6.49,12.245,0.4545,off_dry,very_high,1,2.316,0.00544,0
8.0,0.64,0.22,2.4,0.094,5.0,33.0,0.99612,3.37,0.58,11.0,5,red,8.86,12.5,0.1515,off_dry,high,0,2.409,0.00855,0
7.1,0.62,0.06,1.3,0.07,5.0,12.0,0.9942,3.17,0.48,9.8,5,red,7.78,11.452,0.4167,off_dry,medium,0,1.308,0.00714,0
8.0,0.52,0.25,2.0,0.078,19.0,59.0,0.99612,3.3,0.48,10.2,5,red,8.77,15.385,0.322,off_dry,medium,0,2.008,0.00765,0
6.4,0.57,0.14,3.9,0.07,27.0,73.0,0.99669,3.32,0.48,9.2,5,red,7.11,11.228,0.3699,off_dry,medium,0,3.913,0.00761,0
8.6,0.6799999999999999,0.1,1.6,0.092,3.0,12.0,0.99745,3.31,0.65,9.55,6,red,9.38,12.647,0.25,off_dry,medium,0,1.604,0.00963,0
8.7,0.675,0.1,1.6,0.09,4.0,11.0,0.99745,3.31,0.65,9.55,5,red,9.475,12.889,0.3636,off_dry,medium,0,1.604,0.00942,0
7.3,0.59,0.26,2.0,0.08,17.0,104.0,0.99584,3.28,0.52,9.9,5,red,8.15,12.373,0.1635,off_dry,medium,0,2.008,0.00808,0
7.0,0.6,0.12,2.2,0.083,13.0,28.0,0.9966,3.52,0.62,10.2,7,red,7.72,11.667,0.4643,off_dry,medium,0,2.208,0.00814,1
7.2,0.67,0.0,2.2,0.068,10.0,24.0,0.9956,3.42,0.72,11.1,6,red,7.87,10.746,0.4167,off_dry,high,0,2.21,0.00613,0
7.9,0.6799999999999999,0.21,2.1,0.08,33.0,141.0,0.9962,3.25,0.51,9.9,5,red,8.79,11.618,0.234,off_dry,medium,0,2.108,0.00808,0
7.6,0.3,0.42,2.0,0.052,6.0,24.0,0.9963,3.44,0.82,11.9,6,red,8.32,25.333,0.25,off_dry,high,0,2.007,0.00437,0
7.2,0.33,0.33,1.7,0.061,3.0,13.0,0.996,3.23,0.855,10.0,8,red,7.86,21.818,0.2308,off_dry,medium,0,1.707,0.0061,1
8.0,0.5,0.39,2.6,0.082,12.0,46.0,0.9985,3.43,0.62,10.7,6,red,8.89,16.0,0.2609,off_dry,high,0,2.604,0.00766,0
7.7,0.28,0.3,2.0,0.062,18.0,34.0,0.9952,3.28,0.855,11.3,7,red,8.28,27.5,0.5294,off_dry,high,0,2.01,0.00549,1
8.2,0.24,0.34,5.1,0.062,8.0,22.0,0.9974,3.22,0.855,10.9,6,red,8.78,34.167,0.3636,medium,high,0,5.113,0.00569,0
6.0,0.51,0.0,2.1,0.064,40.0,54.0,0.995,3.54,0.855,10.7,6,red,6.51,11.765,0.7407,off_dry,high,0,2.111,0.00598,0
8.1,0.29,0.36,2.2,0.048,35.0,53.0,0.995,3.27,0.855,12.4,7,red,8.75,27.931,0.6604,off_dry,very_high,1,2.211,0.00387,1
6.6,0.6799999999999999,0.0,1.8,0.082,5.0,16.0,0.9936,3.5,0.44,11.9,6,red,7.28,9.706,0.3125,off_dry,high,0,1.812,0.00689,0
6.4,0.47,0.4,2.4,0.071,8.0,19.0,0.9963,3.56,0.73,10.6,6,red,7.27,13.617,0.4211,off_dry,high,0,2.409,0.0067,0
9.65,0.57,0.25,2.0,0.104,12.0,89.0,0.9963,3.04,0.855,10.1,5,red,10.47,16.93,0.1348,off_dry,medium,0,2.007,0.0103,0
9.65,0.32,0.59,2.2,0.077,3.0,15.0,0.9994,3.2,0.78,9.6,5,red,10.56,30.156,0.2,off_dry,medium,0,2.201,0.00802,0
6.2,0.58,0.0,1.6,0.065,8.0,18.0,0.9966,3.56,0.84,9.4,5,red,6.78,10.69,0.4444,off_dry,medium,0,1.605,0.00691,0
7.3,0.34,0.33,2.5,0.064,21.0,37.0,0.9952,3.35,0.77,12.1,7,red,7.97,21.471,0.5676,off_dry,very_high,1,2.512,0.00529,1
7.8,0.53,0.01,1.6,0.077,3.0,19.0,0.995,3.16,0.46,9.8,5,red,8.34,14.717,0.1579,off_dry,medium,0,1.608,0.00786,0
7.7,0.64,0.21,2.2,0.077,32.0,133.0,0.9956,3.27,0.45,9.9,5,red,8.55,12.031,0.2406,off_dry,medium,0,2.21,0.00778,0
7.5,0.4,0.18,1.6,0.079,24.0,58.0,0.9965,3.34,0.58,9.4,5,red,8.08,18.75,0.4138,off_dry,medium,0,1.606,0.0084,0
7.0,0.54,0.0,2.1,0.079,39.0,55.0,0.9956,3.39,0.84,11.4,6,red,7.54,12.963,0.7091,off_dry,high,0,2.109,0.00693,0
6.4,0.53,0.09,3.9,0.10800000000000001,14.0,31.0,0.9968,3.5,0.67,11.0,4,red,7.02,12.075,0.4516,off_dry,high,0,3.913,0.00982,0
8.3,0.26,0.37,1.4,0.076,8.0,23.0,0.9974,3.26,0.7,9.6,6,red,8.93,31.923,0.3478,off_dry,medium,0,1.404,0.00792,0
7.7,0.23,0.37,1.8,0.046,23.0,60.0,0.9971,3.41,0.71,12.1,6,red,8.3,33.478,0.3833,off_dry,very_high,1,1.805,0.0038,0
7.6,0.41,0.33,2.5,0.078,6.0,23.0,0.9957,3.3,0.58,11.2,5,red,8.34,18.537,0.2609,off_dry,high,0,2.511,0.00696,0
7.8,0.64,0.0,1.9,0.072,27.0,55.0,0.9962,3.31,0.63,11.0,5,red,8.44,12.187,0.4909,off_dry,high,0,1.907,0.00655,0
7.9,0.18,0.4,2.2,0.049,38.0,67.0,0.996,3.33,0.855,11.3,5,red,8.48,43.889,0.5672,off_dry,high,0,2.209,0.00434,0
7.4,0.41,0.24,1.8,0.066,18.0,47.0,0.9956,3.37,0.62,10.4,5,red,8.05,18.049,0.383,off_dry,medium,0,1.808,0.00635,0
7.6,0.43,0.31,2.1,0.069,13.0,74.0,0.9958,3.26,0.54,9.9,6,red,8.34,17.674,0.1757,off_dry,medium,0,2.109,0.00697,0
5.9,0.44,0.0,1.6,0.042,3.0,11.0,0.9944,3.48,0.85,11.7,6,red,6.34,13.409,0.2727,off_dry,high,0,1.609,0.00359,0
6.1,0.4,0.16,1.8,0.069,11.0,25.0,0.9955,3.42,0.74,10.1,7,red,6.66,15.25,0.44,off_dry,medium,0,1.808,0.00683,1
9.65,0.54,0.37,15.4,0.10800000000000001,55.0,95.0,1.0036250000000002,3.18,0.77,9.0,6,red,10.56,17.87,0.5789,medium,low,0,15.344,0.012,0
9.65,0.38,0.38,1.6,0.10800000000000001,27.0,90.0,0.99914,3.15,0.65,8.5,5,red,10.41,25.395,0.3,off_dry,low,0,1.601,0.01271,0
6.8,0.6799999999999999,0.29,4.8,0.07,15.0,39.0,0.99577,3.53,0.54,11.1,5,red,7.77,10.0,0.3846,off_dry,high,0,4.82,0.00631,0
7.0,0.59,0.0,1.7,0.052,3.0,8.0,0.996,3.41,0.47,10.3,5,red,7.59,11.864,0.375,off_dry,medium,0,1.707,0.00505,0
7.3,0.67,0.02,2.2,0.072,31.0,92.0,0.99566,3.32,0.68,11.0666666666667,6,red,7.99,10.896,0.337,off_dry,high,0,2.21,0.00651,0
7.2,0.37,0.32,2.0,0.062,15.0,28.0,0.9947,3.23,0.73,11.3,7,red,7.89,19.459,0.5357,off_dry,high,0,2.011,0.00549,1
7.4,0.6799999999999999,0.19,5.2,0.094,19.0,98.0,0.99713,3.16,0.52,9.56666666666667,6,red,8.27,10.882,0.1939,medium,medium,0,5.215,0.00983,0
6.9,0.63,0.02,1.9,0.078,18.0,30.0,0.99712,3.4,0.75,9.8,5,red,7.55,10.952,0.6,off_dry,medium,0,1.905,0.00796,0
6.9,0.58,0.2,1.75,0.058,8.0,22.0,0.99322,3.38,0.49,11.7,5,red,7.68,11.897,0.3636,off_dry,high,0,1.762,0.00496,0
7.3,0.67,0.02,2.2,0.072,31.0,92.0,0.99566,3.32,0.68,11.1,6,red,7.99,10.896,0.337,off_dry,high,0,2.21,0.00649,0
7.4,0.6799999999999999,0.19,5.2,0.094,19.0,98.0,0.99713,3.16,0.52,9.6,6,red,8.27,10.882,0.1939,medium,medium,0,5.215,0.00979,0
6.8,0.67,0.0,1.9,0.08,22.0,39.0,0.99701,3.4,0.74,9.7,5,red,7.47,10.149,0.5641,off_dry,medium,0,1.906,0.00825,0
6.9,0.58,0.01,1.9,0.08,40.0,54.0,0.99683,3.4,0.73,9.7,5,red,7.49,11.897,0.7407,off_dry,medium,0,1.906,0.00825,0
7.2,0.38,0.31,2.0,0.056,15.0,29.0,0.99472,3.23,0.76,11.3,8,red,7.89,18.947,0.5172,off_dry,high,0,2.011,0.00496,1
7.8,0.32,0.44,2.7,0.104,8.0,17.0,0.99732,3.33,0.78,11.0,7,red,8.56,24.375,0.4706,off_dry,high,0,2.707,0.00945,1
6.6,0.58,0.02,2.0,0.062,37.0,53.0,0.99374,3.35,0.76,11.6,7,red,7.2,11.379,0.6981,off_dry,high,0,2.013,0.00534,1
7.6,0.49,0.33,1.9,0.074,27.0,85.0,0.99706,3.41,0.58,9.0,5,red,8.42,15.51,0.3176,off_dry,low,0,1.906,0.00822,0
9.65,0.45,0.63,2.2,0.073,7.0,23.0,0.99974,3.21,0.69,10.9,6,red,10.73,21.444,0.3043,off_dry,high,0,2.201,0.0067,0
6.5,0.6799999999999999,0.0,1.6,0.052,9.0,17.0,0.99467,3.5,0.63,10.9,6,red,7.18,9.559,0.5294,off_dry,high,0,1.609,0.00477,0
6.0,0.54,0.06,1.8,0.05,38.0,89.0,0.99236,3.3,0.5,10.55,6,red,6.6,11.111,0.427,off_dry,high,0,1.814,0.00474,0
8.4,0.29,0.4,1.7,0.067,8.0,20.0,0.99603,3.39,0.6,10.5,5,red,9.09,28.965,0.4,off_dry,medium,0,1.707,0.00638,0
7.9,0.2,0.35,1.7,0.054,7.0,15.0,0.99458,3.32,0.8,11.9,7,red,8.45,39.5,0.4667,off_dry,high,0,1.709,0.00454,1
6.4,0.42,0.09,2.3,0.054,34.0,64.0,0.99724,3.41,0.68,10.4,6,red,6.91,15.238,0.5312,off_dry,medium,0,2.306,0.00519,0
6.2,0.6799999999999999,0.0,2.1,0.06,6.0,13.0,0.99664,3.59,0.61,10.0,4,red,6.88,9.118,0.4615,off_dry,medium,0,2.107,0.006,0
6.8,0.64,0.03,2.3,0.075,14.0,31.0,0.99545,3.36,0.58,10.4,6,red,7.47,10.625,0.4516,off_dry,medium,0,2.311,0.00721,0
6.9,0.63,0.01,2.4,0.076,14.0,39.0,0.99522,3.34,0.53,10.8,6,red,7.54,10.952,0.359,off_dry,high,0,2.412,0.00704,0
6.8,0.59,0.1,1.7,0.063,34.0,53.0,0.9958,3.41,0.67,9.7,5,red,7.49,11.525,0.6415,off_dry,medium,0,1.707,0.00649,0
7.3,0.48,0.32,2.1,0.062,31.0,54.0,0.99728,3.3,0.65,10.0,7,red,8.1,15.208,0.5741,off_dry,medium,0,2.106,0.0062,1
6.7,0.6799999999999999,0.08,2.3,0.067,19.0,32.0,0.99648,3.52,0.57,11.0,4,red,7.46,9.853,0.5937,off_dry,high,0,2.308,0.00609,0
7.3,0.6799999999999999,0.05,2.1,0.061,20.0,49.0,0.99705,3.31,0.55,9.7,3,red,8.03,10.735,0.4082,off_dry,medium,0,2.106,0.00629,0
9.65,0.6799999999999999,0.11,1.4,0.084,8.0,24.0,0.99578,2.88,0.47,9.7,5,red,10.44,14.191,0.3333,off_dry,medium,0,1.406,0.00866,0
6.7,0.6799999999999999,0.08,3.75,0.067,8.0,16.0,0.99334,3.43,0.52,12.6,5,red,7.46,9.853,0.5,off_dry,very_high,1,3.775,0.00532,0
7.6,0.35,0.6,2.6,0.073,23.0,44.0,0.99656,3.38,0.79,11.1,6,red,8.55,21.714,0.5227,off_dry,high,0,2.609,0.00658,0
6.1,0.6,0.08,1.8,0.071,14.0,45.0,0.99336,3.38,0.54,11.0,5,red,6.78,10.167,0.3111,off_dry,high,0,1.812,0.00645,0
9.65,0.5,0.5,13.8,0.10800000000000001,48.0,82.0,1.00242,3.16,0.75,8.8,5,red,10.65,19.3,0.5854,medium,low,0,13.767,0.01227,0
5.3,0.47,0.11,2.2,0.048,16.0,89.0,0.99182,3.54,0.855,13.5666666666667,7,red,5.88,11.277,0.1798,off_dry,very_high,1,2.218,0.00354,1
5.3,0.47,0.11,2.2,0.048,16.0,89.0,0.99182,3.54,0.855,13.6,7,red,5.88,11.277,0.1798,off_dry,very_high,1,2.218,0.00353,1
7.1,0.6799999999999999,0.05,5.7,0.082,3.0,14.0,0.99808,3.4,0.52,10.2,3,red,7.83,10.441,0.2143,medium,medium,0,5.711,0.00804,0
8.2,0.28,0.6,3.0,0.104,10.0,22.0,0.99828,3.39,0.68,10.6,5,red,9.08,29.286,0.4545,off_dry,high,0,3.005,0.00981,0
5.6,0.62,0.03,1.5,0.08,6.0,13.0,0.99498,3.66,0.62,10.1,4,red,6.25,9.032,0.4615,off_dry,medium,0,1.508,0.00792,0
7.2,0.58,0.54,2.1,0.10800000000000001,3.0,9.0,0.99719,3.33,0.57,10.3,4,red,8.32,12.414,0.3333,off_dry,medium,0,2.106,0.01049,0
8.1,0.33,0.44,1.5,0.042,6.0,12.0,0.99542,3.35,0.61,10.7,5,red,8.87,24.545,0.5,off_dry,high,0,1.507,0.00393,0
6.8,0.6799999999999999,0.06,2.0,0.06,4.0,11.0,0.99592,3.53,0.64,10.9,4,red,7.54,10.0,0.3636,off_dry,high,0,2.008,0.0055,0
7.0,0.655,0.16,2.1,0.074,8.0,25.0,0.99606,3.37,0.55,9.7,5,red,7.815,10.687,0.32,off_dry,medium,0,2.108,0.00763,0
6.8,0.6799999999999999,0.21,2.1,0.07,9.0,23.0,0.99546,3.38,0.6,10.3,5,red,7.69,10.0,0.3913,off_dry,medium,0,2.11,0.0068,0
6.0,0.64,0.05,1.9,0.066,9.0,17.0,0.99496,3.52,0.78,10.6,5,red,6.69,9.375,0.5294,off_dry,high,0,1.91,0.00623,0
5.6,0.54,0.04,1.7,0.049,5.0,13.0,0.9942,3.66,0.58,11.4,5,red,6.18,10.37,0.3846,off_dry,high,0,1.71,0.0043,0
6.2,0.57,0.1,2.1,0.048,4.0,11.0,0.99448,3.44,0.76,10.8,6,red,6.87,10.877,0.3636,off_dry,high,0,2.112,0.00444,0
7.1,0.22,0.49,1.8,0.039,8.0,18.0,0.99344,3.39,0.56,12.4,6,red,7.81,32.273,0.4444,off_dry,very_high,1,1.812,0.00315,0
6.2,0.65,0.06,1.6,0.05,6.0,18.0,0.99348,3.57,0.54,11.95,5,red,6.91,9.538,0.3333,off_dry,high,0,1.611,0.00418,0
7.7,0.54,0.26,1.9,0.089,23.0,147.0,0.99636,3.26,0.59,9.7,5,red,8.5,14.259,0.1565,off_dry,medium,0,1.907,0.00918,0
6.4,0.31,0.09,1.4,0.066,15.0,28.0,0.99459,3.42,0.7,10.0,7,red,6.8,20.645,0.5357,off_dry,medium,0,1.408,0.0066,1
7.0,0.43,0.02,1.9,0.08,15.0,28.0,0.99492,3.35,0.81,10.6,6,red,7.45,16.279,0.5357,off_dry,high,0,1.91,0.00755,0
6.9,0.6799999999999999,0.03,2.3,0.054,7.0,16.0,0.99508,3.45,0.63,11.5,6,red,7.61,10.147,0.4375,off_dry,high,0,2.311,0.0047,0
6.6,0.6799999999999999,0.04,2.3,0.068,7.0,13.0,0.99582,3.53,0.58,10.8,6,red,7.32,9.706,0.5385,off_dry,high,0,2.31,0.0063,0
7.5,0.6799999999999999,0.04,1.5,0.076,8.0,15.0,0.99508,3.26,0.53,9.6,5,red,8.22,11.029,0.5333,off_dry,medium,0,1.507,0.00792,0
7.8,0.6799999999999999,0.29,4.3,0.083,21.0,64.0,0.99642,3.16,0.53,9.4,5,red,8.77,11.471,0.3281,off_dry,medium,0,4.315,0.00883,0
7.3,0.585,0.18,2.4,0.078,15.0,60.0,0.99638,3.31,0.54,9.8,5,red,8.065,12.479,0.25,off_dry,medium,0,2.409,0.00796,0
6.2,0.44,0.39,2.5,0.077,6.0,14.0,0.99555,3.51,0.69,11.0,6,red,7.03,14.091,0.4286,off_dry,high,0,2.511,0.007,0
7.5,0.38,0.57,2.3,0.106,5.0,12.0,0.99605,3.36,0.55,11.4,6,red,8.45,19.737,0.4167,off_dry,high,0,2.309,0.0093,0
6.7,0.6799999999999999,0.02,1.8,0.078,6.0,12.0,0.996,3.55,0.63,9.95,3,red,7.4,9.853,0.5,off_dry,medium,0,1.807,0.00784,0
6.8,0.6799999999999999,0.05,2.0,0.07,6.0,14.0,0.99562,3.51,0.66,10.8,6,red,7.53,10.0,0.4286,off_dry,high,0,2.009,0.00648,0
7.1,0.27,0.6,2.1,0.074,17.0,25.0,0.99814,3.38,0.72,10.6,6,red,7.97,26.296,0.68,off_dry,high,0,2.104,0.00698,0
7.9,0.18,0.4,1.8,0.062,7.0,20.0,0.9941,3.28,0.7,11.1,5,red,8.48,43.889,0.35,off_dry,high,0,1.811,0.00559,0
6.4,0.36,0.21,2.2,0.047,26.0,48.0,0.99661,3.47,0.77,9.7,6,red,6.97,17.778,0.5417,off_dry,medium,0,2.207,0.00485,0
7.1,0.6799999999999999,0.04,2.1,0.068,19.0,27.0,0.99712,3.44,0.67,9.8,5,red,7.82,10.441,0.7037,off_dry,medium,0,2.106,0.00694,0
6.4,0.6799999999999999,0.04,2.2,0.061,11.0,17.0,0.99588,3.53,0.65,10.4,6,red,7.12,9.412,0.6471,off_dry,medium,0,2.209,0.00587,0
6.4,0.56,0.15,1.8,0.078,17.0,65.0,0.99294,3.33,0.6,10.5,6,red,7.11,11.429,0.2615,off_dry,medium,0,1.813,0.00743,0
6.9,0.6799999999999999,0.21,4.1,0.074,16.0,65.0,0.99842,3.53,0.72,9.23333333333333,6,red,7.79,10.147,0.2462,off_dry,medium,0,4.106,0.00801,0
6.9,0.6799999999999999,0.21,4.1,0.074,16.0,65.0,0.99842,3.53,0.72,9.25,6,red,7.79,10.147,0.2462,off_dry,medium,0,4.106,0.008,0
6.1,0.32,0.25,2.3,0.071,23.0,58.0,0.99633,3.42,0.855,10.6,5,red,6.67,19.062,0.3966,off_dry,high,0,2.308,0.0067,0
6.5,0.53,0.06,2.0,0.063,29.0,44.0,0.99489,3.38,0.83,10.3,6,red,7.09,12.264,0.6591,off_dry,medium,0,2.01,0.00612,0
7.4,0.47,0.46,2.2,0.10800000000000001,7.0,20.0,0.99647,3.32,0.63,10.5,5,red,8.33,15.745,0.35,off_dry,medium,0,2.208,0.01029,0
6.6,0.6799999999999999,0.08,2.6,0.106,14.0,27.0,0.99665,3.44,0.58,10.2,5,red,7.36,9.706,0.5185,off_dry,medium,0,2.609,0.01039,0
6.9,0.48,0.2,1.9,0.082,9.0,23.0,0.99585,3.39,0.43,9.05,4,red,7.58,14.375,0.3913,off_dry,medium,0,1.908,0.00906,0
6.8,0.48,0.25,2.0,0.076,29.0,61.0,0.9953,3.34,0.6,10.4,5,red,7.53,14.167,0.4754,off_dry,medium,0,2.009,0.00731,0
6.0,0.42,0.19,2.0,0.075,22.0,47.0,0.99522,3.39,0.78,10.0,6,red,6.61,14.286,0.4681,off_dry,medium,0,2.01,0.0075,0
6.7,0.48,0.08,2.1,0.064,18.0,34.0,0.99552,3.33,0.64,9.7,5,red,7.26,13.958,0.5294,off_dry,medium,0,2.109,0.0066,0
6.8,0.47,0.08,2.2,0.064,18.0,38.0,0.99553,3.3,0.65,9.6,6,red,7.35,14.468,0.4737,off_dry,medium,0,2.21,0.00667,0
7.1,0.53,0.07,1.7,0.071,15.0,24.0,0.9951,3.29,0.66,10.8,6,red,7.7,13.396,0.625,off_dry,high,0,1.708,0.00657,0
7.9,0.29,0.49,2.2,0.096,21.0,59.0,0.99714,3.31,0.67,10.1,6,red,8.68,27.241,0.3559,off_dry,medium,0,2.206,0.0095,0
7.1,0.6799999999999999,0.08,2.1,0.063,42.0,52.0,0.99608,3.42,0.6,10.2,6,red,7.86,10.441,0.8077,off_dry,medium,0,2.108,0.00618,0
6.6,0.44,0.09,2.2,0.063,9.0,18.0,0.99444,3.42,0.69,11.3,6,red,7.13,15.0,0.5,off_dry,high,0,2.212,0.00558,0
6.1,0.6799999999999999,0.1,2.8,0.081,13.0,28.0,0.99631,3.6,0.66,10.2,5,red,6.88,8.971,0.4643,off_dry,medium,0,2.81,0.00794,0
7.2,0.53,0.13,2.0,0.058,18.0,22.0,0.99573,3.21,0.68,9.9,6,red,7.86,13.585,0.8182,off_dry,medium,0,2.009,0.00586,0
8.0,0.39,0.3,1.9,0.074,32.0,84.0,0.99717,3.39,0.61,9.0,5,red,8.69,20.513,0.381,off_dry,low,0,1.905,0.00822,0
6.6,0.56,0.14,2.4,0.064,13.0,29.0,0.99397,3.42,0.62,11.7,7,red,7.3,11.786,0.4483,off_dry,high,0,2.415,0.00547,1
7.0,0.55,0.13,2.2,0.075,15.0,35.0,0.9959,3.36,0.59,9.7,6,red,7.68,12.727,0.4286,off_dry,medium,0,2.209,0.00773,0
6.1,0.53,0.08,1.9,0.077,24.0,45.0,0.99528,3.6,0.68,10.3,6,red,6.71,11.509,0.5333,off_dry,medium,0,1.909,0.00748,0
5.4,0.58,0.08,1.9,0.059,20.0,31.0,0.99484,3.5,0.64,10.2,6,red,6.06,9.31,0.6452,off_dry,medium,0,1.91,0.00578,0
6.2,0.64,0.09,2.5,0.081,15.0,26.0,0.99538,3.57,0.63,12.0,5,red,6.93,9.687,0.5769,off_dry,high,1,2.512,0.00675,0
7.2,0.39,0.32,1.8,0.065,34.0,60.0,0.99714,3.46,0.78,9.9,5,red,7.91,18.461,0.5667,off_dry,medium,0,1.805,0.00657,0
6.2,0.52,0.08,4.4,0.071,11.0,32.0,0.99646,3.56,0.63,11.6,6,red,6.8,11.923,0.3437,off_dry,high,0,4.416,0.00612,0
7.4,0.25,0.29,2.2,0.054,19.0,49.0,0.99666,3.4,0.76,10.9,7,red,7.94,29.6,0.3878,off_dry,high,0,2.207,0.00495,1
6.7,0.6799999999999999,0.02,1.9,0.064,29.0,38.0,0.99472,3.3,0.56,10.75,6,red,7.4,9.853,0.7632,off_dry,high,0,1.91,0.00595,0
9.65,0.44,0.42,2.2,0.064,14.0,19.0,0.99758,3.25,0.57,10.4,6,red,10.51,21.932,0.7368,off_dry,medium,0,2.205,0.00615,0
8.4,0.37,0.43,2.3,0.063,12.0,19.0,0.9955,3.17,0.81,11.2,7,red,9.2,22.703,0.6316,off_dry,high,0,2.31,0.00562,1
6.5,0.63,0.33,1.8,0.059,16.0,28.0,0.99531,3.36,0.64,10.1,6,red,7.46,10.317,0.5714,off_dry,medium,0,1.808,0.00584,0
7.0,0.57,0.02,2.0,0.072,17.0,26.0,0.99575,3.36,0.61,10.2,5,red,7.59,12.281,0.6538,off_dry,medium,0,2.009,0.00706,0
6.3,0.6,0.1,1.6,0.048,12.0,26.0,0.99306,3.55,0.51,12.1,5,red,7.0,10.5,0.4615,off_dry,very_high,1,1.611,0.00397,0
9.65,0.4,0.5,2.0,0.099,19.0,50.0,0.99783,3.1,0.58,10.4,5,red,10.55,24.125,0.38,off_dry,medium,0,2.004,0.00952,0
7.4,0.36,0.3,1.8,0.074,17.0,24.0,0.99419,3.24,0.7,11.4,8,red,8.06,20.555,0.7083,off_dry,high,0,1.811,0.00649,1
7.1,0.6799999999999999,0.0,2.3,0.087,17.0,26.0,0.99783,3.45,0.53,9.5,5,red,7.78,10.441,0.6538,off_dry,medium,0,2.305,0.00916,0
7.1,0.67,0.0,2.3,0.083,18.0,27.0,0.99768,3.44,0.54,9.4,5,red,7.77,10.597,0.6667,off_dry,medium,0,2.305,0.00883,0
6.3,0.6799999999999999,0.01,3.7,0.103,32.0,54.0,0.99586,3.51,0.66,11.3,6,red,6.99,9.265,0.5926,off_dry,high,0,3.715,0.00912,0
7.3,0.6799999999999999,0.0,2.2,0.08,18.0,28.0,0.99765,3.41,0.6,9.4,5,red,7.98,10.735,0.6429,off_dry,medium,0,2.205,0.00851,0
6.6,0.6799999999999999,0.02,2.4,0.062,15.0,23.0,0.99627,3.54,0.6,11.0,6,red,7.3,9.706,0.6522,off_dry,high,0,2.409,0.00564,0
7.0,0.56,0.17,1.7,0.065,15.0,24.0,0.99514,3.44,0.68,10.55,7,red,7.73,12.5,0.625,off_dry,high,0,1.708,0.00616,1
6.6,0.6799999999999999,0.04,2.2,0.066,12.0,20.0,0.99636,3.53,0.56,9.9,5,red,7.32,9.706,0.6,off_dry,medium,0,2.208,0.00667,0
6.9,0.63,0.33,6.7,0.10800000000000001,66.0,115.0,0.99787,3.22,0.56,9.5,5,red,7.86,10.952,0.5739,medium,medium,0,6.714,0.01137,0
7.8,0.6,0.26,2.0,0.08,31.0,131.0,0.99622,3.21,0.52,9.9,5,red,8.66,13.0,0.2366,off_dry,medium,0,2.008,0.00808,0
7.2,0.6799999999999999,0.13,2.0,0.076,12.0,20.0,0.99546,3.29,0.54,10.1,5,red,8.01,10.588,0.6,off_dry,medium,0,2.009,0.00752,0
6.7,0.67,0.02,1.9,0.061,26.0,42.0,0.99489,3.39,0.82,10.9,6,red,7.39,10.0,0.619,off_dry,high,0,1.91,0.0056,0
6.7,0.16,0.64,2.1,0.059,24.0,52.0,0.99494,3.34,0.71,11.2,6,red,7.5,41.875,0.4615,off_dry,high,0,2.111,0.00527,0
7.0,0.56,0.13,1.6,0.077,25.0,42.0,0.99629,3.34,0.59,9.2,5,red,7.69,12.5,0.5952,off_dry,medium,0,1.606,0.00837,0
6.2,0.51,0.14,1.9,0.056,15.0,34.0,0.99396,3.48,0.57,11.5,6,red,6.85,12.157,0.4412,off_dry,high,0,1.912,0.00487,0
6.4,0.36,0.53,2.2,0.10800000000000001,19.0,35.0,0.9934,3.37,0.855,12.4,6,red,7.29,17.778,0.5429,off_dry,very_high,1,2.215,0.00871,0
6.4,0.38,0.14,2.2,0.038,15.0,25.0,0.99514,3.44,0.65,11.1,6,red,6.92,16.842,0.6,off_dry,high,0,2.211,0.00342,0
7.3,0.6799999999999999,0.32,2.2,0.069,35.0,104.0,0.99632,3.33,0.51,9.5,5,red,8.3,10.735,0.3365,off_dry,medium,0,2.208,0.00726,0
6.0,0.58,0.2,2.4,0.075,15.0,50.0,0.99467,3.58,0.67,12.5,6,red,6.78,10.345,0.3,off_dry,very_high,1,2.413,0.006,0
5.6,0.31,0.6400000000000001,13.9,0.074,23.0,92.0,0.99677,3.39,0.48,10.5,6,red,6.55,18.064,0.25,medium,medium,0,13.945,0.00705,0
7.5,0.52,0.4,2.2,0.06,12.0,20.0,0.99474,3.26,0.64,11.8,6,red,8.42,14.423,0.6,off_dry,high,0,2.212,0.00508,0
8.0,0.3,0.63,1.6,0.081,16.0,29.0,0.99588,3.3,0.78,10.8,6,red,8.93,26.667,0.5517,off_dry,high,0,1.607,0.0075,0
6.2,0.6799999999999999,0.15,5.1,0.076,13.0,27.0,0.99622,3.54,0.6,11.9,6,red,7.03,9.118,0.4815,medium,high,0,5.119,0.00639,0
6.8,0.67,0.15,1.8,0.10800000000000001,13.0,20.0,0.9954,3.42,0.67,11.3,6,red,7.62,10.149,0.65,off_dry,high,0,1.808,0.00956,0
6.2,0.56,0.09,1.7,0.053,24.0,32.0,0.99402,3.54,0.6,11.3,5,red,6.85,11.071,0.75,off_dry,high,0,1.71,0.00469,0
7.4,0.35,0.33,2.4,0.068,9.0,26.0,0.9947,3.36,0.6,11.9,6,red,8.08,21.143,0.3462,off_dry,high,0,2.413,0.00571,0
6.1,0.6799999999999999,0.1,2.6,0.053,13.0,27.0,0.99362,3.57,0.5,11.9,5,red,6.88,8.971,0.4815,off_dry,high,0,2.617,0.00445,0
6.2,0.46,0.29,2.1,0.074,32.0,98.0,0.99578,3.33,0.62,9.8,5,red,6.95,13.478,0.3265,off_dry,medium,0,2.109,0.00755,0
6.7,0.32,0.44,2.4,0.061,24.0,34.0,0.99484,3.29,0.8,11.6,7,red,7.46,20.937,0.7059,off_dry,high,0,2.412,0.00526,1
7.2,0.39,0.44,2.6,0.066,22.0,48.0,0.99494,3.3,0.84,11.5,6,red,8.03,18.461,0.4583,off_dry,high,0,2.613,0.00574,0
7.5,0.31,0.41,2.4,0.065,34.0,60.0,0.99492,3.34,0.85,11.4,6,red,8.22,24.193,0.5667,off_dry,high,0,2.412,0.0057,0
5.8,0.61,0.11,1.8,0.066,18.0,28.0,0.99483,3.55,0.66,10.9,6,red,6.52,9.508,0.6429,off_dry,high,0,1.809,0.00606,0
7.2,0.66,0.33,2.5,0.068,34.0,102.0,0.99414,3.27,0.78,12.8,6,red,8.19,10.909,0.3333,off_dry,very_high,1,2.515,0.00531,0
6.6,0.6799999999999999,0.2,7.8,0.073,29.0,79.0,0.9977,3.29,0.54,9.2,5,red,7.48,9.706,0.3671,medium,medium,0,7.818,0.00793,0
6.3,0.55,0.15,1.8,0.077,26.0,35.0,0.99314,3.32,0.82,11.6,6,red,7.0,11.455,0.7429,off_dry,high,0,1.812,0.00664,0
5.4,0.6799999999999999,0.09,1.7,0.089,16.0,26.0,0.99402,3.66,0.56,11.6,6,red,6.17,7.941,0.6154,off_dry,high,0,1.71,0.00767,0
6.3,0.51,0.13,2.3,0.076,29.0,40.0,0.99574,3.42,0.75,11.0,6,red,6.94,12.353,0.725,off_dry,high,0,2.31,0.00691,0
6.8,0.62,0.08,1.9,0.068,28.0,38.0,0.99651,3.42,0.82,9.5,6,red,7.5,10.968,0.7368,off_dry,medium,0,1.907,0.00716,0
6.2,0.6,0.08,2.0,0.09,32.0,44.0,0.9949,3.45,0.58,10.5,5,red,6.88,10.333,0.7273,off_dry,medium,0,2.01,0.00857,0
5.9,0.55,0.1,2.2,0.062,39.0,51.0,0.99512,3.52,0.76,11.2,6,red,6.55,10.727,0.7647,off_dry,high,0,2.211,0.00554,0
5.9,0.645,0.12,2.0,0.075,32.0,44.0,0.99547,3.57,0.71,10.2,5,red,6.665,9.147,0.7273,off_dry,medium,0,2.009,0.00735,0
6.0,0.31,0.47,3.6,0.067,18.0,42.0,0.99549,3.39,0.66,11.0,6,red,6.78,19.355,0.4286,off_dry,high,0,3.616,0.00609,0
7.0,0.27,0.36,16.05,0.045,45.0,170.0,1.001,3.0,0.45,8.8,6,white,7.63,25.926,0.2647,medium,low,0,16.034,0.00511,0
6.3,0.3,0.34,1.6,0.049,14.0,132.0,0.994,3.3,0.49,9.5,6,white,6.94,21.0,0.1061,off_dry,medium,0,1.61,0.00516,0
8.1,0.28,0.4,6.9,0.05,30.0,97.0,0.9951,3.26,0.44,10.1,6,white,8.78,28.928,0.3093,medium,medium,0,6.934,0.00495,0
7.2,0.23,0.32,8.5,0.058,47.0,186.0,0.9956,3.19,0.4,9.9,6,white,7.75,31.304,0.2527,medium,medium,0,8.538,0.00586,0
6.2,0.32,0.16,7.0,0.045,30.0,136.0,0.9949,3.18,0.47,9.6,6,white,6.68,19.375,0.2206,medium,medium,0,7.036,0.00469,0
8.1,0.22,0.43,1.5,0.044,28.0,129.0,0.9938,3.22,0.45,11.0,6,white,8.75,36.818,0.2171,off_dry,high,0,1.509,0.004,0
8.1,0.27,0.41,1.45,0.033,11.0,63.0,0.9908,2.99,0.56,12.0,5,white,8.78,30.0,0.1746,off_dry,high,1,1.463,0.00275,0
8.6,0.23,0.4,4.2,0.035,17.0,109.0,0.9947,3.14,0.53,9.7,5,white,9.23,37.391,0.156,off_dry,medium,0,4.222,0.00361,0
7.9,0.18,0.37,1.2,0.04,16.0,75.0,0.992,3.18,0.63,10.8,5,white,8.45,43.889,0.2133,off_dry,high,0,1.21,0.0037,0
6.6,0.16,0.4,1.5,0.044,48.0,143.0,0.9912,3.54,0.52,12.4,7,white,7.16,41.25,0.3357,off_dry,very_high,1,1.513,0.00355,1
8.3,0.42,0.62,16.05,0.04,41.0,172.0,1.0002,2.98,0.67,9.7,5,white,9.34,19.762,0.2384,medium,medium,0,16.047,0.00412,0
6.6,0.17,0.38,1.5,0.032,28.0,112.0,0.9914,3.25,0.55,11.4,7,white,7.15,38.823,0.25,off_dry,high,0,1.513,0.00281,1
6.3,0.48,0.04,1.1,0.046,30.0,99.0,0.9928,3.24,0.36,9.6,6,white,6.82,13.125,0.303,off_dry,medium,0,1.108,0.00479,0
6.2,0.66,0.48,1.2,0.029,29.0,75.0,0.9892,3.33,0.39,12.8,8,white,7.34,9.394,0.3867,off_dry,very_high,1,1.213,0.00227,1
7.4,0.34,0.42,1.1,0.033,17.0,171.0,0.9917,3.12,0.53,11.3,6,white,8.16,21.765,0.0994,off_dry,high,0,1.109,0.00292,0
6.5,0.31,0.14,7.5,0.044,34.0,133.0,0.9955,3.22,0.5,9.5,5,white,6.95,20.968,0.2556,medium,medium,0,7.534,0.00463,0
6.4,0.31,0.38,2.9,0.038,19.0,102.0,0.9912,3.17,0.35,11.0,7,white,7.09,20.645,0.1863,off_dry,high,0,2.926,0.00345,1
6.8,0.26,0.42,1.7,0.049,41.0,122.0,0.993,3.47,0.48,10.5,8,white,7.48,26.154,0.3361,off_dry,medium,0,1.712,0.00467,1
7.6,0.67,0.14,1.5,0.074,25.0,168.0,0.9937,3.05,0.51,9.3,5,white,8.41,11.343,0.1488,off_dry,medium,0,1.51,0.00796,0
6.6,0.27,0.41,1.3,0.052,16.0,142.0,0.9951,3.42,0.47,10.0,6,white,7.28,24.444,0.1127,off_dry,medium,0,1.306,0.0052,0
7.0,0.25,0.32,9.0,0.046,56.0,245.0,0.9955,3.25,0.5,10.4,6,white,7.57,28.0,0.2286,medium,medium,0,9.041,0.00442,0
6.9,0.24,0.35,1.0,0.052,35.0,146.0,0.993,3.45,0.44,10.0,6,white,7.49,28.75,0.2397,dry,medium,0,1.007,0.0052,0
7.0,0.28,0.39,8.7,0.051,32.0,141.0,0.9961,3.38,0.53,10.5,6,white,7.67,25.0,0.227,medium,medium,0,8.734,0.00486,0
7.4,0.27,0.48,1.1,0.047,17.0,132.0,0.9914,3.19,0.49,11.6,6,white,8.15,27.407,0.1288,off_dry,high,0,1.11,0.00405,0
7.2,0.32,0.36,2.0,0.033,37.0,114.0,0.9906,3.1,0.71,12.3,7,white,7.88,22.5,0.3246,off_dry,very_high,1,2.019,0.00268,1
8.5,0.24,0.39,10.4,0.044,20.0,142.0,0.9974,3.2,0.53,10.0,6,white,9.13,35.417,0.1408,medium,medium,0,10.427,0.0044,0
8.3,0.14,0.34,1.1,0.042,7.0,47.0,0.9934,3.47,0.4,10.2,6,white,8.78,59.285,0.1489,off_dry,medium,0,1.107,0.00412,0
7.4,0.25,0.36,2.05,0.05,31.0,100.0,0.992,3.19,0.44,10.8,6,white,8.01,29.6,0.31,off_dry,high,0,2.067,0.00463,0
6.2,0.12,0.34,1.5,0.045,43.0,117.0,0.9939,3.42,0.51,9.0,6,white,6.66,51.666,0.3675,off_dry,low,0,1.509,0.005,0
5.8,0.27,0.2,14.95,0.044,22.0,179.0,0.9962,3.37,0.37,10.2,5,white,6.27,21.481,0.1229,medium,medium,0,15.007,0.00431,0
7.3,0.28,0.43,1.7,0.08,21.0,123.0,0.9905,3.19,0.42,12.8,5,white,8.01,26.071,0.1707,off_dry,very_high,1,1.716,0.00625,0
6.5,0.39,0.23,5.4,0.051,25.0,149.0,0.9934,3.24,0.35,10.0,5,white,7.12,16.667,0.1678,medium,medium,0,5.436,0.0051,0
7.0,0.33,0.32,1.2,0.053,38.0,138.0,0.9906,3.13,0.28,11.2,6,white,7.65,21.212,0.2754,off_dry,high,0,1.211,0.00473,0
7.3,0.24,0.39,16.05,0.057,45.0,149.0,0.9999,3.21,0.36,8.6,5,white,7.93,30.417,0.302,medium,low,0,16.052,0.00663,0
6.7,0.23,0.39,2.5,0.10800000000000001,63.0,158.0,0.9937,3.11,0.36,9.4,6,white,7.32,29.13,0.3987,off_dry,medium,0,2.516,0.01149,0
6.7,0.24,0.39,2.9,0.10800000000000001,63.0,157.0,0.9937,3.1,0.34,9.4,6,white,7.33,27.917,0.4013,off_dry,medium,0,2.918,0.01149,0
7.0,0.31,0.26,7.4,0.069,28.0,160.0,0.9954,3.13,0.46,9.8,6,white,7.57,22.581,0.175,medium,medium,0,7.434,0.00704,0
6.6,0.24,0.27,1.4,0.057,33.0,152.0,0.9934,3.22,0.56,9.5,6,white,7.11,27.5,0.2171,off_dry,medium,0,1.409,0.006,0
6.7,0.23,0.26,1.4,0.06,33.0,154.0,0.9934,3.24,0.56,9.5,6,white,7.19,29.13,0.2143,off_dry,medium,0,1.409,0.00632,0
7.4,0.18,0.31,1.4,0.058,38.0,167.0,0.9931,3.16,0.53,10.0,7,white,7.89,41.111,0.2275,off_dry,medium,0,1.41,0.0058,1
6.2,0.45,0.26,4.4,0.063,63.0,206.0,0.994,3.27,0.52,9.8,4,white,6.91,13.778,0.3058,off_dry,medium,0,4.427,0.00643,0
6.2,0.46,0.25,4.4,0.066,62.0,207.0,0.9939,3.25,0.52,9.8,5,white,6.91,13.478,0.2995,off_dry,medium,0,4.427,0.00673,0
6.9,0.19,0.35,5.0,0.067,32.0,150.0,0.995,3.36,0.48,9.8,5,white,7.44,36.316,0.2133,off_dry,medium,0,5.025,0.00684,0
7.2,0.19,0.31,1.6,0.062,31.0,173.0,0.9917,3.35,0.44,11.7,6,white,7.7,37.895,0.1792,off_dry,high,0,1.613,0.0053,0
6.6,0.25,0.29,1.1,0.068,39.0,124.0,0.9914,3.34,0.58,11.0,7,white,7.14,26.4,0.3145,off_dry,high,0,1.11,0.00618,1
6.2,0.16,0.33,1.1,0.057,21.0,82.0,0.991,3.32,0.46,10.9,7,white,6.69,38.75,0.2561,off_dry,high,0,1.11,0.00523,1
6.4,0.18,0.35,1.0,0.045,39.0,108.0,0.9911,3.31,0.35,10.9,6,white,6.93,35.555,0.3611,dry,high,0,1.009,0.00413,0
6.8,0.2,0.59,0.9,0.10800000000000001,38.0,132.0,0.993,3.05,0.38,9.1,6,white,7.59,34.0,0.2879,dry,medium,0,0.906,0.01187,0
6.9,0.25,0.35,1.3,0.039,29.0,191.0,0.9908,3.13,0.52,11.0,6,white,7.5,27.6,0.1518,off_dry,high,0,1.312,0.00355,0
7.2,0.21,0.34,11.9,0.043,37.0,213.0,0.9962,3.09,0.5,9.6,6,white,7.75,34.286,0.1737,medium,medium,0,11.945,0.00448,0
6.0,0.19,0.26,12.4,0.048,50.0,147.0,0.9972,3.3,0.36,8.9,6,white,6.45,31.579,0.3401,medium,low,0,12.435,0.00539,0
6.6,0.38,0.15,4.6,0.044,25.0,78.0,0.9931,3.11,0.38,10.2,6,white,7.13,17.368,0.3205,off_dry,medium,0,4.632,0.00431,0
7.4,0.2,0.36,1.2,0.038,44.0,111.0,0.9926,3.36,0.34,9.9,6,white,7.96,37.0,0.3964,off_dry,medium,0,1.209,0.00384,0
6.8,0.22,0.24,4.9,0.092,30.0,123.0,0.9951,3.03,0.46,8.6,6,white,7.26,30.909,0.2439,off_dry,low,0,4.924,0.0107,0
7.0,0.47,0.07,1.1,0.035,17.0,151.0,0.991,3.02,0.34,10.5,5,white,7.54,14.894,0.1126,off_dry,medium,0,1.11,0.00333,0
7.2,0.24,0.27,1.4,0.038,31.0,122.0,0.9927,3.15,0.46,10.3,6,white,7.71,30.0,0.2541,off_dry,medium,0,1.41,0.00369,0
6.2,0.35,0.03,1.2,0.064,29.0,120.0,0.9934,3.22,0.54,9.1,5,white,6.58,17.714,0.2417,off_dry,medium,0,1.208,0.00703,0
6.4,0.26,0.24,6.4,0.04,27.0,124.0,0.9903,3.22,0.49,12.6,7,white,6.9,24.615,0.2177,medium,very_high,1,6.463,0.00317,1
6.7,0.25,0.13,1.2,0.041,78.5,174.0,0.992,3.14,0.42,9.8,5,white,7.08,26.8,0.4511,off_dry,medium,0,1.21,0.00418,0
6.7,0.23,0.31,2.1,0.046,30.0,96.0,0.9926,3.33,0.64,10.7,8,white,7.24,29.13,0.3125,off_dry,high,0,2.116,0.0043,1
7.4,0.24,0.29,10.1,0.05,21.0,105.0,0.9962,3.13,0.35,9.5,5,white,7.93,30.833,0.2,medium,medium,0,10.139,0.00526,0
6.2,0.27,0.43,7.8,0.056,48.0,244.0,0.9956,3.1,0.51,9.0,6,white,6.9,22.963,0.1967,medium,low,0,7.834,0.00622,0
6.8,0.3,0.23,4.6,0.061,50.5,238.5,0.9958,3.32,0.6,9.5,5,white,7.33,22.667,0.2117,off_dry,medium,0,4.619,0.00642,0
6.0,0.27,0.28,4.8,0.063,31.0,201.0,0.9964,3.66,0.71,10.0,5,white,6.55,22.222,0.1542,off_dry,medium,0,4.817,0.0063,0
8.6,0.23,0.46,1.0,0.054,9.0,72.0,0.9941,2.95,0.49,9.1,6,white,9.29,37.391,0.125,dry,medium,0,1.006,0.00593,0
7.1,0.18,0.36,1.4,0.043,31.0,87.0,0.9898,3.26,0.37,12.7,7,white,7.64,39.444,0.3563,off_dry,very_high,1,1.414,0.00339,1
7.0,0.32,0.34,1.3,0.042,20.0,69.0,0.9912,3.31,0.65,12.0,7,white,7.66,21.875,0.2899,off_dry,high,1,1.312,0.0035,1
7.4,0.18,0.3,8.8,0.064,26.0,103.0,0.9961,2.94,0.56,9.3,5,white,7.88,41.111,0.2524,medium,medium,0,8.834,0.00688,0
6.7,0.54,0.28,5.4,0.06,21.0,105.0,0.9949,3.27,0.37,9.0,5,white,7.52,12.407,0.2,medium,low,0,5.428,0.00667,0
6.8,0.22,0.31,1.4,0.053,34.0,114.0,0.9929,3.39,0.77,10.6,6,white,7.33,30.909,0.2982,off_dry,high,0,1.41,0.005,0
7.1,0.2,0.34,16.0,0.05,51.0,166.0,0.9985,3.21,0.6,9.2,6,white,7.64,35.5,0.3072,medium,medium,0,16.024,0.00543,0
7.1,0.34,0.2,6.1,0.063,47.0,164.0,0.9946,3.17,0.42,10.0,5,white,7.64,20.882,0.2866,medium,medium,0,6.133,0.0063,0
7.3,0.22,0.3,8.2,0.047,42.0,207.0,0.9966,3.33,0.46,9.5,6,white,7.82,33.182,0.2029,medium,medium,0,8.228,0.00495,0
7.1,0.43,0.61,11.8,0.045,54.0,155.0,0.9974,3.11,0.45,8.7,5,white,8.14,16.512,0.3484,medium,low,0,11.831,0.00517,0
7.1,0.44,0.62,11.8,0.044,52.0,152.0,0.9975,3.12,0.46,8.7,6,white,8.16,16.136,0.3421,medium,low,0,11.83,0.00506,0
7.2,0.39,0.63,11.0,0.044,55.0,156.0,0.9974,3.09,0.44,8.7,6,white,8.22,18.461,0.3526,medium,low,0,11.029,0.00506,0
6.8,0.25,0.31,13.3,0.05,69.0,202.0,0.9972,3.22,0.48,9.7,6,white,7.36,27.2,0.3416,medium,medium,0,13.337,0.00515,0
6.1,0.27,0.43,7.5,0.049,65.0,243.0,0.9957,3.12,0.47,9.0,5,white,6.8,22.593,0.2675,medium,low,0,7.532,0.00544,0
6.9,0.24,0.33,1.7,0.035,47.0,136.0,0.99,3.26,0.4,12.6,7,white,7.47,28.75,0.3456,off_dry,very_high,1,1.717,0.00278,1
6.9,0.21,0.33,1.8,0.034,48.0,136.0,0.9899,3.25,0.41,12.6,7,white,7.44,32.857,0.3529,off_dry,very_high,1,1.818,0.0027,1
7.5,0.17,0.32,1.7,0.04,51.0,148.0,0.9916,3.21,0.44,11.5,7,white,7.99,44.117,0.3446,off_dry,high,0,1.714,0.00348,1
7.1,0.26,0.29,12.4,0.044,62.0,240.0,0.9969,3.04,0.42,9.2,6,white,7.65,27.308,0.2583,medium,medium,0,12.439,0.00478,0
6.0,0.34,0.6400000000000001,15.9,0.046,26.0,164.0,0.9979,3.14,0.5,8.8,6,white,6.98,17.647,0.1585,medium,low,0,15.933,0.00523,0
8.6,0.265,0.36,1.2,0.034,15.0,80.0,0.9913,2.95,0.36,11.4,7,white,9.225,32.453,0.1875,off_dry,high,0,1.211,0.00298,1
9.65,0.36,0.46,10.5,0.038,4.0,83.0,0.9956,2.89,0.3,10.1,4,white,10.47,26.805,0.0482,medium,medium,0,10.546,0.00376,0
7.4,0.25,0.37,13.5,0.06,52.0,192.0,0.9975,3.0,0.44,9.1,5,white,8.02,29.6,0.2708,medium,medium,0,13.534,0.00659,0
7.1,0.12,0.32,9.6,0.054,64.0,162.0,0.9962,3.4,0.41,9.4,5,white,7.54,59.166,0.3951,medium,medium,0,9.637,0.00574,0
6.0,0.21,0.24,12.1,0.05,55.0,164.0,0.997,3.34,0.39,9.4,5,white,6.45,28.571,0.3354,medium,medium,0,12.136,0.00532,0
7.5,0.305,0.4,16.05,0.059,44.0,170.0,1.0,2.99,0.46,9.0,5,white,8.205,24.59,0.2588,medium,low,0,16.05,0.00656,0
7.3,0.13,0.32,14.4,0.051,34.0,109.0,0.9974,3.2,0.35,9.2,6,white,7.75,56.153,0.3119,medium,medium,0,14.438,0.00554,0
7.1,0.23,0.35,16.05,0.04,60.0,171.0,0.999,3.16,0.59,9.1,6,white,7.68,30.869,0.3509,medium,medium,0,16.066,0.0044,0
6.9,0.33,0.28,1.3,0.051,37.0,187.0,0.9927,3.27,0.6,10.3,5,white,7.51,20.909,0.1979,off_dry,medium,0,1.31,0.00495,0
6.5,0.17,0.54,8.5,0.082,64.0,163.0,0.9959,2.89,0.39,8.8,6,white,7.21,38.235,0.3926,medium,low,0,8.535,0.00932,0
7.2,0.27,0.46,16.05,0.052,45.0,255.0,1.0,3.04,0.52,8.9,5,white,7.93,26.667,0.1765,medium,low,0,16.05,0.00584,0
7.2,0.31,0.5,13.3,0.056,68.0,195.0,0.9982,3.01,0.47,9.2,5,white,8.01,23.226,0.3487,medium,medium,0,13.324,0.00609,0
6.7,0.41,0.34,9.2,0.049,29.0,150.0,0.9968,3.22,0.51,9.1,5,white,7.45,16.341,0.1933,medium,medium,0,9.23,0.00538,0
5.5,0.485,0.0,1.5,0.065,8.0,103.0,0.994,3.63,0.4,9.7,4,white,5.985,11.34,0.0777,off_dry,medium,0,1.509,0.0067,0
6.0,0.31,0.24,3.3,0.041,25.0,143.0,0.9914,3.31,0.44,11.3,6,white,6.55,19.355,0.1748,off_dry,high,0,3.329,0.00363,0
7.0,0.14,0.4,1.7,0.035,16.0,85.0,0.9911,3.19,0.42,11.8,6,white,7.54,50.0,0.1882,off_dry,high,0,1.715,0.00297,0
7.3,0.32,0.48,13.3,0.06,57.0,196.0,0.9982,3.04,0.5,9.2,5,white,8.1,22.812,0.2908,medium,medium,0,13.324,0.00652,0
5.9,0.36,0.04,5.7,0.046,21.0,87.0,0.9934,3.22,0.51,10.2,5,white,6.3,16.389,0.2414,medium,medium,0,5.738,0.00451,0
7.8,0.24,0.32,12.2,0.054,42.0,138.0,0.9984,3.01,0.54,8.8,5,white,8.36,32.5,0.3043,medium,low,0,12.22,0.00614,0
7.4,0.16,0.31,6.85,0.059,31.0,131.0,0.9952,3.29,0.34,9.7,5,white,7.87,46.25,0.2366,medium,medium,0,6.883,0.00608,0
6.9,0.19,0.28,5.0,0.058,14.0,146.0,0.9952,3.29,0.36,9.1,6,white,7.37,36.316,0.0959,off_dry,medium,0,5.024,0.00637,0
6.4,0.13,0.47,1.6,0.092,40.0,158.0,0.9928,3.21,0.36,9.8,6,white,7.0,49.23,0.2532,off_dry,medium,0,1.612,0.00939,0
6.7,0.19,0.36,1.1,0.026,63.0,143.0,0.9912,3.27,0.48,11.0,6,white,7.25,35.263,0.4406,off_dry,high,0,1.11,0.00236,0
7.4,0.39,0.23,7.0,0.033,29.0,126.0,0.994,3.14,0.42,10.5,5,white,8.02,18.974,0.2302,medium,medium,0,7.042,0.00314,0
6.5,0.24,0.32,7.6,0.038,48.0,203.0,0.9958,3.45,0.54,9.7,7,white,7.06,27.083,0.2365,medium,medium,0,7.632,0.00392,1
6.1,0.3,0.56,2.8,0.044,47.0,179.0,0.9924,3.3,0.57,10.9,7,white,6.96,20.333,0.2626,off_dry,high,0,2.821,0.00404,1
6.1,0.3,0.56,2.7,0.046,46.0,184.0,0.9924,3.31,0.57,10.9,6,white,6.96,20.333,0.25,off_dry,high,0,2.721,0.00422,0
5.7,0.26,0.25,10.4,0.02,7.0,57.0,0.994,3.39,0.37,10.6,5,white,6.21,21.923,0.1228,medium,high,0,10.463,0.00189,0
6.5,0.425,0.4,13.1,0.038,59.0,241.0,0.9979,3.23,0.57,9.0,5,white,7.325,15.294,0.2448,medium,low,0,13.128,0.00422,0
6.6,0.24,0.27,15.8,0.035,46.0,188.0,0.9982,3.24,0.51,9.2,5,white,7.11,27.5,0.2447,medium,medium,0,15.828,0.0038,0
6.8,0.27,0.22,8.1,0.034,55.0,203.0,0.9961,3.19,0.52,8.9,5,white,7.29,25.185,0.2709,medium,low,0,8.132,0.00382,0
6.7,0.27,0.31,15.7,0.036,44.0,179.0,0.9979,3.26,0.56,9.6,5,white,7.28,24.815,0.2458,medium,medium,0,15.733,0.00375,0
8.2,0.23,0.4,1.2,0.027,36.0,121.0,0.992,3.12,0.38,10.7,6,white,8.83,35.652,0.2975,off_dry,high,0,1.21,0.00252,0
7.1,0.37,0.6400000000000001,10.5,0.045,49.0,155.0,0.9975,3.16,0.44,8.7,5,white,8.11,19.189,0.3161,medium,low,0,10.526,0.00517,0
6.8,0.19,0.36,1.9,0.035,30.0,96.0,0.9917,3.15,0.54,10.8,7,white,7.35,35.789,0.3125,off_dry,high,0,1.916,0.00324,1
8.1,0.28,0.39,1.9,0.029,18.0,79.0,0.9923,3.23,0.52,11.8,6,white,8.77,28.928,0.2278,off_dry,high,0,1.915,0.00246,0
6.3,0.31,0.34,2.2,0.045,20.0,77.0,0.9927,3.3,0.43,10.2,5,white,6.95,20.323,0.2597,off_dry,medium,0,2.216,0.00441,0
7.9,0.21,0.4,1.2,0.039,38.0,107.0,0.992,3.21,0.54,10.8,6,white,8.51,37.619,0.3551,off_dry,high,0,1.21,0.00361,0
8.5,0.21,0.41,4.3,0.036,24.0,99.0,0.9947,3.18,0.53,9.7,6,white,9.12,40.476,0.2424,off_dry,medium,0,4.323,0.00371,0
8.1,0.2,0.4,2.0,0.037,19.0,87.0,0.9921,3.12,0.54,11.2,6,white,8.7,40.5,0.2184,off_dry,high,0,2.016,0.0033,0
6.3,0.255,0.37,1.1,0.04,37.0,114.0,0.9905,3.0,0.39,10.9,6,white,6.925,24.706,0.3246,off_dry,high,0,1.111,0.00367,0
5.6,0.16,0.27,1.4,0.044,53.0,168.0,0.9918,3.28,0.37,10.1,6,white,6.03,35.0,0.3155,off_dry,medium,0,1.412,0.00436,0
6.4,0.595,0.14,5.2,0.058,15.0,97.0,0.9951,3.38,0.36,9.0,4,white,7.135,10.756,0.1546,medium,low,0,5.226,0.00644,0
6.3,0.34,0.33,4.6,0.034,19.0,80.0,0.9917,3.38,0.58,12.0,7,white,6.97,18.529,0.2375,off_dry,high,1,4.638,0.00283,1
6.9,0.25,0.3,4.1,0.054,23.0,116.0,0.994,2.99,0.38,9.4,6,white,7.45,27.6,0.1983,off_dry,medium,0,4.125,0.00574,0
7.9,0.22,0.38,8.0,0.043,46.0,152.0,0.9934,3.12,0.32,11.5,7,white,8.5,35.909,0.3026,medium,high,0,8.053,0.00374,1
7.6,0.18,0.46,10.2,0.055,58.0,135.0,0.9968,3.14,0.43,9.9,6,white,8.24,42.222,0.4296,medium,medium,0,10.233,0.00556,0
7.2,0.18,0.41,1.2,0.048,41.0,97.0,0.9919,3.14,0.45,10.4,5,white,7.79,40.0,0.4227,off_dry,medium,0,1.21,0.00462,0
8.2,0.23,0.4,7.5,0.049,12.0,76.0,0.9966,3.06,0.84,9.7,6,white,8.83,35.652,0.1579,medium,medium,0,7.526,0.00505,0
7.4,0.24,0.42,14.0,0.066,48.0,198.0,0.9979,2.89,0.42,8.9,6,white,8.06,30.833,0.2424,medium,low,0,14.029,0.00742,0
6.1,0.32,0.24,1.5,0.036,38.0,124.0,0.9898,3.29,0.42,12.4,7,white,6.66,19.062,0.3065,off_dry,very_high,1,1.515,0.0029,1
5.2,0.44,0.04,1.4,0.036,43.0,119.0,0.9894,3.36,0.33,12.1,8,white,5.68,11.818,0.3613,off_dry,very_high,1,1.415,0.00298,1
6.4,0.22,0.56,14.5,0.055,27.0,159.0,0.998,2.98,0.4,9.1,5,white,7.18,29.091,0.1698,medium,medium,0,14.529,0.00604,0
6.3,0.36,0.3,4.8,0.049,14.0,85.0,0.9932,3.28,0.39,10.6,5,white,6.96,17.5,0.1647,off_dry,high,0,4.833,0.00462,0
6.7,0.24,0.35,13.1,0.05,64.0,205.0,0.997,3.15,0.5,9.5,5,white,7.29,27.917,0.3122,medium,medium,0,13.139,0.00526,0
7.0,0.23,0.36,13.0,0.051,72.0,177.0,0.9972,3.16,0.49,9.8,5,white,7.59,30.435,0.4068,medium,medium,0,13.037,0.0052,0
8.4,0.27,0.46,8.7,0.048,39.0,197.0,0.9974,3.14,0.59,9.6,6,white,9.13,31.111,0.198,medium,medium,0,8.723,0.005,0
6.7,0.46,0.18,2.4,0.034,25.0,98.0,0.9896,3.08,0.44,12.6,7,white,7.34,14.565,0.2551,off_dry,very_high,1,2.425,0.0027,1
7.5,0.29,0.31,8.95,0.055,20.0,151.0,0.9968,3.08,0.54,9.3,5,white,8.1,25.862,0.1325,medium,medium,0,8.979,0.00591,0
9.65,0.42,0.48,9.85,0.034,5.0,110.0,0.9958,2.87,0.29,10.0,5,white,10.55,22.976,0.0455,medium,medium,0,9.892,0.0034,0
7.1,0.3,0.46,1.5,0.066,29.0,133.0,0.9906,3.12,0.54,12.7,6,white,7.86,23.667,0.218,off_dry,very_high,1,1.514,0.0052,0
7.9,0.19,0.45,1.5,0.045,17.0,96.0,0.9917,3.13,0.39,11.0,6,white,8.54,41.579,0.1771,off_dry,high,0,1.513,0.00409,0
7.6,0.48,0.37,0.8,0.037,4.0,100.0,0.9902,3.03,0.39,11.4,4,white,8.45,15.833,0.04,dry,high,0,0.808,0.00325,0
6.3,0.22,0.43,4.55,0.038,31.0,130.0,0.9918,3.35,0.33,11.5,7,white,6.95,28.636,0.2385,off_dry,high,0,4.588,0.0033,1
7.5,0.27,0.31,16.05,0.051,33.0,173.0,0.999,3.09,0.64,10.2,5,white,8.08,27.778,0.1908,medium,medium,0,16.066,0.005,0
6.9,0.23,0.4,7.5,0.04,50.0,151.0,0.9927,3.11,0.27,11.4,6,white,7.53,30.0,0.3311,medium,high,0,7.555,0.00351,0
7.2,0.32,0.47,5.1,0.044,19.0,65.0,0.991,3.03,0.41,12.6,4,white,7.99,22.5,0.2923,medium,very_high,1,5.146,0.00349,0
5.9,0.23,0.3,12.9,0.054,57.0,170.0,0.9972,3.28,0.39,9.4,5,white,6.43,25.652,0.3353,medium,medium,0,12.936,0.00574,0
6.0,0.67,0.07,1.2,0.06,9.0,108.0,0.9931,3.11,0.35,8.7,4,white,6.74,8.955,0.0833,off_dry,low,0,1.208,0.0069,0
6.4,0.25,0.32,5.5,0.049,41.0,176.0,0.995,3.19,0.68,9.2,6,white,6.97,25.6,0.233,medium,medium,0,5.528,0.00533,0
6.4,0.33,0.31,5.5,0.048,42.0,173.0,0.9951,3.19,0.66,9.3,6,white,7.04,19.394,0.2428,medium,medium,0,5.527,0.00516,0
7.1,0.34,0.15,1.2,0.053,61.0,183.0,0.9936,3.09,0.43,9.2,5,white,7.59,20.882,0.3333,off_dry,medium,0,1.208,0.00576,0
6.8,0.28,0.4,16.05,0.048,48.0,167.0,1.001,2.93,0.5,8.7,5,white,7.48,24.286,0.2874,medium,low,0,16.034,0.00552,0
6.9,0.27,0.4,14.0,0.05,64.0,227.0,0.9979,3.18,0.58,9.6,6,white,7.57,25.555,0.2819,medium,medium,0,14.029,0.00521,0
6.8,0.26,0.56,11.9,0.043,64.0,226.0,0.997,3.02,0.63,9.3,5,white,7.62,26.154,0.2832,medium,medium,0,11.936,0.00462,0
6.8,0.29,0.56,11.9,0.043,66.0,230.0,0.9972,3.02,0.63,9.3,5,white,7.65,23.448,0.287,medium,medium,0,11.933,0.00462,0
6.7,0.24,0.41,9.4,0.04,49.0,166.0,0.9954,3.12,0.61,9.9,6,white,7.35,27.917,0.2952,medium,medium,0,9.443,0.00404,0
5.9,0.3,0.23,4.2,0.038,42.0,119.0,0.9924,3.15,0.5,11.0,5,white,6.43,19.667,0.3529,off_dry,high,0,4.232,0.00345,0
6.8,0.53,0.35,3.8,0.034,26.0,109.0,0.9906,3.26,0.57,12.7,8,white,7.68,12.83,0.2385,off_dry,very_high,1,3.836,0.00268,1
6.5,0.28,0.28,8.5,0.047,54.0,210.0,0.9962,3.09,0.54,8.9,4,white,7.06,23.214,0.2571,medium,low,0,8.532,0.00528,0
6.6,0.28,0.28,8.5,0.052,55.0,211.0,0.9962,3.09,0.55,8.9,6,white,7.16,23.571,0.2607,medium,low,0,8.532,0.00584,0
6.8,0.28,0.36,8.0,0.045,28.0,123.0,0.9928,3.02,0.37,11.4,6,white,7.44,24.286,0.2276,medium,high,0,8.058,0.00395,0
6.6,0.15,0.34,5.1,0.055,34.0,125.0,0.9942,3.36,0.42,9.6,5,white,7.09,44.0,0.272,medium,medium,0,5.13,0.00573,0
6.4,0.29,0.44,3.6,0.10800000000000001,75.0,181.0,0.9942,3.02,0.41,9.1,5,white,7.13,22.069,0.4144,off_dry,medium,0,3.621,0.01187,0
6.4,0.3,0.45,3.5,0.10800000000000001,76.0,180.0,0.9942,3.02,0.39,9.1,6,white,7.15,21.333,0.4222,off_dry,medium,0,3.52,0.01187,0
6.4,0.29,0.44,3.6,0.10800000000000001,75.0,183.0,0.9942,3.01,0.38,9.1,5,white,7.13,22.069,0.4098,off_dry,medium,0,3.621,0.01187,0
6.8,0.26,0.24,7.8,0.052,54.0,214.0,0.9961,3.13,0.47,8.9,5,white,7.3,26.154,0.2523,medium,low,0,7.831,0.00584,0
7.1,0.32,0.24,13.1,0.05,52.0,204.0,0.998,3.1,0.49,8.8,5,white,7.66,22.187,0.2549,medium,low,0,13.126,0.00568,0
6.8,0.27,0.26,16.05,0.049,55.0,196.0,0.9984,3.15,0.5,9.3,5,white,7.33,25.185,0.2806,medium,medium,0,16.076,0.00527,0
6.9,0.54,0.32,13.2,0.05,53.0,236.0,0.9973,3.2,0.5,9.6,5,white,7.76,12.778,0.2246,medium,medium,0,13.236,0.00521,0
6.8,0.26,0.34,13.9,0.034,39.0,134.0,0.9949,3.33,0.53,12.0,6,white,7.4,26.154,0.291,medium,high,1,13.971,0.00283,0
5.8,0.28,0.35,2.3,0.053,36.0,114.0,0.9924,3.28,0.5,10.2,4,white,6.43,20.714,0.3158,off_dry,medium,0,2.318,0.0052,0
6.4,0.21,0.5,11.6,0.042,45.0,153.0,0.9972,3.15,0.43,8.8,5,white,7.11,30.476,0.2941,medium,low,0,11.633,0.00477,0
7.0,0.16,0.32,8.3,0.045,38.0,126.0,0.9958,3.21,0.34,9.2,5,white,7.48,43.75,0.3016,medium,medium,0,8.335,0.00489,0
9.65,0.44,0.6400000000000001,6.2,0.049,20.0,124.0,0.9968,2.99,0.51,9.9,4,white,10.73,21.932,0.1613,medium,medium,0,6.22,0.00495,0
6.8,0.57,0.29,2.2,0.04,15.0,77.0,0.9938,3.32,0.74,10.2,5,white,7.66,11.93,0.1948,off_dry,medium,0,2.214,0.00392,0
6.1,0.4,0.31,0.9,0.048,23.0,170.0,0.993,3.22,0.77,9.5,6,white,6.81,15.25,0.1353,dry,medium,0,0.906,0.00505,0
5.6,0.245,0.25,9.7,0.032,12.0,68.0,0.994,3.31,0.34,10.5,5,white,6.095,22.857,0.1765,medium,medium,0,9.759,0.00305,0
6.8,0.18,0.38,1.4,0.038,35.0,111.0,0.9918,3.32,0.59,11.2,7,white,7.36,37.778,0.3153,off_dry,high,0,1.412,0.00339,1
6.7,0.13,0.29,5.3,0.051,31.0,122.0,0.9944,3.44,0.37,9.7,6,white,7.12,51.538,0.2541,medium,medium,0,5.33,0.00526,0
6.2,0.25,0.25,1.4,0.03,35.0,105.0,0.9912,3.3,0.44,11.1,7,white,6.7,24.8,0.3333,off_dry,high,0,1.412,0.0027,1
5.8,0.26,0.24,9.2,0.044,55.0,152.0,0.9961,3.31,0.38,9.4,5,white,6.3,22.308,0.3618,medium,medium,0,9.236,0.00468,0
7.5,0.27,0.36,7.0,0.036,45.0,164.0,0.9939,3.03,0.33,11.0,5,white,8.13,27.778,0.2744,medium,high,0,7.043,0.00327,0
5.7,0.28,0.24,16.05,0.044,60.0,167.0,0.9989,3.31,0.44,9.4,5,white,6.22,20.357,0.3593,medium,medium,0,16.068,0.00468,0
7.5,0.23,0.36,7.0,0.036,43.0,161.0,0.9938,3.04,0.32,11.0,5,white,8.09,32.609,0.2671,medium,high,0,7.044,0.00327,0
7.2,0.6799999999999999,0.21,9.5,0.07,33.0,172.0,0.9971,3.0,0.55,9.1,6,white,8.09,10.588,0.1919,medium,medium,0,9.528,0.00769,0
6.5,0.19,0.3,0.8,0.043,33.0,144.0,0.9936,3.42,0.39,9.1,6,white,6.99,34.21,0.2292,dry,medium,0,0.805,0.00473,0
6.3,0.495,0.22,1.8,0.046,31.0,140.0,0.9929,3.39,0.54,10.4,6,white,7.015,12.727,0.2214,off_dry,medium,0,1.813,0.00442,0
7.1,0.24,0.41,16.05,0.046,39.0,145.0,0.9998,3.32,0.39,8.7,5,white,7.75,29.583,0.269,medium,low,0,16.053,0.00529,0
6.4,0.17,0.32,2.4,0.048,41.0,200.0,0.9938,3.5,0.5,9.7,6,white,6.89,37.647,0.205,off_dry,medium,0,2.415,0.00495,0
7.1,0.25,0.32,10.3,0.041,66.0,272.0,0.9969,3.17,0.52,9.1,6,white,7.67,28.4,0.2426,medium,medium,0,10.332,0.00451,0
6.8,0.64,0.08,9.7,0.062,26.0,142.0,0.9972,3.37,0.46,8.9,4,white,7.52,10.625,0.1831,medium,low,0,9.727,0.00697,0
8.3,0.28,0.4,7.8,0.041,38.0,194.0,0.9976,3.34,0.51,9.6,6,white,8.98,29.643,0.1959,medium,medium,0,7.819,0.00427,0
8.2,0.27,0.39,7.8,0.039,49.0,208.0,0.9976,3.31,0.51,9.5,6,white,8.86,30.37,0.2356,medium,medium,0,7.819,0.00411,0
7.2,0.23,0.38,14.3,0.058,55.0,194.0,0.9979,3.09,0.44,9.0,6,white,7.81,31.304,0.2835,medium,low,0,14.33,0.00644,0
6.8,0.52,0.32,13.2,0.044,54.0,221.0,0.9972,3.27,0.5,9.6,6,white,7.64,13.077,0.2443,medium,medium,0,13.237,0.00458,0
7.0,0.26,0.59,1.4,0.037,40.0,120.0,0.9918,3.34,0.41,11.1,7,white,7.85,26.923,0.3333,off_dry,high,0,1.412,0.00333,1
6.2,0.25,0.21,15.55,0.039,28.0,159.0,0.9982,3.48,0.64,9.6,6,white,6.66,24.8,0.1761,medium,medium,0,15.578,0.00406,0
7.3,0.32,0.23,13.7,0.05,49.0,197.0,0.9985,3.2,0.46,8.7,5,white,7.85,22.812,0.2487,medium,low,0,13.721,0.00575,0
7.7,0.31,0.26,7.8,0.031,23.0,90.0,0.9944,3.13,0.5,10.4,5,white,8.27,24.839,0.2556,medium,medium,0,7.844,0.00298,0
7.1,0.21,0.37,2.4,0.026,23.0,100.0,0.9903,3.15,0.38,11.4,7,white,7.68,33.809,0.23,off_dry,high,0,2.424,0.00228,1
6.8,0.24,0.34,2.7,0.047,64.5,218.5,0.9934,3.3,0.58,9.7,6,white,7.38,28.333,0.2952,off_dry,medium,0,2.718,0.00485,0
6.9,0.4,0.56,11.2,0.043,40.0,142.0,0.9975,3.14,0.46,8.7,5,white,7.86,17.25,0.2817,medium,low,0,11.228,0.00494,0
6.1,0.18,0.36,2.0,0.038,20.0,249.5,0.9923,3.37,0.79,11.3,6,white,6.64,33.889,0.0802,off_dry,high,0,2.016,0.00336,0
6.8,0.21,0.27,2.1,0.03,26.0,139.0,0.99,3.16,0.61,12.6,7,white,7.28,32.381,0.1871,off_dry,very_high,1,2.121,0.00238,1
5.8,0.2,0.27,1.4,0.031,12.0,77.0,0.9905,3.25,0.36,10.9,7,white,6.27,29.0,0.1558,off_dry,high,0,1.413,0.00284,1
5.6,0.19,0.26,1.4,0.03,12.0,76.0,0.9905,3.25,0.37,10.9,7,white,6.05,29.474,0.1579,off_dry,high,0,1.413,0.00275,1
6.1,0.41,0.14,10.4,0.037,18.0,119.0,0.996,3.38,0.45,10.0,5,white,6.65,14.878,0.1513,medium,medium,0,10.442,0.0037,0
5.9,0.21,0.28,4.6,0.053,40.0,199.0,0.9964,3.66,0.7,10.0,4,white,6.39,28.095,0.201,off_dry,medium,0,4.617,0.0053,0
8.5,0.26,0.21,16.05,0.074,41.0,197.0,0.998,3.02,0.5,9.8,3,white,8.97,32.692,0.2081,medium,medium,0,16.082,0.00755,0
5.8,0.24,0.44,3.5,0.029,5.0,109.0,0.9913,3.53,0.43,11.7,3,white,6.48,24.167,0.0459,off_dry,high,0,3.531,0.00248,0
5.8,0.24,0.39,1.5,0.054,37.0,158.0,0.9932,3.21,0.52,9.3,6,white,6.43,24.167,0.2342,off_dry,medium,0,1.51,0.00581,0
6.7,0.26,0.39,1.1,0.04,45.0,147.0,0.9935,3.32,0.58,9.6,8,white,7.35,25.769,0.3061,off_dry,medium,0,1.107,0.00417,1
6.3,0.35,0.3,5.7,0.035,8.0,97.0,0.9927,3.27,0.41,11.0,7,white,6.95,18.0,0.0825,medium,high,0,5.742,0.00318,1
6.4,0.23,0.39,1.8,0.032,23.0,118.0,0.9912,3.32,0.5,11.8,6,white,7.02,27.826,0.1949,off_dry,high,0,1.816,0.00271,0
5.8,0.36,0.38,0.9,0.037,3.0,75.0,0.9904,3.28,0.34,11.4,4,white,6.54,16.111,0.04,dry,high,0,0.909,0.00325,0
6.9,0.115,0.35,5.4,0.048,36.0,108.0,0.9939,3.32,0.42,10.2,6,white,7.365,59.999,0.3333,medium,medium,0,5.433,0.00471,0
6.9,0.29,0.4,16.05,0.043,36.0,156.0,0.9996,2.93,0.47,8.9,5,white,7.59,23.793,0.2308,medium,low,0,16.056,0.00483,0
6.9,0.28,0.4,8.2,0.036,15.0,95.0,0.9944,3.17,0.33,10.2,5,white,7.58,24.643,0.1579,medium,medium,0,8.246,0.00353,0
7.2,0.29,0.4,13.6,0.045,66.0,231.0,0.9977,3.08,0.59,9.6,6,white,7.89,24.828,0.2857,medium,medium,0,13.631,0.00469,0
6.2,0.24,0.35,1.2,0.038,22.0,167.0,0.9912,3.1,0.48,10.6,6,white,6.79,25.833,0.1317,off_dry,high,0,1.211,0.00358,0
6.9,0.32,0.26,8.3,0.053,32.0,180.0,0.9965,3.25,0.51,9.2,6,white,7.48,21.562,0.1778,medium,medium,0,8.329,0.00576,0
5.3,0.58,0.07,6.9,0.043,34.0,149.0,0.9944,3.34,0.57,9.7,5,white,5.95,9.138,0.2282,medium,medium,0,6.939,0.00443,0
5.3,0.585,0.07,7.1,0.044,34.0,145.0,0.9945,3.34,0.57,9.7,6,white,5.955,9.06,0.2345,medium,medium,0,7.139,0.00454,0
5.4,0.59,0.07,7.0,0.045,36.0,147.0,0.9944,3.34,0.57,9.7,6,white,6.06,9.153,0.2449,medium,medium,0,7.039,0.00464,0
5.2,0.6,0.07,7.0,0.044,33.0,147.0,0.9944,3.33,0.58,9.7,5,white,5.87,8.667,0.2245,medium,medium,0,7.039,0.00454,0
5.8,0.25,0.26,13.1,0.051,44.0,148.0,0.9972,3.29,0.38,9.3,5,white,6.31,23.2,0.2973,medium,medium,0,13.137,0.00548,0
6.6,0.58,0.3,5.1,0.057,30.0,123.0,0.9949,3.24,0.38,9.0,5,white,7.48,11.379,0.2439,medium,low,0,5.126,0.00633,0
7.0,0.29,0.54,10.7,0.046,59.0,234.0,0.9966,3.05,0.61,9.5,5,white,7.83,24.138,0.2521,medium,medium,0,10.737,0.00484,0
6.6,0.19,0.41,8.9,0.046,51.0,169.0,0.9954,3.14,0.57,9.8,6,white,7.2,34.737,0.3018,medium,medium,0,8.941,0.00469,0
6.7,0.2,0.41,9.1,0.044,50.0,166.0,0.9954,3.14,0.58,9.8,6,white,7.31,33.5,0.3012,medium,medium,0,9.142,0.00449,0
7.7,0.26,0.4,1.1,0.042,9.0,60.0,0.9915,2.89,0.5,10.6,5,white,8.36,29.615,0.15,off_dry,high,0,1.109,0.00396,0
6.8,0.32,0.34,1.2,0.044,14.0,67.0,0.9919,3.05,0.47,10.6,4,white,7.46,21.25,0.209,off_dry,high,0,1.21,0.00415,0
7.0,0.3,0.49,4.7,0.036,17.0,105.0,0.9916,3.26,0.68,12.4,7,white,7.79,23.333,0.1619,off_dry,very_high,1,4.74,0.0029,1
7.0,0.24,0.36,2.8,0.034,22.0,112.0,0.99,3.19,0.38,12.6,8,white,7.6,29.167,0.1964,off_dry,very_high,1,2.828,0.0027,1
6.1,0.31,0.58,5.0,0.039,36.0,114.0,0.9909,3.3,0.6,12.3,8,white,6.99,19.677,0.3158,off_dry,very_high,1,5.046,0.00317,1
6.8,0.44,0.37,5.1,0.047,46.0,201.0,0.9938,3.08,0.65,10.5,4,white,7.61,15.455,0.2289,medium,medium,0,5.132,0.00448,0
6.7,0.34,0.3,15.6,0.054,51.0,196.0,0.9982,3.19,0.49,9.3,5,white,7.34,19.706,0.2602,medium,medium,0,15.628,0.00581,0
7.1,0.35,0.24,15.4,0.055,46.0,198.0,0.9988,3.12,0.49,8.8,5,white,7.69,20.286,0.2323,medium,low,0,15.419,0.00625,0
7.3,0.32,0.25,7.2,0.056,47.0,180.0,0.9961,3.08,0.47,8.8,5,white,7.87,22.812,0.2611,medium,low,0,7.228,0.00636,0
6.5,0.28,0.33,15.7,0.053,51.0,190.0,0.9978,3.22,0.51,9.7,6,white,7.11,23.214,0.2684,medium,medium,0,15.735,0.00546,0
7.2,0.23,0.39,14.2,0.058,49.0,192.0,0.9979,2.98,0.48,9.0,7,white,7.82,31.304,0.2552,medium,low,0,14.23,0.00644,1
5.9,0.15,0.31,5.8,0.041,53.0,155.0,0.9945,3.52,0.46,10.5,6,white,6.36,39.333,0.3419,medium,medium,0,5.832,0.0039,0
7.4,0.28,0.42,16.05,0.066,53.0,195.0,1.0,2.96,0.44,9.1,5,white,8.1,26.428,0.2718,medium,medium,0,16.05,0.00725,0
6.2,0.28,0.22,7.3,0.041,26.0,157.0,0.9957,3.44,0.64,9.8,7,white,6.7,22.143,0.1656,medium,medium,0,7.332,0.00418,1
9.1,0.59,0.38,1.6,0.066,34.0,182.0,0.9968,3.23,0.38,8.5,3,white,10.07,15.424,0.1868,off_dry,low,0,1.605,0.00776,0
6.3,0.33,0.27,1.2,0.046,34.0,175.0,0.9934,3.37,0.54,9.4,6,white,6.9,19.091,0.1943,off_dry,medium,0,1.208,0.00489,0
8.3,0.39,0.6400000000000001,10.6,0.045,33.0,169.0,0.9976,3.09,0.57,9.4,5,white,9.33,21.282,0.1953,medium,medium,0,10.626,0.00479,0
7.2,0.19,0.46,3.8,0.041,78.5,187.0,0.9932,3.19,0.6,11.2,7,white,7.85,37.895,0.4198,off_dry,high,0,3.826,0.00366,1
7.5,0.17,0.44,11.3,0.046,65.0,146.0,0.997,3.17,0.45,10.0,6,white,8.11,44.117,0.4452,medium,medium,0,11.334,0.0046,0
6.7,0.17,0.5,2.1,0.043,27.0,122.0,0.9923,3.15,0.45,10.3,6,white,7.37,39.412,0.2213,off_dry,medium,0,2.116,0.00417,0
6.1,0.41,0.0,1.6,0.063,36.0,87.0,0.9914,3.27,0.67,10.8,6,white,6.51,14.878,0.4138,off_dry,high,0,1.614,0.00583,0
8.3,0.2,0.35,0.9,0.05,12.0,74.0,0.992,3.13,0.38,10.5,6,white,8.85,41.5,0.1622,dry,medium,0,0.907,0.00476,0
6.0,0.29,0.21,1.3,0.055,42.0,168.0,0.9914,3.32,0.43,11.1,6,white,6.5,20.69,0.25,off_dry,high,0,1.311,0.00495,0
7.3,0.41,0.24,6.8,0.057,41.0,163.0,0.9949,3.2,0.41,9.9,6,white,7.95,17.805,0.2515,medium,medium,0,6.835,0.00576,0
7.2,0.43,0.24,6.7,0.058,40.0,163.0,0.995,3.2,0.41,9.9,5,white,7.87,16.744,0.2454,medium,medium,0,6.734,0.00586,0
7.3,0.4,0.24,6.7,0.058,41.0,166.0,0.995,3.2,0.41,9.9,6,white,7.94,18.25,0.247,medium,medium,0,6.734,0.00586,0
6.2,0.33,0.27,4.9,0.036,30.0,134.0,0.9927,3.2,0.42,10.4,7,white,6.8,18.788,0.2239,off_dry,medium,0,4.936,0.00346,1
6.2,0.31,0.26,4.8,0.037,36.0,148.0,0.9928,3.21,0.41,10.4,6,white,6.77,20.0,0.2432,off_dry,medium,0,4.835,0.00356,0
6.1,0.36,0.27,2.1,0.035,16.0,100.0,0.9917,3.4,0.71,11.5,7,white,6.73,16.944,0.16,off_dry,high,0,2.118,0.00304,1
5.0,0.55,0.14,8.3,0.032,35.0,164.0,0.9918,3.53,0.51,12.5,8,white,5.69,9.091,0.2134,medium,very_high,1,8.369,0.00256,1
7.8,0.25,0.41,3.7,0.042,37.0,149.0,0.9954,3.36,0.45,10.0,6,white,8.46,31.2,0.2483,off_dry,medium,0,3.717,0.0042,0
5.7,0.36,0.21,6.7,0.038,51.0,166.0,0.9941,3.29,0.63,10.0,6,white,6.27,15.833,0.3072,medium,medium,0,6.74,0.0038,0
5.8,0.34,0.21,6.6,0.04,50.0,167.0,0.9941,3.29,0.62,10.0,5,white,6.35,17.059,0.2994,medium,medium,0,6.639,0.004,0
6.8,0.28,0.6,1.1,0.10800000000000001,42.0,127.0,0.9934,3.09,0.44,9.1,6,white,7.68,24.286,0.3307,off_dry,medium,0,1.107,0.01187,0
6.8,0.25,0.34,4.7,0.031,34.0,134.0,0.9927,3.21,0.38,10.6,6,white,7.39,27.2,0.2537,off_dry,high,0,4.735,0.00292,0
6.6,0.24,0.35,7.7,0.031,36.0,135.0,0.9938,3.19,0.37,10.5,5,white,7.19,27.5,0.2667,medium,medium,0,7.748,0.00295,0
5.9,0.3,0.47,7.85,0.03,19.0,133.0,0.9933,3.52,0.43,11.5,7,white,6.67,19.667,0.1429,medium,high,0,7.903,0.00261,1
6.1,0.125,0.25,3.3,0.04,10.0,69.0,0.9934,3.54,0.59,10.1,6,white,6.475,48.8,0.1449,off_dry,medium,0,3.322,0.00396,0
6.0,0.1,0.24,1.1,0.041,15.0,65.0,0.9927,3.61,0.61,10.3,7,white,6.34,59.999,0.2308,off_dry,medium,0,1.108,0.00398,1
6.8,0.28,0.44,9.3,0.031,35.0,137.0,0.9946,3.16,0.36,10.4,6,white,7.52,24.286,0.2555,medium,medium,0,9.35,0.00298,0
8.3,0.41,0.51,2.0,0.046,11.0,207.0,0.993,3.02,0.55,11.4,5,white,9.22,20.244,0.0531,off_dry,high,0,2.014,0.00404,0
7.5,0.27,0.31,5.8,0.057,78.5,272.125,0.9946,3.18,0.59,10.5,5,white,8.08,27.778,0.2885,medium,medium,0,5.831,0.00543,0
7.9,0.26,0.41,15.15,0.04,38.0,216.0,0.9976,2.96,0.6,10.0,6,white,8.57,30.384,0.1759,medium,medium,0,15.186,0.004,0
6.4,0.34,0.23,6.3,0.039,37.0,143.0,0.9944,3.19,0.65,10.0,6,white,6.97,18.823,0.2587,medium,medium,0,6.335,0.0039,0
6.5,0.28,0.35,15.4,0.042,55.0,195.0,0.9978,3.23,0.5,9.6,6,white,7.13,23.214,0.2821,medium,medium,0,15.434,0.00437,0
7.2,0.21,0.41,1.3,0.036,33.0,85.0,0.992,3.17,0.51,10.4,5,white,7.82,34.286,0.3882,off_dry,medium,0,1.31,0.00346,0
6.4,0.32,0.35,4.8,0.03,34.0,101.0,0.9912,3.36,0.6,12.5,8,white,7.07,20.0,0.3366,off_dry,very_high,1,4.843,0.0024,1
6.8,0.24,0.34,4.6,0.032,37.0,135.0,0.9927,3.2,0.39,10.6,5,white,7.38,28.333,0.2741,off_dry,high,0,4.634,0.00302,0
6.3,0.23,0.3,1.8,0.033,16.0,91.0,0.9906,3.28,0.4,11.8,6,white,6.83,27.391,0.1758,off_dry,high,0,1.817,0.0028,0
6.5,0.28,0.34,9.9,0.038,30.0,133.0,0.9954,3.11,0.44,9.8,5,white,7.12,23.214,0.2256,medium,medium,0,9.946,0.00388,0
5.6,0.26,0.26,5.7,0.031,12.0,80.0,0.9923,3.25,0.38,10.8,5,white,6.12,21.538,0.15,medium,high,0,5.744,0.00287,0
6.3,0.23,0.33,1.5,0.036,15.0,105.0,0.991,3.32,0.42,11.2,6,white,6.86,27.391,0.1429,off_dry,high,0,1.514,0.00321,0
5.8,0.27,0.27,12.3,0.045,55.0,170.0,0.9972,3.28,0.42,9.3,6,white,6.34,21.481,0.3235,medium,medium,0,12.335,0.00484,0
5.9,0.26,0.4,1.3,0.047,12.0,139.0,0.9945,3.45,0.53,10.4,5,white,6.56,22.692,0.0863,off_dry,medium,0,1.307,0.00452,0
6.6,0.18,0.35,1.5,0.049,49.0,141.0,0.9934,3.43,0.85,10.2,7,white,7.13,36.666,0.3475,off_dry,medium,0,1.51,0.0048,1
7.4,0.2,0.43,7.8,0.045,27.0,153.0,0.9964,3.19,0.55,9.0,7,white,8.03,37.0,0.1765,medium,low,0,7.828,0.005,1
8.0,0.24,0.36,1.5,0.047,17.0,129.0,0.9948,3.2,0.54,10.0,6,white,8.6,33.333,0.1318,off_dry,medium,0,1.508,0.0047,0
6.4,0.26,0.42,9.7,0.044,30.0,140.0,0.9962,3.18,0.47,9.1,6,white,7.08,24.615,0.2143,medium,medium,0,9.737,0.00484,0
5.4,0.31,0.47,3.0,0.053,46.0,144.0,0.9931,3.29,0.76,10.0,5,white,6.18,17.419,0.3194,off_dry,medium,0,3.021,0.0053,0
5.4,0.29,0.47,3.0,0.052,47.0,145.0,0.993,3.29,0.75,10.0,6,white,6.16,18.621,0.3241,off_dry,medium,0,3.021,0.0052,0
7.1,0.145,0.33,4.6,0.05,33.0,131.0,0.9942,3.28,0.4,9.6,6,white,7.575,48.965,0.2519,off_dry,medium,0,4.627,0.00521,0
5.6,0.34,0.1,1.3,0.031,20.0,68.0,0.9906,3.36,0.51,11.2,7,white,6.04,16.471,0.2941,off_dry,high,0,1.312,0.00277,1
6.7,0.19,0.41,15.6,0.056,75.0,155.0,0.9995,3.2,0.44,8.8,6,white,7.3,35.263,0.4839,medium,low,0,15.608,0.00636,0
7.8,0.18,0.46,13.6,0.052,38.0,118.0,0.998,3.15,0.5,10.0,6,white,8.44,43.333,0.322,medium,medium,0,13.627,0.0052,0
7.6,0.17,0.45,11.2,0.054,56.0,137.0,0.997,3.15,0.47,10.0,5,white,8.22,44.706,0.4088,medium,medium,0,11.234,0.0054,0
6.3,0.12,0.36,2.1,0.044,47.0,146.0,0.9914,3.27,0.74,11.4,7,white,6.78,52.5,0.3219,off_dry,high,0,2.118,0.00386,1
7.3,0.33,0.4,6.85,0.038,32.0,138.0,0.992,3.03,0.3,11.9,7,white,8.03,22.121,0.2319,medium,high,0,6.905,0.00319,1
5.5,0.335,0.3,2.5,0.071,27.0,128.0,0.9924,3.14,0.51,9.6,6,white,6.135,16.418,0.2109,off_dry,medium,0,2.519,0.0074,0
5.8,0.4,0.42,4.4,0.047,38.5,245.0,0.9937,3.25,0.57,9.6,6,white,6.62,14.5,0.1571,off_dry,medium,0,4.428,0.0049,0
7.3,0.22,0.37,14.3,0.063,48.0,191.0,0.9978,2.89,0.38,9.0,6,white,7.89,33.182,0.2513,medium,low,0,14.332,0.007,0
6.1,0.36,0.33,1.1,0.05,24.0,169.0,0.9927,3.15,0.78,9.5,6,white,6.79,16.944,0.142,off_dry,medium,0,1.108,0.00526,0
9.65,0.2,0.39,1.4,0.05,19.0,152.0,0.994,3.0,0.42,10.4,6,white,10.24,48.25,0.125,off_dry,medium,0,1.408,0.00481,0
6.9,0.24,0.34,4.7,0.04,43.0,161.0,0.9935,3.2,0.59,10.6,6,white,7.48,28.75,0.2671,off_dry,high,0,4.731,0.00377,0
6.4,0.24,0.32,14.9,0.047,54.0,162.0,0.9968,3.28,0.5,10.2,6,white,6.96,26.667,0.3333,medium,medium,0,14.948,0.00461,0
7.1,0.365,0.14,1.2,0.055,24.0,84.0,0.9941,3.15,0.43,8.9,5,white,7.605,19.452,0.2857,off_dry,low,0,1.207,0.00618,0
6.8,0.15,0.3,5.3,0.05,40.0,127.0,0.9942,3.4,0.39,9.7,6,white,7.25,45.333,0.315,medium,medium,0,5.331,0.00515,0
6.8,0.16,0.4,2.3,0.037,18.0,102.0,0.9923,3.49,0.42,11.4,7,white,7.36,42.5,0.1765,off_dry,high,0,2.318,0.00325,1
6.0,0.26,0.32,3.5,0.028,29.0,113.0,0.9912,3.4,0.71,12.3,7,white,6.58,23.077,0.2566,off_dry,very_high,1,3.531,0.00228,1
6.0,0.18,0.27,1.5,0.089,40.0,143.0,0.9923,3.49,0.62,10.8,6,white,6.45,33.333,0.2797,off_dry,high,0,1.512,0.00824,0
6.9,0.33,0.21,1.0,0.053,39.0,148.0,0.9927,3.12,0.45,9.4,6,white,7.44,20.909,0.2635,dry,medium,0,1.007,0.00564,0
7.7,0.29,0.48,2.3,0.049,36.0,178.0,0.9931,3.17,0.64,10.6,6,white,8.47,26.552,0.2022,off_dry,high,0,2.316,0.00462,0
7.1,0.39,0.35,12.5,0.044,26.0,72.0,0.9941,3.17,0.29,11.6,5,white,7.84,18.205,0.3611,medium,high,0,12.574,0.00379,0
6.6,0.6799999999999999,0.19,0.8,0.048,17.0,204.0,0.9934,3.34,0.56,10.0,5,white,7.47,9.706,0.0833,dry,medium,0,0.805,0.0048,0
7.2,0.27,0.27,2.4,0.048,30.0,149.0,0.9936,3.1,0.51,9.2,6,white,7.74,26.667,0.2013,off_dry,medium,0,2.415,0.00522,0
5.1,0.33,0.22,1.6,0.027,18.0,89.0,0.9893,3.51,0.38,12.5,7,white,5.65,15.454,0.2022,off_dry,very_high,1,1.617,0.00216,1
6.4,0.31,0.28,1.5,0.037,12.0,119.0,0.9919,3.32,0.51,10.4,7,white,6.99,20.645,0.1008,off_dry,medium,0,1.512,0.00356,1
7.3,0.2,0.44,1.4,0.045,21.0,98.0,0.9924,3.15,0.46,10.0,7,white,7.94,36.5,0.2143,off_dry,medium,0,1.411,0.0045,1
5.7,0.32,0.5,2.6,0.049,17.0,155.0,0.9927,3.22,0.64,10.0,6,white,6.52,17.812,0.1097,off_dry,medium,0,2.619,0.0049,0
7.2,0.28,0.26,12.5,0.046,48.0,179.0,0.9975,3.1,0.52,9.0,6,white,7.74,25.714,0.2682,medium,low,0,12.531,0.00511,0
7.5,0.35,0.28,9.6,0.051,26.0,157.0,0.9969,3.12,0.53,9.2,6,white,8.13,21.429,0.1656,medium,medium,0,9.63,0.00554,0
6.0,0.36,0.39,3.2,0.027,20.0,125.0,0.991,3.38,0.39,11.3,7,white,6.75,16.667,0.16,off_dry,high,0,3.229,0.00239,1
5.0,0.17,0.56,1.5,0.026,24.0,115.0,0.9906,3.48,0.39,10.8,7,white,5.73,29.412,0.2087,off_dry,high,0,1.514,0.00241,1
6.3,0.39,0.35,5.9,0.04,78.5,260.0,0.9941,3.12,0.66,10.1,5,white,7.04,16.154,0.3019,medium,medium,0,5.935,0.00396,0
6.7,0.21,0.32,5.4,0.047,29.0,140.0,0.995,3.39,0.46,9.7,6,white,7.23,31.905,0.2071,medium,medium,0,5.427,0.00485,0
7.0,0.3,0.38,14.9,0.032,60.0,181.0,0.9983,3.18,0.61,9.3,7,white,7.68,23.333,0.3315,medium,medium,0,14.925,0.00344,1
6.5,0.36,0.32,1.1,0.031,13.0,66.0,0.9916,3.1,0.46,10.6,5,white,7.18,18.056,0.197,off_dry,high,0,1.109,0.00292,0
6.1,0.55,0.15,9.8,0.031,19.0,125.0,0.9957,3.36,0.47,10.2,6,white,6.8,11.091,0.152,medium,medium,0,9.842,0.00304,0
7.3,0.24,0.43,2.0,0.021,20.0,69.0,0.99,3.08,0.56,12.2,6,white,7.97,30.417,0.2899,off_dry,very_high,1,2.02,0.00172,0
6.8,0.37,0.51,11.8,0.044,62.0,163.0,0.9976,3.19,0.44,8.8,5,white,7.68,18.378,0.3804,medium,low,0,11.828,0.005,0
6.8,0.27,0.12,1.3,0.04,78.5,168.0,0.992,3.18,0.41,10.0,5,white,7.19,25.185,0.4673,off_dry,medium,0,1.31,0.004,0
8.2,0.28,0.42,1.8,0.031,30.0,93.0,0.9917,3.09,0.39,11.4,5,white,8.9,29.286,0.3226,off_dry,high,0,1.815,0.00272,0
6.3,0.2,0.4,1.5,0.037,35.0,107.0,0.9917,3.46,0.5,11.4,6,white,6.9,31.5,0.3271,off_dry,high,0,1.513,0.00325,0
5.9,0.26,0.27,16.05,0.048,52.0,168.0,0.9993,3.35,0.44,9.4,5,white,6.43,22.692,0.3095,medium,medium,0,16.061,0.00511,0
6.4,0.19,0.42,2.9,0.032,32.0,83.0,0.9908,3.3,0.41,11.7,6,white,7.01,33.684,0.3855,off_dry,high,0,2.927,0.00274,0
6.1,0.35,0.07,1.4,0.069,22.0,108.0,0.9934,3.23,0.52,9.2,5,white,6.52,17.429,0.2037,off_dry,medium,0,1.409,0.0075,0
7.1,0.27,0.31,16.05,0.046,55.0,252.0,1.0,3.07,0.56,8.7,5,white,7.68,26.296,0.2183,medium,low,0,16.05,0.00529,0
6.8,0.22,0.31,6.3,0.035,33.0,170.0,0.9918,3.24,0.66,12.6,6,white,7.33,30.909,0.1941,medium,very_high,1,6.352,0.00278,0
5.8,0.28,0.34,4.0,0.031,40.0,99.0,0.9896,3.39,0.39,12.8,7,white,6.42,20.714,0.404,off_dry,very_high,1,4.042,0.00242,1
6.9,0.49,0.24,1.2,0.049,13.0,125.0,0.9932,3.17,0.51,9.4,5,white,7.63,14.082,0.104,off_dry,medium,0,1.208,0.00521,0
6.3,0.14,0.39,1.2,0.044,26.0,116.0,0.992,3.26,0.53,10.3,6,white,6.83,45.0,0.2241,off_dry,medium,0,1.21,0.00427,0
7.2,0.25,0.39,16.05,0.038,42.0,155.0,0.9999,2.97,0.47,9.0,6,white,7.84,28.8,0.271,medium,low,0,16.052,0.00422,0
7.3,0.28,0.36,12.7,0.04,38.0,140.0,0.998,3.3,0.79,9.6,6,white,7.94,26.071,0.2714,medium,medium,0,12.725,0.00417,0
7.2,0.19,0.39,1.2,0.036,32.0,85.0,0.9918,3.16,0.5,10.5,5,white,7.78,37.895,0.3765,off_dry,medium,0,1.21,0.00343,0
7.4,0.21,0.27,1.2,0.041,27.0,99.0,0.9927,3.19,0.33,9.8,6,white,7.88,35.238,0.2727,off_dry,medium,0,1.209,0.00418,0
6.8,0.26,0.22,7.7,0.047,57.0,210.0,0.9959,3.1,0.47,9.0,5,white,7.28,26.154,0.2714,medium,low,0,7.732,0.00522,0
7.4,0.31,0.28,1.6,0.05,33.0,137.0,0.9929,3.31,0.56,10.5,6,white,7.99,23.871,0.2409,off_dry,medium,0,1.611,0.00476,0
7.0,0.22,0.31,2.7,0.03,41.0,136.0,0.9898,3.16,0.37,12.7,7,white,7.53,31.818,0.3015,off_dry,very_high,1,2.728,0.00236,1
7.0,0.21,0.28,8.7,0.045,37.0,222.0,0.9954,3.25,0.54,10.4,6,white,7.49,33.333,0.1667,medium,medium,0,8.74,0.00433,0
7.0,0.21,0.28,8.6,0.045,37.0,221.0,0.9954,3.25,0.54,10.4,6,white,7.49,33.333,0.1674,medium,medium,0,8.64,0.00433,0
6.9,0.23,0.38,8.3,0.047,47.0,162.0,0.9954,3.34,0.52,10.5,7,white,7.51,30.0,0.2901,medium,medium,0,8.338,0.00448,1
6.8,0.29,0.5,13.3,0.053,48.0,194.0,0.9974,3.09,0.45,9.4,5,white,7.59,23.448,0.2474,medium,medium,0,13.335,0.00564,0
7.8,0.21,0.27,1.2,0.051,20.0,89.0,0.9936,3.06,0.46,9.1,5,white,8.28,37.143,0.2247,off_dry,medium,0,1.208,0.0056,0
7.1,0.31,0.47,13.6,0.056,54.0,197.0,0.9978,3.1,0.49,9.3,5,white,7.88,22.903,0.2741,medium,medium,0,13.63,0.00602,0
6.4,0.34,0.1,1.1,0.048,19.0,84.0,0.9927,3.21,0.38,9.8,5,white,6.84,18.823,0.2262,off_dry,medium,0,1.108,0.0049,0
7.4,0.155,0.34,2.3,0.045,73.5,214.0,0.9934,3.18,0.61,9.9,7,white,7.895,47.742,0.3435,off_dry,medium,0,2.315,0.00455,1
7.2,0.55,0.09,1.5,0.108,16.0,151.0,0.9938,3.07,0.57,9.2,4,white,7.84,13.091,0.106,off_dry,medium,0,1.509,0.01174,0
7.0,0.23,0.36,7.1,0.028,31.0,104.0,0.9922,3.35,0.47,12.1,8,white,7.59,30.435,0.2981,medium,very_high,1,7.156,0.00231,1
6.9,0.2,0.37,6.2,0.027,24.0,97.0,0.992,3.38,0.49,12.2,7,white,7.47,34.5,0.2474,medium,very_high,1,6.25,0.00221,1
6.1,0.28,0.32,2.5,0.042,23.0,218.5,0.9935,3.27,0.6,9.8,5,white,6.7,21.786,0.1053,off_dry,medium,0,2.516,0.00429,0
6.6,0.16,0.32,1.4,0.035,49.0,186.0,0.9906,3.35,0.64,12.4,8,white,7.08,41.25,0.2634,off_dry,very_high,1,1.413,0.00282,1
6.2,0.35,0.04,1.2,0.06,23.0,108.0,0.9934,3.26,0.54,9.2,5,white,6.59,17.714,0.213,off_dry,medium,0,1.208,0.00652,0
6.7,0.22,0.37,1.6,0.028,24.0,102.0,0.9913,3.29,0.59,11.6,7,white,7.29,30.454,0.2353,off_dry,high,0,1.614,0.00241,1
6.1,0.38,0.2,6.6,0.033,25.0,137.0,0.9938,3.3,0.69,10.4,6,white,6.68,16.053,0.1825,medium,medium,0,6.641,0.00317,0
6.0,0.25,0.28,2.2,0.026,54.0,126.0,0.9898,3.43,0.65,12.9,8,white,6.53,24.0,0.4286,off_dry,very_high,1,2.223,0.00202,1
6.6,0.52,0.44,12.2,0.048,54.0,245.0,0.9975,3.26,0.54,9.3,6,white,7.56,12.692,0.2204,medium,medium,0,12.231,0.00516,0
6.9,0.24,0.36,16.05,0.031,40.0,139.0,0.9975,3.2,0.33,11.0,6,white,7.5,28.75,0.2878,medium,high,0,16.09,0.00282,0
7.1,0.32,0.32,11.0,0.038,16.0,66.0,0.9937,3.24,0.4,11.5,3,white,7.74,22.187,0.2424,medium,high,0,11.07,0.0033,0
5.8,0.28,0.27,2.6,0.054,30.0,156.0,0.9914,3.53,0.42,12.4,5,white,6.35,20.714,0.1923,off_dry,very_high,1,2.623,0.00435,0
6.5,0.41,0.24,14.0,0.048,24.0,113.0,0.9982,3.44,0.53,9.8,6,white,7.15,15.854,0.2124,medium,medium,0,14.025,0.0049,0
6.4,0.28,0.29,1.6,0.052,34.0,127.0,0.9929,3.48,0.56,10.5,7,white,6.97,22.857,0.2677,off_dry,medium,0,1.611,0.00495,1
7.2,0.6,0.2,9.9,0.07,21.0,174.0,0.9971,3.03,0.54,9.1,5,white,8.0,12.0,0.1207,medium,medium,0,9.929,0.00769,0
6.1,0.2,0.25,1.2,0.038,34.0,128.0,0.9921,3.24,0.44,10.1,5,white,6.55,30.5,0.2656,off_dry,medium,0,1.21,0.00376,0
5.9,0.46,0.14,2.7,0.042,27.0,160.0,0.9931,3.46,0.51,10.6,7,white,6.5,12.826,0.1687,off_dry,high,0,2.719,0.00396,1
6.0,0.27,0.27,1.6,0.046,32.0,113.0,0.9924,3.41,0.51,10.5,7,white,6.54,22.222,0.2832,off_dry,medium,0,1.612,0.00438,1
6.4,0.41,0.24,14.0,0.048,24.0,113.0,0.9982,3.44,0.53,9.8,6,white,7.05,15.61,0.2124,medium,medium,0,14.025,0.0049,0
6.3,0.23,0.31,1.5,0.022,11.0,82.0,0.9892,3.3,0.4,12.9,7,white,6.84,27.391,0.1341,off_dry,very_high,1,1.516,0.00171,1
7.1,0.21,0.27,8.6,0.056,26.0,111.0,0.9956,2.95,0.52,9.5,5,white,7.58,33.809,0.2342,medium,medium,0,8.638,0.00589,0
6.0,0.37,0.32,1.0,0.053,31.0,218.5,0.9924,3.29,0.72,9.8,6,white,6.69,16.216,0.1419,dry,medium,0,1.008,0.00541,0
6.1,0.43,0.35,9.1,0.059,78.5,249.0,0.9971,3.37,0.5,8.5,5,white,6.88,14.186,0.3153,medium,low,0,9.126,0.00694,0
7.0,0.25,0.29,15.2,0.047,40.0,171.0,0.9982,3.22,0.45,9.3,5,white,7.54,28.0,0.2339,medium,medium,0,15.227,0.00505,0
5.9,0.25,0.19,12.4,0.047,50.0,162.0,0.9973,3.35,0.38,9.5,5,white,6.34,23.6,0.3086,medium,medium,0,12.434,0.00495,0
6.8,0.32,0.21,2.2,0.044,15.0,68.0,0.9932,3.17,0.39,9.4,6,white,7.33,21.25,0.2206,off_dry,medium,0,2.215,0.00468,0
7.2,0.39,0.62,11.0,0.047,66.0,178.0,0.9976,3.16,0.5,8.7,5,white,8.21,18.461,0.3708,medium,low,0,11.026,0.0054,0
6.3,0.21,0.58,10.0,0.081,34.0,126.0,0.9962,2.95,0.46,8.9,5,white,7.09,30.0,0.2698,medium,low,0,10.038,0.0091,0
7.0,0.14,0.32,9.0,0.039,54.0,141.0,0.9956,3.22,0.43,9.4,6,white,7.46,50.0,0.383,medium,medium,0,9.04,0.00415,0
7.2,0.29,0.53,16.05,0.047,59.0,182.0,0.9992,3.09,0.52,9.6,5,white,8.02,24.828,0.3242,medium,medium,0,16.063,0.0049,0
8.6,0.37,0.6400000000000001,12.15,0.039,21.0,158.0,0.9983,3.0,0.73,9.3,6,white,9.61,23.243,0.1329,medium,medium,0,12.171,0.00419,0
6.5,0.38,0.34,3.4,0.036,34.0,200.0,0.9937,3.14,0.76,10.0,5,white,7.22,17.105,0.17,off_dry,medium,0,3.422,0.0036,0
6.6,0.24,0.29,2.0,0.023,19.0,86.0,0.99,3.25,0.45,12.5,6,white,7.13,27.5,0.2209,off_dry,very_high,1,2.02,0.00184,0
7.0,0.17,0.31,4.8,0.034,34.0,132.0,0.9944,3.36,0.48,9.6,7,white,7.48,41.176,0.2576,off_dry,medium,0,4.827,0.00354,1
5.5,0.16,0.22,4.5,0.03,30.0,102.0,0.9938,3.24,0.36,9.4,6,white,5.88,34.375,0.2941,off_dry,medium,0,4.528,0.00319,0
7.0,0.24,0.51,11.0,0.029,55.0,227.0,0.9965,3.03,0.61,9.5,5,white,7.75,29.167,0.2423,medium,medium,0,11.039,0.00305,0
7.4,0.28,0.36,1.1,0.028,42.0,105.0,0.9893,2.99,0.39,12.4,7,white,8.04,26.428,0.4,off_dry,very_high,1,1.112,0.00226,1
7.0,0.22,0.28,1.5,0.037,29.0,115.0,0.9927,3.11,0.55,10.5,6,white,7.5,31.818,0.2522,off_dry,medium,0,1.511,0.00352,0
7.1,0.55,0.13,1.7,0.073,21.0,165.0,0.994,2.97,0.58,9.2,6,white,7.78,12.909,0.1273,off_dry,medium,0,1.71,0.00793,0
6.3,0.22,0.33,1.7,0.041,67.0,164.0,0.9928,3.32,0.56,10.4,6,white,6.85,28.636,0.4085,off_dry,medium,0,1.712,0.00394,0
6.7,0.47,0.34,8.9,0.043,31.0,172.0,0.9964,3.22,0.6,9.2,5,white,7.51,14.255,0.1802,medium,medium,0,8.932,0.00467,0
5.9,0.36,0.41,1.3,0.047,45.0,104.0,0.9917,3.33,0.51,10.6,6,white,6.67,16.389,0.4327,off_dry,high,0,1.311,0.00443,0
5.8,0.25,0.24,13.3,0.044,41.0,137.0,0.9972,3.34,0.42,9.5,5,white,6.29,23.2,0.2993,medium,medium,0,13.337,0.00463,0
6.2,0.37,0.3,6.6,0.10800000000000001,78.5,200.0,0.9954,3.29,0.58,9.6,5,white,6.87,16.757,0.3925,medium,medium,0,6.631,0.01125,0
6.2,0.18,0.38,1.5,0.028,36.0,117.0,0.993,3.47,0.54,9.7,6,white,6.76,34.444,0.3077,off_dry,medium,0,1.511,0.00289,0
6.0,0.16,0.37,1.5,0.025,43.0,117.0,0.9928,3.46,0.51,9.7,6,white,6.53,37.5,0.3675,off_dry,medium,0,1.511,0.00258,0
6.6,0.34,0.28,1.3,0.035,32.0,90.0,0.9916,3.1,0.42,10.7,6,white,7.22,19.412,0.3556,off_dry,high,0,1.311,0.00327,0
7.4,0.29,0.29,1.6,0.045,53.0,180.0,0.9936,3.34,0.68,10.5,6,white,7.98,25.517,0.2944,off_dry,medium,0,1.61,0.00429,0
7.4,0.26,0.31,7.6,0.047,52.0,177.0,0.9962,3.13,0.45,8.9,6,white,7.97,28.461,0.2938,medium,low,0,7.629,0.00528,0
7.0,0.28,0.36,1.0,0.035,8.0,70.0,0.9899,3.09,0.46,12.1,6,white,7.64,25.0,0.1143,dry,very_high,1,1.01,0.00289,0
7.1,0.23,0.39,1.6,0.032,12.0,65.0,0.9898,3.25,0.4,12.7,7,white,7.72,30.869,0.1846,off_dry,very_high,1,1.616,0.00252,1
7.8,0.19,0.26,8.9,0.039,42.0,182.0,0.996,3.18,0.46,9.9,6,white,8.25,41.052,0.2308,medium,medium,0,8.936,0.00394,0
6.3,0.19,0.28,1.8,0.022,28.0,158.0,0.9907,3.2,0.64,11.4,6,white,6.77,33.158,0.1772,off_dry,high,0,1.817,0.00193,0
6.8,0.2,0.38,4.7,0.04,27.0,103.0,0.994,3.37,0.58,10.7,6,white,7.38,34.0,0.2621,off_dry,high,0,4.728,0.00374,0
5.7,0.44,0.13,7.0,0.025,28.0,173.0,0.9913,3.33,0.48,12.5,6,white,6.27,12.955,0.1618,medium,very_high,1,7.061,0.002,0
7.2,0.4,0.62,10.8,0.041,70.0,189.0,0.9976,3.08,0.49,8.6,4,white,8.22,18.0,0.3704,medium,low,0,10.826,0.00477,0
6.8,0.23,0.32,1.6,0.026,43.0,147.0,0.9904,3.29,0.54,12.5,6,white,7.35,29.565,0.2925,off_dry,very_high,1,1.616,0.00208,0
5.7,0.335,0.34,1.0,0.04,13.0,174.0,0.992,3.27,0.66,10.0,5,white,6.375,17.015,0.0747,dry,medium,0,1.008,0.004,0
7.2,0.28,0.54,16.05,0.045,54.0,200.0,0.999,3.08,0.49,9.5,6,white,8.02,25.714,0.27,medium,medium,0,16.066,0.00474,0
6.8,0.19,0.58,14.2,0.038,51.0,164.0,0.9975,3.12,0.48,9.6,6,white,7.57,35.789,0.311,medium,medium,0,14.236,0.00396,0
6.4,0.3,0.3,2.25,0.038,8.0,210.0,0.9937,3.2,0.62,9.9,6,white,7.0,21.333,0.0381,off_dry,medium,0,2.264,0.00384,0
6.5,0.3,0.29,2.25,0.037,8.0,210.0,0.9937,3.19,0.62,9.9,5,white,7.09,21.667,0.0381,off_dry,medium,0,2.264,0.00374,0
7.8,0.18,0.31,12.2,0.053,46.0,140.0,0.998,3.06,0.53,8.9,6,white,8.29,43.333,0.3286,medium,low,0,12.224,0.00596,0
7.3,0.51,0.26,3.3,0.09,7.0,135.0,0.9944,3.01,0.52,8.8,5,white,8.07,14.314,0.0519,off_dry,low,0,3.319,0.01023,0
6.0,0.24,0.27,1.9,0.048,40.0,170.0,0.9938,3.64,0.54,10.0,7,white,6.51,25.0,0.2353,off_dry,medium,0,1.912,0.0048,1
5.9,0.62,0.28,3.5,0.039,55.0,152.0,0.9907,3.44,0.44,12.0,6,white,6.8,9.516,0.3618,off_dry,high,1,3.533,0.00325,0
6.7,0.27,0.12,1.3,0.041,62.0,138.0,0.9921,3.21,0.42,10.0,6,white,7.09,24.815,0.4493,off_dry,medium,0,1.31,0.0041,0
7.8,0.34,0.35,1.8,0.042,8.0,167.0,0.9908,3.11,0.41,12.1,6,white,8.49,22.941,0.0479,off_dry,very_high,1,1.817,0.00347,0
7.3,0.26,0.36,5.2,0.04,31.0,141.0,0.9931,3.16,0.59,11.0,6,white,7.92,28.077,0.2199,medium,high,0,5.236,0.00364,0
7.4,0.36,0.33,1.4,0.025,27.0,55.0,0.9915,3.21,0.33,11.2,6,white,8.09,20.555,0.4909,off_dry,high,0,1.412,0.00223,0
7.8,0.28,0.32,9.0,0.036,34.0,115.0,0.9952,3.17,0.39,10.3,7,white,8.4,27.857,0.2957,medium,medium,0,9.043,0.0035,1
6.1,0.31,0.26,2.2,0.051,28.0,167.0,0.9926,3.37,0.47,10.4,6,white,6.67,19.677,0.1677,off_dry,medium,0,2.216,0.0049,0
6.8,0.18,0.37,1.6,0.055,47.0,154.0,0.9934,3.08,0.45,9.1,5,white,7.35,37.778,0.3052,off_dry,medium,0,1.611,0.00604,0
7.4,0.15,0.42,1.7,0.045,49.0,154.0,0.992,3.0,0.6,10.4,6,white,7.97,49.333,0.3182,off_dry,medium,0,1.714,0.00433,0
5.9,0.13,0.28,1.9,0.05,20.0,78.0,0.9918,3.43,0.64,10.8,6,white,6.31,45.384,0.2564,off_dry,high,0,1.916,0.00463,0
7.2,0.34,0.34,12.6,0.048,7.0,41.0,0.9942,3.19,0.4,11.7,5,white,7.88,21.176,0.1707,medium,high,0,12.674,0.0041,0
7.9,0.19,0.26,2.1,0.039,8.0,143.0,0.9942,3.05,0.74,9.8,5,white,8.35,41.579,0.0559,off_dry,medium,0,2.112,0.00398,0
6.9,0.25,0.4,1.3,0.038,22.0,101.0,0.9901,3.03,0.39,11.4,6,white,7.55,27.6,0.2178,off_dry,high,0,1.313,0.00333,0
5.8,0.36,0.32,1.7,0.033,22.0,96.0,0.9898,3.03,0.38,11.2,6,white,6.48,16.111,0.2292,off_dry,high,0,1.718,0.00295,0
5.6,0.35,0.37,1.0,0.038,6.0,72.0,0.9902,3.37,0.34,11.4,5,white,6.32,16.0,0.0833,dry,high,0,1.01,0.00333,0
5.9,0.32,0.39,3.3,0.10800000000000001,24.0,140.0,0.9934,3.09,0.45,9.2,6,white,6.61,18.437,0.1714,off_dry,medium,0,3.322,0.01174,0
7.2,0.31,0.46,5.0,0.04,3.0,29.0,0.9906,3.04,0.53,12.5,4,white,7.97,23.226,0.1034,off_dry,very_high,1,5.047,0.0032,0
6.1,0.28,0.22,1.8,0.034,32.0,116.0,0.9898,3.36,0.44,12.6,6,white,6.6,21.786,0.2759,off_dry,very_high,1,1.819,0.0027,0
5.2,0.36,0.02,1.6,0.031,24.0,104.0,0.9896,3.44,0.35,12.2,6,white,5.58,14.444,0.2308,off_dry,very_high,1,1.617,0.00254,0
5.6,0.19,0.47,4.5,0.03,19.0,112.0,0.9922,3.56,0.45,11.2,6,white,6.26,29.474,0.1696,off_dry,high,0,4.535,0.00268,0
6.4,0.1,0.35,4.9,0.048,31.0,103.0,0.9947,3.43,0.79,9.7,6,white,6.85,63.999,0.301,off_dry,medium,0,4.926,0.00495,0
6.4,0.18,0.48,4.0,0.10800000000000001,64.0,150.0,0.9945,3.06,0.4,9.3,5,white,7.06,35.555,0.4267,off_dry,medium,0,4.022,0.01161,0
7.4,0.25,0.36,13.2,0.067,53.0,178.0,0.9976,3.01,0.48,9.0,6,white,8.01,29.6,0.2978,medium,low,0,13.232,0.00744,0
7.9,0.345,0.51,15.3,0.047,54.0,171.0,0.9987,3.09,0.51,9.1,5,white,8.755,22.898,0.3158,medium,medium,0,15.32,0.00516,0
6.1,0.24,0.3,1.5,0.045,22.0,61.0,0.992,3.31,0.54,10.4,5,white,6.64,25.417,0.3607,off_dry,medium,0,1.512,0.00433,0
6.8,0.25,0.24,4.55,0.053,41.0,211.0,0.9955,3.37,0.67,9.5,6,white,7.29,27.2,0.1943,off_dry,medium,0,4.571,0.00558,0
6.7,0.31,0.31,9.9,0.04,10.0,175.0,0.9953,3.46,0.55,11.4,4,white,7.32,21.613,0.0571,medium,high,0,9.947,0.00351,0
7.2,0.46,0.6400000000000001,10.4,0.05,76.0,192.0,0.9976,3.16,0.42,8.7,5,white,8.3,15.652,0.3958,medium,low,0,10.425,0.00575,0
5.5,0.35,0.35,1.1,0.045,14.0,167.0,0.992,3.34,0.68,9.9,6,white,6.2,15.714,0.0838,off_dry,medium,0,1.109,0.00455,0
6.7,0.24,0.41,8.7,0.036,29.0,148.0,0.9952,3.22,0.62,9.9,6,white,7.35,27.917,0.1959,medium,medium,0,8.742,0.00364,0
6.8,0.28,0.17,13.9,0.047,49.0,162.0,0.9983,3.21,0.51,9.0,6,white,7.25,24.286,0.3025,medium,low,0,13.924,0.00522,0
6.4,0.16,0.22,1.4,0.04,41.0,149.0,0.9933,3.49,0.58,10.0,6,white,6.78,40.0,0.2752,off_dry,medium,0,1.409,0.004,0
6.3,0.26,0.24,7.2,0.039,38.0,172.0,0.9958,3.49,0.64,9.7,6,white,6.8,24.231,0.2209,medium,medium,0,7.23,0.00402,0
7.7,0.22,0.42,1.9,0.052,10.0,87.0,0.9922,3.3,0.49,11.8,6,white,8.34,35.0,0.1149,off_dry,high,0,1.915,0.00441,0
6.5,0.18,0.31,1.7,0.044,30.0,127.0,0.9928,3.49,0.5,10.2,7,white,6.99,36.111,0.2362,off_dry,medium,0,1.712,0.00431,1
7.0,0.3,0.51,13.6,0.05,40.0,168.0,0.9976,3.07,0.52,9.6,7,white,7.81,23.333,0.2381,medium,medium,0,13.633,0.00521,1
9.2,0.25,0.34,1.2,0.026,31.0,93.0,0.9916,2.93,0.37,11.3,7,white,9.79,36.8,0.3333,off_dry,high,0,1.21,0.0023,1
7.8,0.28,0.34,1.6,0.028,32.0,118.0,0.9901,3.0,0.38,12.1,7,white,8.42,27.857,0.2712,off_dry,very_high,1,1.616,0.00231,1
8.4,0.35,0.6400000000000001,12.2,0.046,22.0,160.0,0.9982,2.98,0.65,9.4,5,white,9.39,24.0,0.1375,medium,medium,0,12.222,0.00489,0
6.1,0.41,0.24,1.6,0.049,16.0,137.0,0.993,3.32,0.5,10.4,6,white,6.75,14.878,0.1168,off_dry,medium,0,1.611,0.00471,0
5.9,0.21,0.24,12.1,0.044,53.0,165.0,0.9969,3.25,0.39,9.5,5,white,6.35,28.095,0.3212,medium,medium,0,12.138,0.00463,0
7.2,0.34,0.44,4.2,0.047,51.0,144.0,0.991,3.01,0.76,12.3,6,white,7.98,21.176,0.3542,off_dry,very_high,1,4.238,0.00382,0
6.7,0.21,0.42,9.1,0.049,31.0,150.0,0.9953,3.12,0.74,9.9,7,white,7.33,31.905,0.2067,medium,medium,0,9.143,0.00495,1
5.9,0.37,0.1,1.6,0.057,39.0,128.0,0.9924,3.24,0.48,10.1,5,white,6.37,15.946,0.3047,off_dry,medium,0,1.612,0.00564,0
7.7,0.34,0.27,8.8,0.063,39.0,184.0,0.9969,3.09,0.63,9.2,6,white,8.31,22.647,0.212,medium,medium,0,8.827,0.00685,0
7.4,0.3,0.22,1.4,0.046,16.0,135.0,0.9928,3.08,0.77,10.4,7,white,7.92,24.667,0.1185,off_dry,medium,0,1.41,0.00442,1
6.8,0.51,0.3,4.2,0.066,38.0,165.0,0.9945,3.2,0.42,9.1,5,white,7.61,13.333,0.2303,off_dry,medium,0,4.223,0.00725,0
7.8,0.22,0.38,10.3,0.059,28.0,99.0,0.9967,3.12,0.47,10.0,6,white,8.4,35.454,0.2828,medium,medium,0,10.334,0.0059,0
7.2,0.35,0.34,12.4,0.051,6.0,37.0,0.9944,3.13,0.39,11.5,6,white,7.89,20.571,0.1622,medium,high,0,12.47,0.00443,0
6.0,0.26,0.5,2.2,0.048,59.0,153.0,0.9928,3.08,0.61,9.8,5,white,6.76,23.077,0.3856,off_dry,medium,0,2.216,0.0049,0
6.1,0.26,0.51,2.2,0.05,61.0,154.0,0.9929,3.08,0.6,9.8,6,white,6.87,23.461,0.3961,off_dry,medium,0,2.216,0.0051,0
6.5,0.28,0.27,5.2,0.04,44.0,179.0,0.9948,3.19,0.69,9.4,6,white,7.05,23.214,0.2458,medium,medium,0,5.227,0.00426,0
7.4,0.41,0.6400000000000001,10.8,0.051,77.0,194.0,0.9976,3.05,0.46,8.7,5,white,8.45,18.049,0.3969,medium,low,0,10.826,0.00586,0
6.5,0.28,0.29,2.7,0.038,26.0,107.0,0.9912,3.32,0.41,11.6,7,white,7.07,23.214,0.243,off_dry,high,0,2.724,0.00328,1
6.7,0.34,0.54,16.05,0.047,44.0,181.0,0.9987,3.04,0.56,8.8,5,white,7.58,19.706,0.2431,medium,low,0,16.071,0.00534,0
7.2,0.2,0.34,2.7,0.032,49.0,151.0,0.99,3.16,0.39,12.7,7,white,7.74,36.0,0.3245,off_dry,very_high,1,2.727,0.00252,1
7.4,0.2,0.33,1.9,0.035,39.0,138.0,0.991,3.17,0.44,11.7,7,white,7.93,37.0,0.2826,off_dry,high,0,1.917,0.00299,1
8.2,0.22,0.3,1.8,0.047,47.0,185.0,0.9933,3.13,0.5,10.2,6,white,8.72,37.273,0.2541,off_dry,medium,0,1.812,0.00461,0
8.2,0.23,0.29,1.8,0.047,47.0,187.0,0.9933,3.13,0.5,10.2,6,white,8.72,35.652,0.2513,off_dry,medium,0,1.812,0.00461,0
7.1,0.22,0.33,2.8,0.033,48.0,153.0,0.9899,3.15,0.38,12.7,7,white,7.65,32.273,0.3137,off_dry,very_high,1,2.829,0.0026,1
6.0,0.38,0.26,6.0,0.034,42.0,134.0,0.9912,3.38,0.38,12.3,7,white,6.64,15.789,0.3134,medium,very_high,1,6.053,0.00276,1
5.7,0.18,0.22,4.2,0.042,25.0,111.0,0.994,3.35,0.39,9.4,5,white,6.1,31.666,0.2252,off_dry,medium,0,4.225,0.00447,0
7.3,0.3,0.22,6.4,0.056,44.0,168.0,0.9947,3.13,0.35,10.1,6,white,7.82,24.333,0.2619,medium,medium,0,6.434,0.00554,0
7.4,0.24,0.22,10.7,0.042,26.0,81.0,0.9954,2.86,0.36,9.7,6,white,7.86,30.833,0.321,medium,medium,0,10.749,0.00433,0
6.6,0.25,0.3,1.6,0.046,32.0,134.0,0.993,3.42,0.51,10.1,7,white,7.15,26.4,0.2388,off_dry,medium,0,1.611,0.00455,1
7.4,0.26,0.3,7.9,0.049,38.0,157.0,0.9963,3.13,0.48,8.9,6,white,7.96,28.461,0.242,medium,low,0,7.929,0.00551,0
6.1,0.32,0.25,1.7,0.034,37.0,136.0,0.992,3.47,0.5,10.8,7,white,6.67,19.062,0.2721,off_dry,high,0,1.714,0.00315,1
6.9,0.28,0.27,2.1,0.036,42.0,121.0,0.9926,3.42,0.49,10.8,7,white,7.45,24.643,0.3471,off_dry,high,0,2.116,0.00333,1
7.0,0.23,0.33,5.8,0.04,25.0,136.0,0.995,3.19,0.58,9.5,6,white,7.56,30.435,0.1838,medium,medium,0,5.829,0.00421,0
7.1,0.31,0.5,14.5,0.059,6.0,148.0,0.9983,2.94,0.44,9.1,5,white,7.91,22.903,0.0405,medium,medium,0,14.525,0.00648,0
7.3,0.2,0.37,1.2,0.037,48.0,119.0,0.992,3.32,0.49,10.9,6,white,7.87,36.5,0.4034,off_dry,high,0,1.21,0.00339,0
6.9,0.41,0.33,10.1,0.043,28.0,152.0,0.9968,3.2,0.52,9.4,5,white,7.64,16.829,0.1842,medium,medium,0,10.132,0.00457,0
6.4,0.45,0.07,1.1,0.03,10.0,131.0,0.9905,2.97,0.28,10.8,5,white,6.92,14.222,0.0763,off_dry,high,0,1.111,0.00278,0
6.4,0.475,0.06,1.0,0.03,9.0,131.0,0.9904,2.97,0.29,10.8,5,white,6.935,13.474,0.0687,dry,high,0,1.01,0.00278,0
6.3,0.27,0.38,0.9,0.051,7.0,140.0,0.9926,3.45,0.5,10.5,7,white,6.95,23.333,0.05,dry,medium,0,0.907,0.00486,1
7.0,0.29,0.37,4.9,0.034,26.0,127.0,0.9928,3.17,0.44,10.8,6,white,7.66,24.138,0.2047,off_dry,high,0,4.936,0.00315,0
5.9,0.27,0.29,11.4,0.036,31.0,115.0,0.9949,3.35,0.48,10.5,8,white,6.46,21.852,0.2696,medium,medium,0,11.458,0.00343,1
6.9,0.19,0.4,1.4,0.036,14.0,55.0,0.9909,3.08,0.68,11.5,7,white,7.49,36.316,0.2545,off_dry,high,0,1.413,0.00313,1
6.7,0.3,0.35,1.4,0.10800000000000001,36.0,160.0,0.9937,3.11,0.54,9.4,6,white,7.35,22.333,0.225,off_dry,medium,0,1.409,0.01149,0
7.2,0.24,0.4,1.4,0.045,31.0,106.0,0.9914,2.88,0.38,10.8,6,white,7.84,30.0,0.2925,off_dry,high,0,1.412,0.00417,0
6.3,0.26,0.49,1.5,0.052,34.0,134.0,0.9924,2.99,0.61,9.8,6,white,7.05,24.231,0.2537,off_dry,medium,0,1.511,0.00531,0
7.3,0.25,0.29,7.5,0.049,38.0,158.0,0.9965,3.43,0.38,9.6,5,white,7.84,29.2,0.2405,medium,medium,0,7.526,0.0051,0
6.1,0.28,0.25,16.05,0.044,48.0,161.0,0.9993,3.34,0.48,9.5,5,white,6.63,21.786,0.2981,medium,medium,0,16.061,0.00463,0
7.4,0.37,0.35,5.7,0.061,12.0,94.0,0.9965,3.48,0.69,10.7,6,white,8.12,20.0,0.1277,medium,high,0,5.72,0.0057,0
6.5,0.36,0.28,3.2,0.037,29.0,119.0,0.9908,3.25,0.65,12.4,8,white,7.14,18.056,0.2437,off_dry,very_high,1,3.23,0.00298,1
7.4,0.24,0.4,4.3,0.032,9.0,95.0,0.992,3.09,0.39,11.1,6,white,8.04,30.833,0.0947,off_dry,high,0,4.335,0.00288,0
7.5,0.23,0.6400000000000001,11.0,0.047,37.0,133.0,0.9978,2.99,0.38,8.8,5,white,8.37,32.609,0.2782,medium,low,0,11.024,0.00534,0
7.5,0.21,0.6400000000000001,10.9,0.045,38.0,133.0,0.9978,3.0,0.36,8.7,5,white,8.35,35.714,0.2857,medium,low,0,10.924,0.00517,0
7.8,0.32,0.33,2.4,0.037,18.0,101.0,0.9912,3.21,0.65,11.7,7,white,8.45,24.375,0.1782,off_dry,high,0,2.421,0.00316,1
7.8,0.26,0.27,1.9,0.051,52.0,195.0,0.9928,3.23,0.5,10.9,6,white,8.33,30.0,0.2667,off_dry,high,0,1.914,0.00468,0
7.7,0.24,0.27,1.8,0.051,52.0,190.0,0.9928,3.23,0.5,10.8,6,white,8.21,32.083,0.2737,off_dry,high,0,1.813,0.00472,0
7.4,0.19,0.3,1.4,0.057,33.0,135.0,0.993,3.12,0.5,9.6,6,white,7.89,38.947,0.2444,off_dry,medium,0,1.41,0.00594,0
6.5,0.46,0.41,16.05,0.084,59.0,222.0,0.9993,3.18,0.58,9.0,5,white,7.37,14.13,0.2658,medium,low,0,16.061,0.00933,0
6.5,0.26,0.43,8.9,0.083,50.0,171.0,0.9965,2.85,0.5,9.0,5,white,7.19,25.0,0.2924,medium,low,0,8.931,0.00922,0
5.3,0.32,0.12,6.6,0.043,22.0,141.0,0.9937,3.36,0.6,10.4,6,white,5.74,16.562,0.156,medium,medium,0,6.642,0.00413,0
7.2,0.24,0.34,1.1,0.045,3.0,64.0,0.9913,3.23,0.51,11.4,5,white,7.78,30.0,0.0469,off_dry,high,0,1.11,0.00395,0
6.0,0.36,0.06,1.4,0.066,27.0,128.0,0.9934,3.26,0.55,9.3,5,white,6.42,16.667,0.2109,off_dry,medium,0,1.409,0.0071,0
6.2,0.24,0.29,13.3,0.039,49.0,130.0,0.9952,3.33,0.46,11.0,8,white,6.73,25.833,0.3769,medium,high,0,13.364,0.00355,1
7.6,0.56,0.12,10.4,0.096,22.0,177.0,0.9983,3.32,0.45,9.1,4,white,8.28,13.571,0.1243,medium,medium,0,10.418,0.01055,0
7.0,0.32,0.24,6.2,0.048,31.0,228.0,0.9957,3.23,0.62,9.4,6,white,7.56,21.875,0.136,medium,medium,0,6.227,0.00511,0
5.8,0.31,0.33,1.2,0.036,23.0,99.0,0.9916,3.18,0.6,10.5,6,white,6.44,18.71,0.2323,off_dry,medium,0,1.21,0.00343,0
7.0,0.23,0.42,16.05,0.05,35.0,144.0,0.9999,3.22,0.42,8.8,5,white,7.65,30.435,0.2431,medium,low,0,16.052,0.00568,0
6.9,0.24,0.33,4.8,0.04,16.0,131.0,0.9936,3.26,0.64,10.7,6,white,7.47,28.75,0.1221,off_dry,high,0,4.831,0.00374,0
6.0,0.29,0.2,12.6,0.045,45.0,187.0,0.9972,3.33,0.42,9.5,5,white,6.49,20.69,0.2406,medium,medium,0,12.635,0.00474,0
6.1,0.17,0.28,4.5,0.033,46.0,150.0,0.9933,3.43,0.49,10.9,6,white,6.55,35.882,0.3067,off_dry,high,0,4.53,0.00303,0
5.9,0.14,0.25,4.5,0.027,34.0,140.0,0.9934,3.49,0.51,10.8,6,white,6.29,42.143,0.2429,off_dry,high,0,4.53,0.0025,0
6.2,0.17,0.28,4.7,0.037,39.0,133.0,0.9931,3.41,0.46,10.8,7,white,6.65,36.47,0.2932,off_dry,high,0,4.733,0.00343,1
7.4,0.28,0.25,11.9,0.053,25.0,148.0,0.9976,3.1,0.62,9.2,5,white,7.93,26.428,0.1689,medium,medium,0,11.929,0.00576,0
5.6,0.35,0.14,5.0,0.046,48.0,198.0,0.9937,3.3,0.71,10.3,5,white,6.09,16.0,0.2424,off_dry,medium,0,5.032,0.00447,0
5.8,0.335,0.14,5.8,0.046,49.0,197.0,0.9937,3.3,0.71,10.3,5,white,6.275,17.313,0.2487,medium,medium,0,5.837,0.00447,0
5.6,0.235,0.29,1.2,0.047,33.0,127.0,0.991,3.34,0.5,11.0,7,white,6.125,23.83,0.2598,off_dry,high,0,1.211,0.00427,1
6.1,0.28,0.25,12.9,0.054,34.0,189.0,0.9979,3.25,0.43,9.0,4,white,6.63,21.786,0.1799,medium,low,0,12.927,0.006,0
6.3,0.21,0.33,13.9,0.046,68.0,179.0,0.9971,3.36,0.5,10.4,6,white,6.84,30.0,0.3799,medium,medium,0,13.94,0.00442,0
6.4,0.24,0.28,11.5,0.05,34.0,163.0,0.9969,3.31,0.45,9.5,5,white,6.92,26.667,0.2086,medium,medium,0,11.536,0.00526,0
6.4,0.24,0.29,11.4,0.051,32.0,166.0,0.9968,3.31,0.45,9.5,5,white,6.93,26.667,0.1928,medium,medium,0,11.437,0.00537,0
6.3,0.26,0.25,7.8,0.058,44.0,166.0,0.9961,3.24,0.41,9.0,5,white,6.81,24.231,0.2651,medium,low,0,7.831,0.00644,0
6.5,0.33,0.6400000000000001,1.1,0.061,7.0,151.0,0.993,3.09,0.57,9.5,4,white,7.47,19.697,0.0464,off_dry,medium,0,1.108,0.00642,0
7.4,0.105,0.34,12.2,0.05,57.0,146.0,0.9973,3.16,0.37,9.0,6,white,7.845,70.476,0.3904,medium,low,0,12.233,0.00556,0
6.0,0.32,0.12,5.9,0.041,34.0,190.0,0.9944,3.16,0.72,10.0,5,white,6.44,18.75,0.1789,medium,medium,0,5.933,0.0041,0
7.1,0.26,0.34,14.4,0.067,35.0,189.0,0.9986,3.07,0.53,9.1,7,white,7.7,27.308,0.1852,medium,medium,0,14.42,0.00736,1
5.9,0.24,0.26,12.3,0.053,34.0,134.0,0.9972,3.34,0.45,9.5,6,white,6.4,24.583,0.2537,medium,medium,0,12.335,0.00558,0
6.5,0.21,0.37,2.5,0.048,70.0,138.0,0.9917,3.33,0.75,11.4,7,white,7.08,30.952,0.5072,off_dry,high,0,2.521,0.00421,1
7.7,0.27,0.35,5.3,0.03,30.0,117.0,0.992,3.11,0.42,12.2,6,white,8.32,28.518,0.2564,medium,very_high,1,5.343,0.00246,0
9.0,0.27,0.35,4.9,0.028,27.0,95.0,0.9932,3.04,0.4,11.3,6,white,9.62,33.333,0.2842,off_dry,high,0,4.934,0.00248,0
7.3,0.34,0.21,3.2,0.05,14.0,136.0,0.9936,3.25,0.44,10.2,5,white,7.85,21.471,0.1029,off_dry,medium,0,3.221,0.0049,0
6.6,0.27,0.25,3.1,0.052,41.0,188.0,0.9915,3.24,0.4,11.3,5,white,7.12,24.444,0.2181,off_dry,high,0,3.127,0.0046,0
6.8,0.29,0.16,1.4,0.038,78.5,234.5,0.9922,3.15,0.47,10.0,4,white,7.25,23.448,0.3348,off_dry,medium,0,1.411,0.0038,0
7.1,0.28,0.26,1.9,0.049,12.0,86.0,0.9934,3.15,0.38,9.4,5,white,7.64,25.357,0.1395,off_dry,medium,0,1.913,0.00521,0
6.8,0.25,0.34,14.0,0.032,47.0,133.0,0.9952,3.37,0.5,12.2,7,white,7.39,27.2,0.3534,medium,very_high,1,14.068,0.00262,1
7.0,0.57,0.1,8.3,0.094,23.0,188.0,0.9972,3.4,0.47,9.2,4,white,7.67,12.281,0.1223,medium,medium,0,8.323,0.01022,0
7.1,0.17,0.38,7.4,0.052,49.0,182.0,0.9958,3.35,0.52,9.6,6,white,7.65,41.764,0.2692,medium,medium,0,7.431,0.00542,0
7.8,0.28,0.22,1.4,0.056,24.0,130.0,0.9944,3.28,0.48,9.5,5,white,8.3,27.857,0.1846,off_dry,medium,0,1.408,0.00589,0
6.8,0.22,0.37,1.7,0.036,38.0,195.0,0.9908,3.35,0.72,12.5,6,white,7.39,30.909,0.1949,off_dry,very_high,1,1.716,0.00288,0
6.1,0.14,0.25,1.3,0.047,37.0,173.0,0.9925,3.35,0.46,10.0,6,white,6.49,43.571,0.2139,off_dry,medium,0,1.31,0.0047,0
6.4,0.24,0.5,11.6,0.047,60.0,211.0,0.9966,3.18,0.57,9.3,5,white,7.14,26.667,0.2844,medium,medium,0,11.64,0.00505,0
7.8,0.42,0.26,9.2,0.058,34.0,199.0,0.9972,3.14,0.55,9.3,6,white,8.48,18.571,0.1709,medium,medium,0,9.226,0.00624,0
6.6,0.28,0.36,1.7,0.038,22.0,101.0,0.9912,3.29,0.57,11.6,6,white,7.24,23.571,0.2178,off_dry,high,0,1.715,0.00328,0
7.1,0.32,0.34,14.5,0.039,46.0,150.0,0.995,3.38,0.5,12.5,8,white,7.76,22.187,0.3067,medium,very_high,1,14.573,0.00312,1
6.7,0.31,0.3,2.1,0.038,18.0,130.0,0.9928,3.36,0.63,10.6,6,white,7.31,21.613,0.1385,off_dry,high,0,2.115,0.00358,0
6.4,0.32,0.5,10.7,0.047,57.0,206.0,0.9968,3.08,0.6,9.4,5,white,7.22,20.0,0.2767,medium,medium,0,10.734,0.005,0
6.1,0.28,0.25,6.9,0.056,44.0,201.0,0.9955,3.19,0.4,9.1,6,white,6.63,21.786,0.2189,medium,medium,0,6.931,0.00615,0
5.9,0.29,0.25,12.0,0.057,48.0,224.0,0.9981,3.23,0.41,9.0,6,white,6.44,20.345,0.2143,medium,low,0,12.023,0.00633,0
5.8,0.32,0.38,4.75,0.033,23.0,94.0,0.991,3.42,0.42,11.8,7,white,6.5,18.125,0.2447,off_dry,high,0,4.793,0.0028,1
5.7,0.32,0.38,4.75,0.033,23.0,94.0,0.991,3.42,0.42,11.8,7,white,6.4,17.812,0.2447,off_dry,high,0,4.793,0.0028,1
6.7,0.28,0.14,1.4,0.043,64.0,159.0,0.992,3.17,0.39,10.0,5,white,7.12,23.928,0.4025,off_dry,medium,0,1.411,0.0043,0
6.8,0.34,0.6400000000000001,1.3,0.058,12.0,171.0,0.9931,3.06,0.47,9.7,5,white,7.78,20.0,0.0702,off_dry,medium,0,1.309,0.00598,0
5.9,0.25,0.25,11.3,0.052,30.0,165.0,0.997,3.24,0.44,9.5,6,white,6.4,23.6,0.1818,medium,medium,0,11.334,0.00547,0
6.4,0.27,0.32,4.5,0.10800000000000001,61.0,174.0,0.9948,3.12,0.48,9.4,5,white,6.99,23.704,0.3506,off_dry,medium,0,4.524,0.01149,0
8.1,0.46,0.31,1.7,0.052,50.0,183.0,0.9923,3.03,0.42,11.2,5,white,8.87,17.609,0.2732,off_dry,high,0,1.713,0.00464,0
6.2,0.36,0.26,13.2,0.051,54.0,201.0,0.9976,3.25,0.46,9.0,5,white,6.82,17.222,0.2687,medium,low,0,13.232,0.00567,0
6.8,0.22,0.35,5.5,0.043,21.0,114.0,0.9938,3.3,0.53,10.7,7,white,7.37,30.909,0.1842,medium,high,0,5.534,0.00402,1
6.8,0.67,0.3,13.0,0.10800000000000001,22.0,193.0,0.9984,3.08,0.67,9.0,4,white,7.77,10.149,0.114,medium,low,0,13.021,0.012,0
7.2,0.28,0.3,10.7,0.044,61.0,222.0,0.9972,3.14,0.5,9.1,6,white,7.78,25.714,0.2748,medium,medium,0,10.73,0.00484,0
6.7,0.17,0.37,2.0,0.039,34.0,125.0,0.9922,3.26,0.6,10.8,7,white,7.24,39.412,0.272,off_dry,high,0,2.016,0.00361,1
6.9,0.2,0.34,1.9,0.043,25.0,136.0,0.9935,3.31,0.6,10.1,4,white,7.44,34.5,0.1838,off_dry,medium,0,1.912,0.00426,0
6.1,0.36,0.16,6.4,0.037,36.0,198.0,0.9944,3.17,0.62,9.9,6,white,6.62,16.944,0.1818,medium,medium,0,6.436,0.00374,0
6.0,0.36,0.16,6.3,0.036,36.0,191.0,0.9942,3.17,0.62,9.8,5,white,6.52,16.667,0.1885,medium,medium,0,6.337,0.00367,0
5.9,0.37,0.14,6.3,0.036,34.0,185.0,0.9944,3.17,0.63,9.8,5,white,6.41,15.946,0.1838,medium,medium,0,6.335,0.00367,0
7.6,0.29,0.58,16.05,0.041,51.0,225.0,0.9997,3.16,0.66,9.5,6,white,8.47,26.207,0.2267,medium,medium,0,16.055,0.00432,0
6.3,0.34,0.28,14.7,0.047,49.0,198.0,0.9977,3.23,0.46,9.5,5,white,6.92,18.529,0.2475,medium,medium,0,14.734,0.00495,0
6.7,0.19,0.34,1.0,0.022,22.0,94.0,0.9912,3.23,0.57,11.1,6,white,7.23,35.263,0.234,dry,high,0,1.009,0.00198,0
7.5,0.31,0.51,14.8,0.039,62.0,204.0,0.9982,3.06,0.6,9.5,5,white,8.32,24.193,0.3039,medium,medium,0,14.827,0.00411,0
7.4,0.31,0.48,14.2,0.042,62.0,204.0,0.9983,3.06,0.59,9.4,5,white,8.19,23.871,0.3039,medium,medium,0,14.224,0.00447,0
8.4,0.4,0.6400000000000001,13.1,0.042,29.0,197.0,0.998,3.06,0.64,9.7,5,white,9.44,21.0,0.1472,medium,medium,0,13.126,0.00433,0
5.9,0.34,0.22,2.4,0.03,19.0,135.0,0.9894,3.41,0.78,13.9,7,white,6.46,17.353,0.1407,off_dry,very_high,1,2.426,0.00216,1
6.6,0.38,0.18,1.2,0.042,20.0,84.0,0.9927,3.22,0.45,10.1,4,white,7.16,17.368,0.2381,off_dry,medium,0,1.209,0.00416,0
6.4,0.33,0.28,1.1,0.038,30.0,110.0,0.9917,3.12,0.42,10.5,6,white,7.01,19.394,0.2727,off_dry,medium,0,1.109,0.00362,0
5.6,0.25,0.26,3.6,0.037,18.0,115.0,0.9904,3.42,0.5,12.6,6,white,6.11,22.4,0.1565,off_dry,very_high,1,3.635,0.00294,0
8.6,0.27,0.46,6.1,0.032,13.0,41.0,0.993,2.89,0.34,10.9,5,white,9.33,31.852,0.3171,medium,high,0,6.143,0.00294,0
6.2,0.31,0.21,6.3,0.041,50.0,218.0,0.9941,3.15,0.6,10.0,5,white,6.72,20.0,0.2294,medium,medium,0,6.337,0.0041,0
7.2,0.18,0.45,4.4,0.046,57.0,166.0,0.9943,3.13,0.62,11.2,6,white,7.83,40.0,0.3434,off_dry,high,0,4.425,0.00411,0
7.7,0.2,0.44,13.9,0.05,44.0,130.0,0.99855,3.11,0.48,10.0,6,white,8.34,38.5,0.3385,medium,medium,0,13.92,0.005,0
6.2,0.47,0.21,1.0,0.044,13.0,98.0,0.99345,3.14,0.46,9.2,5,white,6.88,13.191,0.1327,dry,medium,0,1.007,0.00478,0
6.1,0.25,0.24,12.1,0.046,51.0,172.0,0.998,3.35,0.45,9.5,5,white,6.59,24.4,0.2965,medium,medium,0,12.124,0.00484,0
8.2,0.27,0.43,1.6,0.035,31.0,128.0,0.9916,3.1,0.5,12.3,6,white,8.9,30.37,0.2422,off_dry,very_high,1,1.614,0.00285,0
6.4,0.31,0.39,7.5,0.04,57.0,213.0,0.99475,3.32,0.43,10.0,5,white,7.1,20.645,0.2676,medium,medium,0,7.54,0.004,0
6.0,0.39,0.26,2.7,0.038,39.0,187.0,0.99325,3.41,0.5,10.8,6,white,6.65,15.385,0.2086,off_dry,high,0,2.718,0.00352,0
6.2,0.21,0.27,1.7,0.038,41.0,150.0,0.9933,3.49,0.71,10.5,7,white,6.68,29.524,0.2733,off_dry,medium,0,1.711,0.00362,1
7.7,0.42,0.31,9.2,0.048,22.0,221.0,0.9969,3.06,0.61,9.2,6,white,8.43,18.333,0.0995,medium,medium,0,9.229,0.00522,0
7.0,0.27,0.41,16.05,0.042,34.0,157.0,1.0002,2.96,0.5,9.1,5,white,7.68,25.926,0.2166,medium,medium,0,16.047,0.00462,0
7.4,0.29,0.5,1.8,0.042,35.0,127.0,0.9937,3.45,0.5,10.2,7,white,8.19,25.517,0.2756,off_dry,medium,0,1.811,0.00412,1
6.6,0.29,0.44,9.0,0.053,62.0,178.0,0.99685,3.02,0.45,8.9,5,white,7.33,22.759,0.3483,medium,low,0,9.028,0.00596,0
6.0,0.3,0.44,1.5,0.046,15.0,182.0,0.99455,3.5,0.52,10.4,5,white,6.74,20.0,0.0824,off_dry,medium,0,1.508,0.00442,0
6.9,0.31,0.34,1.6,0.032,23.0,128.0,0.9917,3.37,0.47,11.7,6,white,7.55,22.258,0.1797,off_dry,high,0,1.613,0.00274,0
6.6,0.33,0.31,1.3,0.02,29.0,89.0,0.99035,3.26,0.44,12.4,8,white,7.24,20.0,0.3258,off_dry,very_high,1,1.313,0.00161,1
7.8,0.3,0.4,1.8,0.028,23.0,122.0,0.9914,3.14,0.39,10.9,7,white,8.5,26.0,0.1885,off_dry,high,0,1.816,0.00257,1
6.4,0.39,0.21,1.2,0.041,35.0,136.0,0.99225,3.15,0.46,10.2,5,white,7.0,16.41,0.2574,off_dry,medium,0,1.209,0.00402,0
6.4,0.24,0.31,2.8,0.038,41.0,114.0,0.99155,3.37,0.66,11.7,7,white,6.95,26.667,0.3596,off_dry,high,0,2.824,0.00325,1
7.0,0.21,0.34,8.0,0.057,19.0,101.0,0.9954,2.99,0.59,9.4,5,white,7.55,33.333,0.1881,medium,medium,0,8.037,0.00606,0
6.4,0.16,0.31,5.3,0.043,42.0,157.0,0.99455,3.35,0.47,10.5,5,white,6.87,40.0,0.2675,medium,medium,0,5.329,0.0041,0
6.0,0.33,0.27,0.8,0.10800000000000001,12.0,188.0,0.9924,3.12,0.62,9.4,5,white,6.6,18.182,0.0638,dry,medium,0,0.806,0.01149,0
6.5,0.23,0.33,13.8,0.042,25.0,139.0,0.99695,3.35,0.56,10.4,6,white,7.06,28.261,0.1799,medium,medium,0,13.842,0.00404,0
6.2,0.25,0.48,10.0,0.044,78.0,240.0,0.99655,3.25,0.47,9.5,6,white,6.93,24.8,0.325,medium,medium,0,10.035,0.00463,0
8.8,0.28,0.45,6.0,0.022,14.0,49.0,0.9934,3.01,0.33,11.1,7,white,9.53,31.428,0.2857,medium,high,0,6.04,0.00198,1
6.6,0.25,0.3,14.4,0.052,40.0,183.0,0.998,3.02,0.5,9.1,6,white,7.15,26.4,0.2186,medium,medium,0,14.429,0.00571,0
6.9,0.38,0.25,9.8,0.04,28.0,191.0,0.9971,3.28,0.61,9.2,5,white,7.53,18.158,0.1466,medium,medium,0,9.829,0.00435,0
6.4,0.25,0.3,5.5,0.038,15.0,129.0,0.9948,3.14,0.49,9.6,6,white,6.95,25.6,0.1163,medium,medium,0,5.529,0.00396,0
7.1,0.21,0.31,3.8,0.021,40.0,142.0,0.99215,3.17,0.39,10.8,7,white,7.62,33.809,0.2817,off_dry,high,0,3.83,0.00194,1
6.9,0.39,0.4,4.6,0.022,5.0,19.0,0.9915,3.31,0.37,12.6,3,white,7.69,17.692,0.2632,off_dry,very_high,1,4.639,0.00175,0
5.8,0.2,0.3,1.5,0.031,21.0,57.0,0.99115,3.44,0.55,11.0,6,white,6.3,29.0,0.3684,off_dry,high,0,1.513,0.00282,0
7.0,0.2,0.37,2.0,0.03,26.0,136.0,0.9932,3.28,0.61,10.2,6,white,7.57,35.0,0.1912,off_dry,medium,0,2.014,0.00294,0
5.9,0.26,0.25,12.5,0.034,38.0,152.0,0.9977,3.33,0.43,9.4,5,white,6.41,22.692,0.25,medium,medium,0,12.529,0.00362,0
7.4,0.38,0.27,7.5,0.041,24.0,160.0,0.99535,3.17,0.43,10.0,5,white,8.05,19.474,0.15,medium,medium,0,7.535,0.0041,0
7.4,0.2,0.6400000000000001,2.1,0.022,34.0,113.0,0.99165,3.26,0.55,12.2,6,white,8.24,37.0,0.3009,off_dry,very_high,1,2.118,0.0018,0
7.0,0.21,0.34,8.5,0.033,31.0,253.0,0.9953,3.22,0.56,10.5,6,white,7.55,33.333,0.1225,medium,medium,0,8.54,0.00314,0
7.2,0.29,0.4,7.6,0.024,56.0,177.0,0.9928,3.04,0.32,11.5,6,white,7.89,24.828,0.3164,medium,high,0,7.655,0.00209,0
6.9,0.18,0.38,8.1,0.049,44.0,176.0,0.9958,3.3,0.54,9.8,6,white,7.46,38.333,0.25,medium,medium,0,8.134,0.005,0
7.3,0.3,0.42,7.35,0.025,51.0,175.0,0.9928,3.04,0.32,11.4,6,white,8.02,24.333,0.2914,medium,high,0,7.403,0.00219,0
6.9,0.2,0.5,10.0,0.036,78.0,167.0,0.9964,3.15,0.55,10.2,6,white,7.6,34.5,0.4671,medium,medium,0,10.036,0.00353,0
6.7,0.2,0.42,14.0,0.038,78.5,160.0,0.9987,3.16,0.5,9.4,6,white,7.32,33.5,0.4906,medium,medium,0,14.018,0.00404,0
5.9,0.35,0.47,2.2,0.10800000000000001,14.0,138.0,0.9932,3.09,0.5,9.1,5,white,6.72,16.857,0.1014,off_dry,medium,0,2.215,0.01187,0
7.1,0.28,0.44,1.8,0.032,32.0,107.0,0.9907,3.25,0.48,12.2,7,white,7.82,25.357,0.2991,off_dry,very_high,1,1.817,0.00262,1
5.8,0.25,0.28,11.1,0.056,45.0,175.0,0.99755,3.42,0.43,9.5,5,white,6.33,23.2,0.2571,medium,medium,0,11.127,0.00589,0
6.8,0.22,0.37,15.2,0.051,68.0,178.0,0.99935,3.4,0.85,9.3,6,white,7.39,30.909,0.382,medium,medium,0,15.21,0.00548,0
7.1,0.14,0.4,1.2,0.051,55.0,136.0,0.9932,3.3,0.855,9.8,7,white,7.64,50.714,0.4044,off_dry,medium,0,1.208,0.0052,1
7.1,0.13,0.4,1.2,0.047,54.0,134.0,0.9932,3.3,0.855,9.8,7,white,7.63,54.615,0.403,off_dry,medium,0,1.208,0.0048,1
7.0,0.2,0.38,8.1,0.05,42.0,173.0,0.99585,3.3,0.54,9.8,6,white,7.58,35.0,0.2428,medium,medium,0,8.134,0.0051,0
6.8,0.24,0.49,16.05,0.057,55.0,247.0,1.00055,3.0,0.56,8.7,5,white,7.53,28.333,0.2227,medium,low,0,16.041,0.00655,0
5.0,0.44,0.04,16.05,0.039,38.0,128.0,0.9985,3.37,0.57,10.2,6,white,5.48,11.364,0.2969,medium,medium,0,16.074,0.00382,0
6.3,0.3,0.28,5.0,0.042,36.0,168.0,0.99505,3.22,0.69,9.5,6,white,6.88,21.0,0.2143,off_dry,medium,0,5.025,0.00442,0
7.2,0.27,0.42,1.6,0.05,35.0,135.0,0.992,2.94,0.46,11.0,6,white,7.89,26.667,0.2593,off_dry,high,0,1.613,0.00455,0
6.7,0.5,0.63,13.4,0.078,78.5,238.0,0.9988,3.08,0.44,9.2,5,white,7.83,13.4,0.3298,medium,medium,0,13.416,0.00848,0
6.8,0.2,0.36,1.6,0.028,7.0,46.0,0.99175,3.21,0.6,10.9,6,white,7.36,34.0,0.1522,off_dry,high,0,1.613,0.00257,0
6.7,0.11,0.34,8.8,0.043,41.0,113.0,0.9962,3.42,0.4,9.3,7,white,7.15,60.909,0.3628,medium,medium,0,8.834,0.00462,1
6.8,0.12,0.31,5.2,0.045,29.0,120.0,0.9942,3.41,0.46,9.8,7,white,7.23,56.666,0.2417,medium,medium,0,5.23,0.00459,1
6.6,0.16,0.57,1.1,0.10800000000000001,58.0,140.0,0.9927,3.12,0.39,9.3,7,white,7.33,41.25,0.4143,off_dry,medium,0,1.108,0.01161,1
6.6,0.21,0.6,1.1,0.10800000000000001,61.0,144.0,0.9927,3.12,0.39,9.3,7,white,7.41,31.428,0.4236,off_dry,medium,0,1.108,0.01161,1
6.1,0.27,0.3,16.05,0.039,49.0,172.0,0.99985,3.4,0.45,9.4,5,white,6.67,22.593,0.2849,medium,medium,0,16.052,0.00415,0
9.1,0.27,0.45,10.6,0.035,28.0,124.0,0.997,3.2,0.46,10.4,9,white,9.82,33.704,0.2258,medium,medium,0,10.632,0.00337,1
6.4,0.225,0.48,2.2,0.10800000000000001,29.0,104.0,0.9918,3.24,0.58,12.1,6,white,7.105,28.444,0.2788,off_dry,very_high,1,2.218,0.00893,0
8.3,0.14,0.45,1.5,0.039,18.0,98.0,0.99215,3.02,0.56,11.0,6,white,8.89,59.285,0.1837,off_dry,high,0,1.512,0.00355,0
7.2,0.23,0.19,13.7,0.052,47.0,197.0,0.99865,3.12,0.53,9.0,5,white,7.62,31.304,0.2386,medium,low,0,13.719,0.00578,0
6.9,0.22,0.37,15.0,0.053,59.0,178.0,0.9992,3.37,0.82,9.5,7,white,7.49,31.363,0.3315,medium,medium,0,15.012,0.00558,1
8.1,0.17,0.44,14.1,0.053,43.0,145.0,1.0006,3.28,0.75,8.8,8,white,8.71,47.647,0.2966,medium,low,0,14.092,0.00602,1
6.0,0.395,0.0,1.4,0.042,7.0,55.0,0.99135,3.37,0.38,11.2,4,white,6.395,15.19,0.1273,off_dry,high,0,1.412,0.00375,0
7.8,0.29,0.22,9.5,0.056,44.0,213.0,0.99715,3.08,0.61,9.3,6,white,8.31,26.896,0.2066,medium,medium,0,9.527,0.00602,0
7.6,0.3,0.27,10.6,0.039,31.0,119.0,0.99815,3.27,0.3,9.3,6,white,8.17,25.333,0.2605,medium,medium,0,10.62,0.00419,0
7.7,0.34,0.28,11.0,0.04,31.0,117.0,0.99815,3.27,0.29,9.2,6,white,8.32,22.647,0.265,medium,medium,0,11.02,0.00435,0
5.8,0.34,0.16,7.0,0.037,26.0,116.0,0.9949,3.46,0.45,10.0,7,white,6.3,17.059,0.2241,medium,medium,0,7.036,0.0037,1
5.9,0.24,0.3,2.0,0.033,28.0,92.0,0.99225,3.39,0.69,10.9,7,white,6.44,24.583,0.3043,off_dry,high,0,2.016,0.00303,1
6.4,0.46,0.08,4.9,0.046,34.0,144.0,0.99445,3.1,0.56,10.0,5,white,6.94,13.913,0.2361,off_dry,medium,0,4.927,0.0046,0
7.4,0.32,0.27,1.4,0.049,38.0,173.0,0.99335,3.03,0.52,9.3,5,white,7.99,23.125,0.2197,off_dry,medium,0,1.409,0.00527,0
7.2,0.31,0.26,7.3,0.05,37.0,157.0,0.99625,3.09,0.43,9.0,5,white,7.77,23.226,0.2357,medium,low,0,7.327,0.00556,0
7.8,0.42,0.23,8.8,0.054,42.0,215.0,0.9971,3.02,0.58,9.2,6,white,8.45,18.571,0.1953,medium,medium,0,8.826,0.00587,0
6.9,0.24,0.33,12.5,0.046,47.0,153.0,0.9983,3.28,0.77,9.6,6,white,7.47,28.75,0.3072,medium,medium,0,12.521,0.00479,0
5.4,0.18,0.24,4.8,0.041,30.0,113.0,0.99445,3.42,0.4,9.4,6,white,5.82,30.0,0.2655,off_dry,medium,0,4.827,0.00436,0
6.0,0.18,0.31,1.4,0.036,14.0,75.0,0.99085,3.34,0.58,11.1,8,white,6.49,33.333,0.1867,off_dry,high,0,1.413,0.00324,1
7.8,0.27,0.58,11.2,0.036,44.0,161.0,0.9977,3.06,0.41,8.9,6,white,8.65,28.889,0.2733,medium,low,0,11.226,0.00404,0
6.0,0.28,0.49,6.8,0.048,61.0,222.0,0.9953,3.19,0.47,9.3,5,white,6.77,21.428,0.2748,medium,medium,0,6.832,0.00516,0
6.8,0.39,0.35,11.6,0.044,57.0,220.0,0.99775,3.07,0.53,9.3,5,white,7.54,17.436,0.2591,medium,medium,0,11.626,0.00473,0
6.6,0.21,0.31,11.4,0.039,46.0,165.0,0.99795,3.41,0.44,9.8,7,white,7.12,31.428,0.2788,medium,medium,0,11.423,0.00398,1
7.3,0.32,0.34,6.6,0.032,24.0,112.0,0.99505,3.22,0.46,9.8,6,white,7.96,22.812,0.2143,medium,medium,0,6.633,0.00327,0
6.4,0.31,0.26,13.2,0.046,57.0,205.0,0.9975,3.17,0.41,9.6,5,white,6.97,20.645,0.278,medium,medium,0,13.233,0.00479,0
6.2,0.29,0.26,13.1,0.046,55.0,204.0,0.99745,3.16,0.41,9.6,6,white,6.75,21.379,0.2696,medium,medium,0,13.133,0.00479,0
6.0,0.39,0.17,12.0,0.046,65.0,246.0,0.9976,3.15,0.38,9.0,6,white,6.56,15.385,0.2642,medium,low,0,12.029,0.00511,0
6.2,0.3,0.26,13.4,0.046,57.0,206.0,0.99775,3.17,0.43,9.5,6,white,6.76,20.667,0.2767,medium,medium,0,13.43,0.00484,0
6.0,0.41,0.05,1.5,0.063,17.0,120.0,0.9932,3.21,0.56,9.2,6,white,6.46,14.634,0.1417,off_dry,medium,0,1.51,0.00685,0
6.4,0.35,0.28,1.1,0.055,9.0,160.0,0.99405,3.42,0.5,9.1,7,white,7.03,18.286,0.0562,off_dry,medium,0,1.107,0.00604,1
6.5,0.26,0.32,16.05,0.045,44.0,166.0,1.0,3.38,0.46,9.5,6,white,7.08,25.0,0.2651,medium,medium,0,16.05,0.00474,0
7.9,0.35,0.24,15.6,0.072,44.0,229.0,0.99785,3.03,0.59,10.5,6,white,8.49,22.571,0.1921,medium,medium,0,15.634,0.00686,0
6.2,0.3,0.17,2.8,0.04,24.0,125.0,0.9939,3.01,0.46,9.0,5,white,6.67,20.667,0.192,off_dry,low,0,2.817,0.00444,0
8.4,0.18,0.42,5.1,0.036,7.0,77.0,0.9939,3.16,0.52,11.7,5,white,9.0,46.666,0.0909,medium,high,0,5.131,0.00308,0
6.6,0.56,0.22,8.9,0.034,27.0,133.0,0.99675,3.2,0.51,9.1,5,white,7.38,11.786,0.203,medium,medium,0,8.929,0.00374,0
6.6,0.36,0.29,1.6,0.021,24.0,85.0,0.98965,3.41,0.61,12.4,9,white,7.25,18.333,0.2824,off_dry,very_high,1,1.617,0.00169,1
7.3,0.655,0.2,10.2,0.071,28.0,212.0,0.9971,2.96,0.58,9.2,6,white,8.155,11.145,0.1321,medium,medium,0,10.23,0.00772,0
6.8,0.18,0.21,5.4,0.053,34.0,104.0,0.99445,3.3,0.43,9.4,5,white,7.19,37.778,0.3269,medium,medium,0,5.43,0.00564,0
6.7,0.19,0.23,6.2,0.047,36.0,117.0,0.9945,3.34,0.43,9.6,6,white,7.12,35.263,0.3077,medium,medium,0,6.234,0.0049,0
7.0,0.21,0.37,7.2,0.042,36.0,167.0,0.9958,3.26,0.56,9.8,6,white,7.58,33.333,0.2156,medium,medium,0,7.23,0.00429,0
6.8,0.25,0.38,8.1,0.046,24.0,155.0,0.9956,3.33,0.59,10.2,6,white,7.43,27.2,0.1548,medium,medium,0,8.136,0.00451,0
7.4,0.24,0.36,2.0,0.031,27.0,139.0,0.99055,3.28,0.48,12.5,9,white,8.0,30.833,0.1942,off_dry,very_high,1,2.019,0.00248,1
7.1,0.16,0.36,10.7,0.044,20.0,90.0,0.9959,3.16,0.44,10.9,7,white,7.62,44.375,0.2222,medium,high,0,10.744,0.00404,1
7.1,0.16,0.36,1.2,0.043,21.0,90.0,0.9925,3.16,0.42,11.0,7,white,7.62,44.375,0.2333,off_dry,high,0,1.209,0.00391,1
7.3,0.205,0.31,1.7,0.06,34.0,110.0,0.9963,3.66,0.69,10.5,6,white,7.815,35.61,0.3091,off_dry,medium,0,1.706,0.00571,0
7.4,0.17,0.4,5.5,0.037,34.0,161.0,0.9935,3.05,0.62,11.5,4,white,7.97,43.529,0.2112,medium,high,0,5.536,0.00322,0
7.3,0.3,0.34,2.7,0.044,34.0,108.0,0.99105,3.36,0.53,12.8,8,white,7.94,24.333,0.3148,off_dry,very_high,1,2.724,0.00344,1
6.9,0.25,0.34,1.3,0.035,27.0,82.0,0.99045,3.18,0.44,12.2,6,white,7.49,27.6,0.3293,off_dry,very_high,1,1.313,0.00287,0
7.5,0.42,0.34,4.3,0.04,34.0,108.0,0.99155,3.14,0.45,12.8,8,white,8.26,17.857,0.3148,off_dry,very_high,1,4.337,0.00312,1
7.3,0.25,0.36,2.1,0.034,30.0,177.0,0.99085,3.25,0.4,11.9,8,white,7.91,29.2,0.1695,off_dry,high,0,2.119,0.00286,1
7.5,0.34,0.35,6.0,0.034,12.0,126.0,0.9924,3.16,0.39,12.0,7,white,8.19,22.059,0.0952,medium,high,1,6.046,0.00283,1
7.6,0.33,0.35,6.3,0.036,12.0,126.0,0.9924,3.16,0.39,12.0,7,white,8.28,23.03,0.0952,medium,high,1,6.348,0.003,1
8.7,0.23,0.32,13.4,0.044,35.0,169.0,0.99975,3.12,0.47,8.8,7,white,9.25,37.826,0.2071,medium,low,0,13.403,0.005,1
6.9,0.19,0.35,1.7,0.036,33.0,101.0,0.99315,3.21,0.54,10.8,7,white,7.44,36.316,0.3267,off_dry,high,0,1.712,0.00333,1
7.3,0.21,0.29,1.6,0.034,29.0,118.0,0.9917,3.3,0.5,11.0,8,white,7.8,34.762,0.2458,off_dry,high,0,1.613,0.00309,1
6.6,0.22,0.37,15.4,0.035,62.0,153.0,0.99845,3.02,0.4,9.3,5,white,7.19,30.0,0.4052,medium,medium,0,15.424,0.00376,0
9.2,0.34,0.27,1.2,0.026,17.0,73.0,0.9921,3.08,0.39,10.8,5,white,9.81,27.059,0.2329,off_dry,high,0,1.21,0.00241,0
6.0,0.2,0.24,1.8,0.03,30.0,105.0,0.9909,3.31,0.47,11.5,6,white,6.44,30.0,0.2857,off_dry,high,0,1.817,0.00261,0
8.2,0.38,0.49,13.6,0.042,58.0,166.0,0.99855,3.1,0.54,9.4,5,white,9.07,21.579,0.3494,medium,medium,0,13.62,0.00447,0
6.9,0.18,0.36,1.3,0.036,40.0,117.0,0.9934,3.27,0.855,9.5,7,white,7.44,38.333,0.3419,off_dry,medium,0,1.309,0.00379,1
7.7,0.34,0.58,11.1,0.039,41.0,151.0,0.9978,3.06,0.49,8.6,5,white,8.62,22.647,0.2715,medium,low,0,11.124,0.00453,0
7.4,0.2,0.35,2.1,0.038,30.0,116.0,0.9949,3.49,0.77,10.3,7,white,7.95,37.0,0.2586,off_dry,medium,0,2.111,0.00369,1
8.2,0.4,0.48,13.7,0.042,59.0,169.0,0.9986,3.1,0.52,9.4,5,white,9.08,20.5,0.3491,medium,medium,0,13.719,0.00447,0
6.7,0.22,0.39,10.2,0.038,60.0,149.0,0.99725,3.17,0.54,10.0,7,white,7.31,30.454,0.4027,medium,medium,0,10.228,0.0038,1
6.6,0.3,0.3,4.8,0.10800000000000001,60.0,166.0,0.9946,3.18,0.47,9.4,5,white,7.2,22.0,0.3614,off_dry,medium,0,4.826,0.01149,0
8.1,0.27,0.35,1.7,0.03,38.0,103.0,0.99255,3.22,0.63,10.4,8,white,8.72,30.0,0.3689,off_dry,medium,0,1.713,0.00288,1
7.3,0.25,0.42,14.2,0.041,57.0,182.0,0.9996,3.29,0.75,9.1,7,white,7.97,29.2,0.3132,medium,medium,0,14.206,0.00451,1
4.8,0.34,0.0,6.5,0.028,33.0,163.0,0.9939,3.36,0.61,9.9,6,white,5.14,14.118,0.2025,medium,medium,0,6.54,0.00283,0
6.2,0.28,0.33,1.7,0.029,24.0,111.0,0.99,3.24,0.5,12.1,6,white,6.81,22.143,0.2162,off_dry,very_high,1,1.717,0.0024,0
4.8,0.33,0.0,6.5,0.028,34.0,163.0,0.9937,3.35,0.61,9.9,5,white,5.13,14.545,0.2086,medium,medium,0,6.541,0.00283,0
6.1,0.27,0.33,2.2,0.021,26.0,117.0,0.9886,3.12,0.3,12.5,6,white,6.7,22.593,0.2222,off_dry,very_high,1,2.225,0.00168,0
7.8,0.18,0.46,12.6,0.042,41.0,143.0,1.0,3.24,0.76,8.5,8,white,8.44,43.333,0.2867,medium,low,0,12.6,0.00494,1
7.3,0.28,0.42,14.4,0.04,49.0,173.0,0.9994,3.28,0.82,9.0,7,white,8.0,26.071,0.2832,medium,low,0,14.409,0.00444,1
7.3,0.24,0.29,1.2,0.037,37.0,97.0,0.9926,3.19,0.7,10.1,6,white,7.83,30.417,0.3814,off_dry,medium,0,1.209,0.00366,0
6.0,0.45,0.6400000000000001,9.7,0.08,11.0,159.0,0.9956,3.04,0.48,9.4,5,white,7.09,13.333,0.0692,medium,medium,0,9.743,0.00851,0
6.3,0.26,0.21,4.0,0.03,24.0,125.0,0.9915,3.06,0.34,10.7,6,white,6.77,24.231,0.192,off_dry,high,0,4.034,0.0028,0
9.65,0.17,0.47,1.4,0.037,5.0,33.0,0.9939,2.89,0.28,9.6,3,white,10.29,56.764,0.1515,off_dry,medium,0,1.409,0.00385,0
7.7,0.15,0.29,1.3,0.029,10.0,64.0,0.9932,3.35,0.39,10.1,5,white,8.14,51.333,0.1562,off_dry,medium,0,1.309,0.00287,0
7.1,0.21,0.32,2.2,0.037,28.0,141.0,0.993,3.2,0.57,10.0,7,white,7.63,33.809,0.1986,off_dry,medium,0,2.216,0.0037,1
6.9,0.36,0.34,4.2,0.018,57.0,119.0,0.9898,3.28,0.36,12.7,9,white,7.6,19.167,0.479,off_dry,very_high,1,4.243,0.00142,1
6.0,0.28,0.34,1.6,0.10800000000000001,33.0,104.0,0.9921,3.19,0.38,10.2,6,white,6.62,21.428,0.3173,off_dry,medium,0,1.613,0.01059,0
6.2,0.16,0.54,1.4,0.10800000000000001,37.0,110.0,0.9932,3.23,0.37,8.9,6,white,6.9,38.75,0.3364,off_dry,low,0,1.41,0.01213,0
6.9,0.12,0.36,2.2,0.037,18.0,111.0,0.9919,3.41,0.82,11.9,8,white,7.38,57.5,0.1622,off_dry,high,0,2.218,0.00311,1
8.8,0.36,0.44,1.9,0.04,9.0,121.0,0.9953,3.19,0.48,9.9,6,white,9.6,24.444,0.0744,off_dry,medium,0,1.909,0.00404,0
7.4,0.26,0.43,6.0,0.022,22.0,125.0,0.9928,3.13,0.55,11.5,6,white,8.09,28.461,0.176,medium,high,0,6.044,0.00191,0
6.8,0.23,0.29,12.2,0.035,38.0,236.0,0.9976,3.35,0.52,9.8,6,white,7.32,29.565,0.161,medium,medium,0,12.229,0.00357,0
6.1,0.34,0.27,2.6,0.024,20.0,105.0,0.9906,3.4,0.67,12.2,7,white,6.71,17.941,0.1905,off_dry,very_high,1,2.625,0.00197,1
7.3,0.26,0.31,1.6,0.04,39.0,173.0,0.9918,3.19,0.51,11.4,6,white,7.87,28.077,0.2254,off_dry,high,0,1.613,0.00351,0
6.5,0.3,0.32,2.0,0.044,34.0,90.0,0.99185,3.37,0.68,11.0,7,white,7.12,21.667,0.3778,off_dry,high,0,2.016,0.004,1
5.0,0.31,0.0,6.4,0.046,43.0,166.0,0.994,3.3,0.63,9.9,6,white,5.31,16.129,0.259,medium,medium,0,6.439,0.00465,0
5.8,0.26,0.18,1.2,0.031,40.0,114.0,0.9908,3.42,0.4,11.0,7,white,6.24,22.308,0.3509,off_dry,high,0,1.211,0.00282,1
5.9,0.26,0.3,1.0,0.036,38.0,114.0,0.9928,3.58,0.48,9.4,5,white,6.46,22.692,0.3333,dry,medium,0,1.007,0.00383,0
7.0,0.31,0.29,1.4,0.037,33.0,128.0,0.9896,3.12,0.36,12.2,7,white,7.6,22.581,0.2578,off_dry,very_high,1,1.415,0.00303,1
5.6,0.19,0.39,1.1,0.043,17.0,67.0,0.9918,3.23,0.53,10.3,6,white,6.18,29.474,0.2537,off_dry,medium,0,1.109,0.00417,0
6.8,0.18,0.28,8.7,0.047,52.0,242.0,0.9952,3.22,0.53,10.5,6,white,7.26,37.778,0.2149,medium,medium,0,8.742,0.00448,0
7.0,0.29,0.26,1.6,0.044,12.0,87.0,0.9923,3.08,0.46,10.5,6,white,7.55,24.138,0.1379,off_dry,medium,0,1.612,0.00419,0
6.6,0.26,0.29,1.4,0.039,13.0,67.0,0.9915,3.05,0.49,10.9,6,white,7.15,25.385,0.194,off_dry,high,0,1.412,0.00358,0
6.8,0.18,0.28,8.5,0.047,52.0,242.0,0.9952,3.22,0.53,10.5,6,white,7.26,37.778,0.2149,medium,medium,0,8.541,0.00448,0
6.6,0.2,0.38,7.9,0.052,30.0,145.0,0.9947,3.32,0.56,11.0,7,white,7.18,33.0,0.2069,medium,high,0,7.942,0.00473,1
8.0,0.29,0.29,13.2,0.046,26.0,113.0,0.9983,3.25,0.37,9.7,6,white,8.58,27.586,0.2301,medium,medium,0,13.222,0.00474,0
6.1,0.28,0.35,12.8,0.048,63.0,229.0,0.9975,3.08,0.4,8.9,5,white,6.73,21.786,0.2751,medium,low,0,12.832,0.00539,0
5.9,0.31,0.3,7.7,0.047,60.0,206.0,0.995,3.2,0.39,9.6,6,white,6.51,19.032,0.2913,medium,medium,0,7.739,0.0049,0
6.9,0.21,0.28,2.4,0.056,49.0,159.0,0.9944,3.02,0.47,8.8,8,white,7.39,32.857,0.3082,off_dry,low,0,2.414,0.00636,1
8.4,0.19,0.42,1.6,0.047,9.0,101.0,0.994,3.06,0.65,11.1,4,white,9.01,44.21,0.0891,off_dry,high,0,1.61,0.00423,0
8.3,0.27,0.45,1.3,0.048,8.0,72.0,0.9944,3.08,0.61,10.3,4,white,9.02,30.741,0.1111,off_dry,medium,0,1.307,0.00466,0
7.1,0.25,0.39,2.1,0.036,30.0,124.0,0.9908,3.28,0.43,12.2,8,white,7.74,28.4,0.2419,off_dry,very_high,1,2.119,0.00295,1
8.0,0.23,0.37,9.6,0.054,23.0,159.0,0.99795,3.32,0.47,9.8,4,white,8.6,34.782,0.1447,medium,medium,0,9.62,0.00551,0
7.5,0.24,0.31,13.0,0.049,46.0,217.0,0.9985,3.08,0.53,8.8,5,white,8.05,31.25,0.212,medium,low,0,13.02,0.00557,0
6.3,0.33,0.2,5.8,0.04,24.0,144.0,0.99425,3.15,0.63,9.9,5,white,6.83,19.091,0.1667,medium,medium,0,5.834,0.00404,0
6.2,0.33,0.19,5.6,0.042,22.0,143.0,0.99425,3.15,0.63,9.9,5,white,6.72,18.788,0.1538,medium,medium,0,5.632,0.00424,0
6.3,0.34,0.19,5.8,0.041,22.0,145.0,0.9943,3.15,0.63,9.9,5,white,6.83,18.529,0.1517,medium,medium,0,5.833,0.00414,0
5.8,0.29,0.05,0.8,0.038,11.0,30.0,0.9924,3.36,0.35,9.2,5,white,6.14,20.0,0.3667,dry,medium,0,0.806,0.00413,0
8.0,0.32,0.26,1.2,0.05,11.5,88.0,0.9946,3.24,0.37,9.5,4,white,8.58,25.0,0.1307,off_dry,medium,0,1.207,0.00526,0
5.6,0.29,0.05,0.8,0.038,11.0,30.0,0.9924,3.36,0.35,9.2,5,white,5.94,19.31,0.3667,dry,medium,0,0.806,0.00413,0
7.4,0.13,0.39,4.7,0.042,36.0,137.0,0.995,3.36,0.56,10.3,7,white,7.92,56.923,0.2628,off_dry,medium,0,4.724,0.00408,1
7.7,0.3,0.32,1.6,0.037,23.0,124.0,0.9919,2.93,0.33,11.0,6,white,8.32,25.667,0.1855,off_dry,high,0,1.613,0.00336,0
7.0,0.24,0.34,1.4,0.031,27.0,107.0,0.99,3.06,0.39,11.9,6,white,7.58,29.167,0.2523,off_dry,high,0,1.414,0.00261,0
8.6,0.18,0.4,1.1,0.04,20.0,107.0,0.9923,2.94,0.32,10.2,7,white,9.18,47.778,0.1869,off_dry,medium,0,1.109,0.00392,1
7.0,0.11,0.32,4.6,0.057,59.0,144.0,0.9956,3.55,0.44,9.4,7,white,7.43,63.636,0.4097,off_dry,medium,0,4.62,0.00606,1
7.7,0.32,0.62,10.6,0.036,56.0,153.0,0.9978,3.13,0.44,8.9,6,white,8.64,24.062,0.366,medium,low,0,10.623,0.00404,0
6.5,0.26,0.27,12.9,0.044,69.0,215.0,0.9967,3.17,0.43,10.0,6,white,7.03,25.0,0.3209,medium,medium,0,12.943,0.0044,0
7.9,0.28,0.41,2.0,0.044,50.0,152.0,0.9934,3.45,0.49,10.7,8,white,8.59,28.214,0.3289,off_dry,high,0,2.013,0.00411,1
6.3,0.27,0.23,2.9,0.047,13.0,100.0,0.9936,3.28,0.43,9.8,5,white,6.8,23.333,0.13,off_dry,medium,0,2.919,0.0048,0
5.4,0.595,0.1,2.8,0.042,26.0,80.0,0.9932,3.36,0.38,9.3,5,white,6.095,9.076,0.325,off_dry,medium,0,2.819,0.00452,0
6.7,0.25,0.33,2.9,0.057,52.0,173.0,0.9934,3.02,0.48,9.5,7,white,7.28,26.8,0.3006,off_dry,medium,0,2.919,0.006,1
6.5,0.25,0.35,12.0,0.055,47.0,179.0,0.998,3.58,0.47,10.0,5,white,7.1,26.0,0.2626,medium,medium,0,12.024,0.0055,0
6.1,0.36,0.58,15.0,0.044,42.0,115.0,0.9978,3.15,0.51,9.0,5,white,7.04,16.944,0.3652,medium,low,0,15.033,0.00489,0
7.7,0.17,0.52,5.9,0.017,21.0,84.0,0.9929,3.14,0.4,11.9,7,white,8.39,45.294,0.25,medium,high,0,5.942,0.00143,1
6.4,0.26,0.43,12.6,0.033,64.0,230.0,0.9974,3.08,0.38,8.9,5,white,7.09,24.615,0.2783,medium,low,0,12.633,0.00371,0
6.5,0.26,0.28,12.5,0.046,78.5,225.0,0.99685,3.18,0.41,10.0,6,white,7.04,25.0,0.3489,medium,medium,0,12.539,0.0046,0
5.9,0.29,0.33,7.4,0.037,58.0,205.0,0.99495,3.26,0.41,9.6,5,white,6.52,20.345,0.2829,medium,medium,0,7.438,0.00385,0
6.2,0.28,0.43,13.0,0.039,64.0,233.0,0.99745,3.08,0.38,8.9,5,white,6.91,22.143,0.2747,medium,low,0,13.033,0.00438,0
6.1,0.27,0.44,6.7,0.041,61.0,230.0,0.99505,3.12,0.4,8.9,5,white,6.81,22.593,0.2652,medium,low,0,6.733,0.00461,0
6.4,0.43,0.32,1.4,0.048,10.0,67.0,0.992,3.08,0.41,11.4,5,white,7.15,14.884,0.1493,off_dry,high,0,1.411,0.00421,0
6.2,0.35,0.29,7.3,0.044,56.0,244.0,0.9956,3.36,0.55,10.0,6,white,6.84,17.714,0.2295,medium,medium,0,7.332,0.0044,0
7.7,0.24,0.29,15.3,0.044,39.0,194.0,0.9982,3.06,0.47,9.6,7,white,8.23,32.083,0.201,medium,medium,0,15.328,0.00458,1
6.2,0.34,0.28,7.5,0.034,40.0,197.0,0.99485,3.14,0.6,9.7,5,white,6.82,18.235,0.203,medium,medium,0,7.539,0.00351,0
6.3,0.27,0.46,11.75,0.037,61.0,212.0,0.9971,3.25,0.53,9.5,6,white,7.03,23.333,0.2877,medium,medium,0,11.784,0.00389,0
5.4,0.415,0.19,1.6,0.039,27.0,88.0,0.99265,3.54,0.41,10.0,7,white,6.005,13.012,0.3068,off_dry,medium,0,1.612,0.0039,1
6.9,0.48,0.36,3.5,0.03,31.0,135.0,0.9904,3.14,0.38,12.2,7,white,7.74,14.375,0.2296,off_dry,very_high,1,3.534,0.00246,1
6.5,0.18,0.33,8.0,0.051,16.0,131.0,0.9965,3.28,0.44,8.7,7,white,7.01,36.111,0.1221,medium,low,0,8.028,0.00586,1
6.7,0.15,0.29,5.0,0.058,28.0,105.0,0.9946,3.52,0.44,10.2,7,white,7.14,44.666,0.2667,off_dry,medium,0,5.027,0.00569,1
8.2,0.345,0.6400000000000001,16.05,0.047,55.0,205.0,0.99965,2.96,0.43,9.6,5,white,9.185,23.768,0.2683,medium,medium,0,16.056,0.0049,0
8.5,0.16,0.35,1.6,0.039,24.0,147.0,0.9935,2.96,0.36,10.0,5,white,9.01,53.125,0.1633,off_dry,medium,0,1.61,0.0039,0
6.8,0.6799999999999999,0.25,3.2,0.048,10.0,57.0,0.996,3.36,0.52,9.5,4,white,7.73,10.0,0.1754,off_dry,medium,0,3.213,0.00505,0
7.3,0.25,0.39,6.4,0.034,8.0,84.0,0.9942,3.18,0.46,11.5,5,white,7.94,29.2,0.0952,medium,high,0,6.437,0.00296,0
7.6,0.345,0.26,1.9,0.043,15.0,134.0,0.9936,3.08,0.38,9.5,5,white,8.205,22.029,0.1119,off_dry,medium,0,1.912,0.00453,0
7.6,0.22,0.34,9.7,0.035,26.0,143.0,0.9965,3.08,0.49,9.8,6,white,8.16,34.545,0.1818,medium,medium,0,9.734,0.00357,0
6.5,0.17,0.33,1.4,0.028,14.0,99.0,0.9928,3.23,0.55,10.1,6,white,7.0,38.235,0.1414,off_dry,medium,0,1.41,0.00277,0
8.2,0.23,0.37,1.3,0.042,39.0,117.0,0.9928,2.99,0.36,10.0,5,white,8.8,35.652,0.3333,off_dry,medium,0,1.309,0.0042,0
7.5,0.32,0.26,1.8,0.042,13.0,133.0,0.9938,3.07,0.38,9.5,5,white,8.08,23.437,0.0977,off_dry,medium,0,1.811,0.00442,0
6.6,0.23,0.32,0.9,0.041,25.0,79.0,0.9926,3.39,0.54,10.2,7,white,7.15,28.696,0.3165,dry,medium,0,0.907,0.00402,1
6.6,0.2,0.32,1.1,0.039,25.0,78.0,0.9926,3.39,0.54,10.2,7,white,7.12,33.0,0.3205,off_dry,medium,0,1.108,0.00382,1
7.3,0.24,0.34,15.4,0.05,38.0,174.0,0.9983,3.03,0.42,9.0,6,white,7.88,30.417,0.2184,medium,low,0,15.426,0.00556,0
8.0,0.42,0.36,5.0,0.037,34.0,101.0,0.992,3.13,0.57,12.3,7,white,8.78,19.048,0.3366,off_dry,very_high,1,5.04,0.00301,1
6.1,0.19,0.25,4.0,0.023,23.0,112.0,0.9923,3.37,0.51,11.6,6,white,6.54,32.105,0.2054,off_dry,high,0,4.031,0.00198,0
5.9,0.26,0.21,12.5,0.034,36.0,152.0,0.9972,3.28,0.43,9.5,6,white,6.37,22.692,0.2368,medium,medium,0,12.535,0.00358,0
8.3,0.23,0.43,3.2,0.035,14.0,101.0,0.9928,3.15,0.36,11.5,5,white,8.96,36.087,0.1386,off_dry,high,0,3.223,0.00304,0
6.5,0.34,0.28,1.8,0.041,43.0,188.0,0.9928,3.13,0.37,9.6,6,white,7.12,19.118,0.2287,off_dry,medium,0,1.813,0.00427,0
6.8,0.22,0.35,16.05,0.039,38.0,153.0,0.9994,3.24,0.42,9.0,6,white,7.37,30.909,0.2484,medium,low,0,16.06,0.00433,0
6.5,0.08,0.33,1.9,0.028,23.0,93.0,0.991,3.34,0.7,12.0,7,white,6.91,81.249,0.2473,off_dry,high,1,1.917,0.00233,1
5.5,0.42,0.09,1.6,0.019,18.0,68.0,0.9906,3.33,0.51,11.4,7,white,6.01,13.095,0.2647,off_dry,high,0,1.615,0.00167,1
5.1,0.42,0.01,1.5,0.017,25.0,102.0,0.9894,3.38,0.36,12.3,7,white,5.53,12.143,0.2451,off_dry,very_high,1,1.516,0.00138,1
6.0,0.27,0.19,1.7,0.02,24.0,110.0,0.9898,3.32,0.47,12.6,7,white,6.46,22.222,0.2182,off_dry,very_high,1,1.718,0.00159,1
7.1,0.13,0.38,1.8,0.046,14.0,114.0,0.9925,3.32,0.855,11.7,6,white,7.61,54.615,0.1228,off_dry,high,0,1.814,0.00393,0
7.6,0.3,0.25,4.3,0.054,22.0,111.0,0.9956,3.12,0.49,9.2,5,white,8.15,25.333,0.1982,off_dry,medium,0,4.319,0.00587,0
6.6,0.13,0.3,4.9,0.058,47.0,131.0,0.9946,3.51,0.45,10.3,6,white,7.03,50.769,0.3588,off_dry,medium,0,4.927,0.00563,0
6.5,0.14,0.33,7.6,0.05,53.0,189.0,0.9966,3.25,0.49,8.6,5,white,6.97,46.428,0.2804,medium,low,0,7.626,0.00581,0
7.7,0.28,0.33,6.7,0.037,32.0,155.0,0.9951,3.39,0.62,10.7,7,white,8.31,27.5,0.2065,medium,high,0,6.733,0.00346,1
6.0,0.2,0.6400000000000001,1.6,0.10800000000000001,10.0,54.0,0.9927,3.12,0.47,9.8,5,white,6.84,30.0,0.1852,off_dry,medium,0,1.612,0.01102,0
6.0,0.19,0.6400000000000001,1.5,0.10800000000000001,9.0,55.0,0.9927,3.12,0.46,9.8,6,white,6.83,31.579,0.1636,off_dry,medium,0,1.511,0.01102,0
5.1,0.39,0.21,1.7,0.027,15.0,72.0,0.9894,3.5,0.45,12.5,6,white,5.7,13.077,0.2083,off_dry,very_high,1,1.718,0.00216,0
5.7,0.36,0.34,4.2,0.026,21.0,77.0,0.9907,3.41,0.45,11.9,6,white,6.4,15.833,0.2727,off_dry,high,0,4.239,0.00218,0
6.9,0.19,0.33,1.6,0.043,63.0,149.0,0.9925,3.44,0.52,10.8,5,white,7.42,36.316,0.4228,off_dry,high,0,1.612,0.00398,0
6.0,0.41,0.21,1.9,0.05,29.0,122.0,0.9928,3.42,0.52,10.5,6,white,6.62,14.634,0.2377,off_dry,medium,0,1.914,0.00476,0
7.4,0.28,0.3,5.3,0.054,44.0,161.0,0.9941,3.12,0.48,10.3,6,white,7.98,26.428,0.2733,medium,medium,0,5.331,0.00524,0
7.4,0.3,0.3,5.2,0.053,45.0,163.0,0.9941,3.12,0.45,10.3,6,white,8.0,24.667,0.2761,medium,medium,0,5.231,0.00515,0
7.7,0.28,0.39,8.9,0.036,8.0,117.0,0.9935,3.06,0.38,12.0,7,white,8.37,27.5,0.0684,medium,high,1,8.958,0.003,1
8.6,0.16,0.38,3.4,0.04,41.0,143.0,0.9932,2.95,0.39,10.2,6,white,9.14,53.75,0.2867,off_dry,medium,0,3.423,0.00392,0
8.2,0.26,0.44,1.3,0.046,7.0,69.0,0.9944,3.14,0.62,10.2,4,white,8.9,31.538,0.1014,off_dry,medium,0,1.307,0.00451,0
6.5,0.25,0.27,15.2,0.049,75.0,217.0,0.9972,3.19,0.39,9.9,5,white,7.02,26.0,0.3456,medium,medium,0,15.243,0.00495,0
7.0,0.24,0.18,1.3,0.046,9.0,62.0,0.994,3.38,0.47,10.1,4,white,7.42,29.167,0.1452,off_dry,medium,0,1.308,0.00455,0
8.6,0.18,0.36,1.8,0.04,24.0,187.0,0.9956,3.25,0.55,9.5,6,white,9.14,47.778,0.1283,off_dry,medium,0,1.808,0.00421,0
7.8,0.27,0.34,1.6,0.046,27.0,154.0,0.9927,3.05,0.45,10.5,6,white,8.41,28.889,0.1753,off_dry,medium,0,1.612,0.00438,0
6.0,0.26,0.34,1.3,0.046,6.0,29.0,0.9924,3.29,0.63,10.4,5,white,6.6,23.077,0.2069,off_dry,medium,0,1.31,0.00442,0
6.1,0.24,0.27,9.8,0.062,33.0,152.0,0.9966,3.31,0.47,9.5,6,white,6.61,25.417,0.2171,medium,medium,0,9.833,0.00653,0
8.0,0.24,0.3,16.05,0.056,43.0,184.0,0.9997,3.05,0.5,9.2,6,white,8.54,33.333,0.2337,medium,medium,0,16.055,0.00609,0
7.6,0.21,0.6,2.1,0.046,47.0,165.0,0.9936,3.05,0.54,10.1,7,white,8.41,36.19,0.2848,off_dry,medium,0,2.114,0.00455,1
8.0,0.19,0.36,1.8,0.05,16.0,84.0,0.9936,3.15,0.45,9.8,7,white,8.55,42.105,0.1905,off_dry,medium,0,1.812,0.0051,1
6.4,0.28,0.41,6.8,0.045,61.0,216.0,0.9952,3.09,0.46,9.4,5,white,7.09,22.857,0.2824,medium,medium,0,6.833,0.00479,0
6.4,0.28,0.43,7.1,0.045,60.0,221.0,0.9952,3.09,0.45,9.4,6,white,7.11,22.857,0.2715,medium,medium,0,7.134,0.00479,0
6.9,0.24,0.39,1.3,0.063,18.0,136.0,0.9928,3.31,0.48,10.4,7,white,7.53,28.75,0.1324,off_dry,medium,0,1.309,0.00606,1
5.8,0.36,0.26,3.3,0.038,40.0,153.0,0.9911,3.34,0.55,11.3,6,white,6.42,16.111,0.2614,off_dry,high,0,3.33,0.00336,0
6.6,0.18,0.28,3.3,0.044,18.0,91.0,0.993,3.42,0.64,10.8,6,white,7.06,36.666,0.1978,off_dry,high,0,3.323,0.00407,0
5.1,0.52,0.06,2.7,0.052,30.0,79.0,0.9932,3.32,0.43,9.3,5,white,5.68,9.808,0.3797,off_dry,medium,0,2.718,0.00559,0
6.6,0.22,0.37,1.2,0.059,45.0,199.0,0.993,3.37,0.55,10.3,7,white,7.19,30.0,0.2261,off_dry,medium,0,1.208,0.00573,1
8.3,0.15,0.39,1.3,0.055,32.0,146.0,0.993,3.08,0.39,10.5,6,white,8.84,55.333,0.2192,off_dry,medium,0,1.309,0.00524,0
7.6,0.16,0.44,1.4,0.043,25.0,109.0,0.9932,3.11,0.75,10.3,6,white,8.2,47.5,0.2294,off_dry,medium,0,1.41,0.00417,0
7.7,0.16,0.41,1.7,0.048,60.0,173.0,0.9932,3.24,0.66,11.2,7,white,8.27,48.125,0.3468,off_dry,high,0,1.712,0.00429,1
8.3,0.16,0.48,1.7,0.057,31.0,98.0,0.9943,3.15,0.41,10.3,6,white,8.94,51.875,0.3163,off_dry,medium,0,1.71,0.00553,0
6.2,0.25,0.47,11.6,0.048,62.0,210.0,0.9968,3.19,0.5,9.5,5,white,6.92,24.8,0.2952,medium,medium,0,11.637,0.00505,0
6.1,0.16,0.27,12.6,0.064,63.0,162.0,0.9994,3.66,0.43,8.9,5,white,6.53,38.125,0.3889,medium,low,0,12.608,0.00719,0
7.6,0.39,0.22,2.8,0.036,19.0,113.0,0.9926,3.03,0.29,10.2,5,white,8.21,19.487,0.1681,off_dry,medium,0,2.821,0.00353,0
6.8,0.37,0.47,11.2,0.071,44.0,136.0,0.9968,2.98,0.855,9.2,5,white,7.64,18.378,0.3235,medium,medium,0,11.236,0.00772,0
7.1,0.18,0.42,1.4,0.045,47.0,157.0,0.9916,2.95,0.31,10.5,6,white,7.7,39.444,0.2994,off_dry,medium,0,1.412,0.00429,0
8.3,0.14,0.26,1.5,0.049,56.0,189.0,0.9946,3.21,0.62,9.5,6,white,8.7,59.285,0.2963,off_dry,medium,0,1.508,0.00516,0
8.6,0.2,0.42,1.5,0.041,35.0,125.0,0.9925,3.11,0.49,11.4,7,white,9.22,43.0,0.28,off_dry,high,0,1.511,0.0036,1
6.8,0.19,0.32,7.05,0.019,54.0,188.0,0.9935,3.25,0.37,11.1,8,white,7.31,35.789,0.2872,medium,high,0,7.096,0.00171,1
7.6,0.19,0.38,10.6,0.06,48.0,174.0,0.9962,3.13,0.38,10.5,6,white,8.17,40.0,0.2759,medium,medium,0,10.64,0.00571,0
6.8,0.34,0.6400000000000001,2.8,0.088,23.0,185.0,0.9928,3.51,0.7,12.0,6,white,7.78,20.0,0.1243,off_dry,high,1,2.82,0.00733,0
6.2,0.15,0.46,1.6,0.039,38.0,123.0,0.993,3.38,0.51,9.7,6,white,6.81,41.333,0.3089,off_dry,medium,0,1.611,0.00402,0
6.6,0.14,0.44,1.6,0.042,47.0,140.0,0.993,3.32,0.51,10.2,6,white,7.18,47.143,0.3357,off_dry,medium,0,1.611,0.00412,0
8.0,0.55,0.17,8.2,0.04,13.0,60.0,0.9956,3.09,0.3,9.5,4,white,8.72,14.545,0.2167,medium,medium,0,8.236,0.00421,0
7.0,0.24,0.35,1.5,0.052,51.0,128.0,0.9941,3.41,0.59,10.4,7,white,7.59,29.167,0.3984,off_dry,medium,0,1.509,0.005,1
6.3,0.6,0.44,11.0,0.05,50.0,245.0,0.9972,3.19,0.57,9.3,4,white,7.34,10.5,0.2041,medium,medium,0,11.031,0.00538,0
7.1,0.2,0.41,2.1,0.054,24.0,166.0,0.9948,3.48,0.62,10.5,6,white,7.71,35.5,0.1446,off_dry,medium,0,2.111,0.00514,0
6.2,0.34,0.29,7.6,0.047,45.0,232.0,0.9955,3.35,0.62,10.0,6,white,6.83,18.235,0.194,medium,medium,0,7.634,0.0047,0
7.1,0.3,0.36,6.8,0.055,44.5,234.0,0.9972,3.49,0.64,10.2,6,white,7.76,23.667,0.1902,medium,medium,0,6.819,0.00539,0
7.9,0.64,0.46,10.6,0.10800000000000001,33.0,227.0,0.9983,2.87,0.74,9.1,3,white,9.0,12.344,0.1454,medium,medium,0,10.618,0.01187,0
8.8,0.17,0.38,1.8,0.04,39.0,148.0,0.9942,3.16,0.67,10.2,6,white,9.35,51.764,0.2635,off_dry,medium,0,1.811,0.00392,0
7.5,0.17,0.37,1.5,0.06,18.0,75.0,0.9936,3.54,0.855,10.7,5,white,8.04,44.117,0.24,off_dry,high,0,1.51,0.00561,0
7.1,0.47,0.24,6.0,0.044,11.0,77.0,0.9956,3.21,0.56,9.7,5,white,7.81,15.106,0.1429,medium,medium,0,6.027,0.00454,0
7.1,0.15,0.34,5.3,0.034,33.0,104.0,0.9953,3.37,0.52,9.3,7,white,7.59,47.333,0.3173,medium,medium,0,5.325,0.00366,1
7.5,0.17,0.34,1.4,0.035,13.0,102.0,0.9918,3.05,0.74,11.0,5,white,8.01,44.117,0.1275,off_dry,high,0,1.412,0.00318,0
8.2,0.6799999999999999,0.3,2.1,0.047,17.0,138.0,0.995,3.22,0.71,10.8,4,white,9.18,12.059,0.1232,off_dry,high,0,2.111,0.00435,0
7.7,0.275,0.3,1.0,0.039,19.0,75.0,0.992,3.01,0.56,10.7,5,white,8.275,28.0,0.2533,dry,high,0,1.008,0.00364,0
7.3,0.49,0.32,5.2,0.043,18.0,104.0,0.9952,3.24,0.45,10.7,4,white,8.11,14.898,0.1731,medium,high,0,5.225,0.00402,0
7.5,0.33,0.48,16.05,0.048,55.0,243.0,1.001,2.95,0.4,8.8,5,white,8.31,22.727,0.2263,medium,low,0,16.034,0.00545,0
7.2,0.21,0.37,1.6,0.049,23.0,94.0,0.9924,3.16,0.48,10.9,7,white,7.78,34.286,0.2447,off_dry,high,0,1.612,0.0045,1
7.3,0.15,0.4,2.0,0.05,24.0,92.0,0.9932,3.14,0.45,10.5,5,white,7.85,48.666,0.2609,off_dry,medium,0,2.014,0.00476,0
6.5,0.19,0.1,1.3,0.046,23.0,107.0,0.9937,3.29,0.45,10.0,5,white,6.79,34.21,0.215,off_dry,medium,0,1.308,0.0046,0
7.0,0.31,0.52,1.7,0.029,5.0,61.0,0.9918,3.07,0.43,10.4,5,white,7.83,22.581,0.082,off_dry,medium,0,1.714,0.00279,0
8.3,0.4,0.38,1.1,0.038,15.0,75.0,0.9934,3.03,0.43,9.2,5,white,9.08,20.75,0.2,off_dry,medium,0,1.107,0.00413,0
6.1,0.37,0.36,4.7,0.035,36.0,116.0,0.991,3.31,0.62,12.6,6,white,6.83,16.486,0.3103,off_dry,very_high,1,4.743,0.00278,0
7.3,0.24,0.34,7.5,0.048,29.0,152.0,0.9962,3.1,0.54,9.0,5,white,7.88,30.417,0.1908,medium,low,0,7.529,0.00533,0
6.9,0.21,0.6400000000000001,1.1,0.10800000000000001,52.0,123.0,0.9932,3.03,0.39,9.2,6,white,7.75,32.857,0.4228,off_dry,medium,0,1.108,0.01174,0
7.6,0.29,0.42,1.3,0.035,18.0,86.0,0.9908,2.99,0.39,11.3,5,white,8.31,26.207,0.2093,off_dry,high,0,1.312,0.0031,0
9.4,0.29,0.55,2.2,0.05,17.0,119.0,0.9962,3.12,0.69,10.3,4,white,10.24,32.414,0.1429,off_dry,medium,0,2.208,0.00485,0
8.6,0.26,0.41,2.2,0.049,29.0,111.0,0.9941,2.96,0.44,10.0,5,white,9.27,33.077,0.2613,off_dry,medium,0,2.213,0.0049,0
7.5,0.21,0.34,1.2,0.06,26.0,111.0,0.9931,3.51,0.47,10.7,6,white,8.05,35.714,0.2342,off_dry,high,0,1.208,0.00561,0
7.2,0.51,0.24,10.0,0.093,35.0,197.0,0.9981,3.41,0.47,9.0,5,white,7.95,14.118,0.1777,medium,low,0,10.019,0.01033,0
5.3,0.3,0.2,1.1,0.077,48.0,166.0,0.9944,3.3,0.54,8.7,4,white,5.8,17.667,0.2892,off_dry,low,0,1.106,0.00885,0
8.0,0.26,0.36,2.0,0.054,30.0,121.0,0.992,3.09,0.72,11.6,7,white,8.62,30.769,0.2479,off_dry,high,0,2.016,0.00466,1
7.0,0.21,0.28,7.5,0.07,45.0,185.0,0.9966,3.34,0.55,9.4,5,white,7.49,33.333,0.2432,medium,medium,0,7.526,0.00745,0
6.7,0.26,0.26,4.0,0.079,35.5,216.0,0.9956,3.31,0.68,9.5,5,white,7.22,25.769,0.1644,off_dry,medium,0,4.018,0.00832,0
6.7,0.26,0.26,4.1,0.073,36.0,202.0,0.9956,3.3,0.67,9.5,5,white,7.22,25.769,0.1782,off_dry,medium,0,4.118,0.00768,0
8.1,0.26,0.37,1.9,0.072,48.0,159.0,0.9949,3.37,0.7,10.9,6,white,8.73,31.154,0.3019,off_dry,high,0,1.91,0.00661,0
8.3,0.22,0.38,14.8,0.054,32.0,126.0,1.0002,3.22,0.5,9.7,5,white,8.9,37.727,0.254,medium,medium,0,14.797,0.00557,0
6.4,0.3,0.51,5.5,0.048,62.0,172.0,0.9942,3.08,0.45,9.1,6,white,7.21,21.333,0.3605,medium,medium,0,5.532,0.00527,0
7.5,0.19,0.34,2.6,0.037,33.0,125.0,0.9923,3.1,0.49,11.1,7,white,8.03,39.473,0.264,off_dry,high,0,2.62,0.00333,1
8.8,0.33,0.44,6.35,0.024,9.0,87.0,0.9917,2.96,0.4,12.6,7,white,9.57,26.667,0.1034,medium,very_high,1,6.403,0.0019,1
6.9,0.2,0.36,1.5,0.031,38.0,147.0,0.9931,3.35,0.56,11.0,6,white,7.46,34.5,0.2585,off_dry,high,0,1.51,0.00282,0
8.0,0.37,0.32,1.6,0.04,32.0,166.0,0.992,3.0,0.55,11.3,7,white,8.69,21.622,0.1928,off_dry,high,0,1.613,0.00354,1
8.2,0.29,0.33,9.1,0.036,28.0,118.0,0.9953,2.96,0.4,10.9,7,white,8.82,28.276,0.2373,medium,high,0,9.143,0.0033,1
7.7,0.34,0.3,8.0,0.048,25.0,192.0,0.9951,2.97,0.47,10.9,5,white,8.34,22.647,0.1302,medium,high,0,8.039,0.0044,0
6.2,0.55,0.45,12.0,0.049,27.0,186.0,0.9974,3.17,0.5,9.3,6,white,7.2,11.273,0.1452,medium,medium,0,12.031,0.00527,0
6.4,0.4,0.19,3.2,0.033,28.0,124.0,0.9904,3.22,0.54,12.7,7,white,6.99,16.0,0.2258,off_dry,very_high,1,3.231,0.0026,1
7.5,0.28,0.33,7.7,0.048,42.0,180.0,0.9974,3.37,0.59,10.1,6,white,8.11,26.786,0.2333,medium,medium,0,7.72,0.00475,0
7.8,0.26,0.44,1.3,0.037,43.0,132.0,0.9944,3.18,0.65,10.0,5,white,8.5,30.0,0.3258,off_dry,medium,0,1.307,0.0037,0
6.5,0.26,0.34,16.05,0.051,56.0,197.0,1.0004,3.49,0.42,9.8,5,white,7.1,25.0,0.2843,medium,medium,0,16.044,0.0052,0
6.3,0.34,0.29,6.2,0.046,29.0,227.0,0.9952,3.29,0.53,10.1,6,white,6.93,18.529,0.1278,medium,medium,0,6.23,0.00455,0
6.8,0.15,0.33,4.7,0.059,31.0,118.0,0.9956,3.43,0.39,9.0,7,white,7.28,45.333,0.2627,off_dry,low,0,4.721,0.00656,1
6.3,0.27,0.25,5.8,0.038,52.0,155.0,0.995,3.28,0.38,9.4,6,white,6.82,23.333,0.3355,medium,medium,0,5.829,0.00404,0
7.4,0.2,0.37,16.05,0.048,43.0,190.0,0.9995,3.03,0.42,9.2,6,white,7.97,37.0,0.2263,medium,medium,0,16.058,0.00522,0
6.3,0.23,0.21,5.1,0.035,29.0,142.0,0.9942,3.36,0.33,10.1,7,white,6.74,27.391,0.2042,medium,medium,0,5.13,0.00347,1
7.3,0.31,0.6400000000000001,10.2,0.041,58.0,160.0,0.9977,3.06,0.45,8.6,5,white,8.25,23.548,0.3625,medium,low,0,10.224,0.00477,0
5.2,0.24,0.45,3.8,0.027,21.0,128.0,0.992,3.55,0.49,11.2,8,white,5.89,21.667,0.1641,off_dry,high,0,3.831,0.00241,1
7.0,0.24,0.32,1.3,0.037,39.0,123.0,0.992,3.17,0.42,11.2,8,white,7.56,29.167,0.3171,off_dry,high,0,1.31,0.0033,1
7.0,0.17,0.33,4.0,0.034,17.0,127.0,0.9934,3.19,0.39,10.6,7,white,7.5,41.176,0.1339,off_dry,high,0,4.027,0.00321,1
8.3,0.21,0.58,16.05,0.049,62.0,213.0,1.0006,3.01,0.51,9.3,6,white,9.09,39.524,0.2911,medium,medium,0,16.04,0.00527,0
7.2,0.21,0.35,14.5,0.048,35.0,178.0,0.9982,3.05,0.47,8.9,6,white,7.76,34.286,0.1966,medium,low,0,14.526,0.00539,0
7.1,0.21,0.4,1.2,0.069,24.0,156.0,0.9928,3.42,0.43,10.6,6,white,7.71,33.809,0.1538,off_dry,high,0,1.209,0.00651,0
8.4,0.17,0.31,6.7,0.038,29.0,132.0,0.9945,3.1,0.32,10.6,7,white,8.88,49.411,0.2197,medium,high,0,6.737,0.00358,1
7.4,0.24,0.31,8.4,0.045,52.0,183.0,0.9963,3.09,0.32,8.8,5,white,7.95,30.833,0.2842,medium,low,0,8.431,0.00511,0
5.3,0.24,0.33,1.3,0.033,25.0,97.0,0.9906,3.59,0.38,11.0,8,white,5.87,22.083,0.2577,off_dry,high,0,1.312,0.003,1
6.5,0.28,0.26,8.8,0.04,44.0,139.0,0.9956,3.32,0.37,10.2,6,white,7.04,23.214,0.3165,medium,medium,0,8.839,0.00392,0
6.5,0.29,0.25,10.6,0.039,32.0,120.0,0.9962,3.31,0.34,10.1,6,white,7.04,22.414,0.2667,medium,medium,0,10.64,0.00386,0
5.8,0.29,0.21,2.6,0.025,12.0,120.0,0.9894,3.39,0.79,14.0,7,white,6.3,20.0,0.1,off_dry,very_high,1,2.628,0.00179,1
6.3,0.17,0.42,2.8,0.028,45.0,107.0,0.9908,3.27,0.43,11.8,6,white,6.89,37.059,0.4206,off_dry,high,0,2.826,0.00237,0
6.3,0.16,0.4,1.6,0.033,59.0,148.0,0.9914,3.44,0.53,11.4,5,white,6.86,39.375,0.3986,off_dry,high,0,1.614,0.00289,0
7.9,0.29,0.39,6.7,0.036,6.0,117.0,0.9938,3.12,0.42,10.7,5,white,8.58,27.241,0.0513,medium,high,0,6.742,0.00336,0
5.5,0.32,0.45,4.9,0.028,25.0,191.0,0.9922,3.51,0.49,11.5,7,white,6.27,17.187,0.1309,off_dry,high,0,4.939,0.00243,1
7.2,0.37,0.15,2.0,0.029,27.0,87.0,0.9903,3.3,0.59,12.6,7,white,7.72,19.459,0.3103,off_dry,very_high,1,2.02,0.0023,1
6.1,0.29,0.27,1.7,0.024,13.0,76.0,0.9893,3.21,0.51,12.6,7,white,6.66,21.034,0.1711,off_dry,very_high,1,1.718,0.0019,1
9.2,0.22,0.4,2.4,0.054,18.0,151.0,0.9952,3.04,0.46,9.3,4,white,9.82,41.818,0.1192,off_dry,medium,0,2.412,0.00581,0
8.0,0.18,0.37,1.3,0.04,15.0,96.0,0.9912,3.06,0.61,12.1,6,white,8.55,44.444,0.1562,off_dry,very_high,1,1.312,0.00331,0
6.5,0.22,0.34,12.0,0.053,55.0,177.0,0.9983,3.52,0.44,9.9,6,white,7.06,29.545,0.3107,medium,medium,0,12.02,0.00535,0
7.4,0.18,0.4,1.6,0.047,22.0,102.0,0.9937,3.28,0.44,10.7,5,white,7.98,41.111,0.2157,off_dry,high,0,1.61,0.00439,0
6.5,0.52,0.17,1.4,0.047,5.0,26.0,0.9932,3.26,0.32,10.0,4,white,7.19,12.5,0.1923,off_dry,medium,0,1.41,0.0047,0
7.0,0.15,0.38,2.2,0.047,33.0,96.0,0.9928,3.13,0.39,10.4,8,white,7.53,46.666,0.3437,off_dry,medium,0,2.216,0.00452,1
5.9,0.415,0.13,1.4,0.04,11.0,64.0,0.9922,3.29,0.52,10.5,5,white,6.445,14.217,0.1719,off_dry,medium,0,1.411,0.00381,0
8.1,0.45,0.34,8.3,0.037,33.0,216.0,0.9976,3.31,0.64,9.7,5,white,8.89,18.0,0.1528,medium,medium,0,8.32,0.00381,0
5.8,0.415,0.13,1.4,0.04,11.0,64.0,0.9922,3.29,0.52,10.5,5,white,6.345,13.976,0.1719,off_dry,medium,0,1.411,0.00381,0
6.4,0.5,0.16,12.9,0.042,26.0,138.0,0.9974,3.28,0.33,9.0,5,white,7.06,12.8,0.1884,medium,low,0,12.934,0.00467,0
6.7,0.105,0.32,12.4,0.051,34.0,106.0,0.998,3.54,0.45,9.2,6,white,7.125,63.809,0.3208,medium,medium,0,12.425,0.00554,0
6.0,0.4,0.3,1.6,0.047,30.0,117.0,0.9931,3.17,0.48,10.1,6,white,6.7,15.0,0.2564,off_dry,medium,0,1.611,0.00465,0
6.6,0.25,0.39,1.45,0.04,40.0,89.0,0.9911,3.35,0.4,11.4,7,white,7.24,26.4,0.4494,off_dry,high,0,1.463,0.00351,1
9.65,0.36,0.45,1.6,0.042,11.0,124.0,0.9944,2.93,0.46,10.8,5,white,10.46,26.805,0.0887,off_dry,high,0,1.609,0.00389,0
9.6,0.23,0.4,1.5,0.044,19.0,135.0,0.9937,2.96,0.49,10.9,5,white,10.23,41.739,0.1407,off_dry,high,0,1.51,0.00404,0
6.3,0.55,0.45,13.0,0.047,33.0,182.0,0.9974,3.2,0.46,9.2,6,white,7.3,11.455,0.1813,medium,medium,0,13.034,0.00511,0
6.5,0.115,0.29,1.95,0.038,73.0,166.0,0.989,3.12,0.25,12.9,7,white,6.905,56.521,0.4398,off_dry,very_high,1,1.972,0.00295,1
6.4,0.125,0.29,5.85,0.042,24.0,99.0,0.992,3.23,0.32,12.0,7,white,6.815,51.2,0.2424,medium,high,1,5.897,0.0035,1
5.7,0.1,0.27,1.3,0.047,21.0,100.0,0.9928,3.27,0.46,9.5,5,white,6.07,56.999,0.21,off_dry,medium,0,1.309,0.00495,0
7.9,0.25,0.29,5.3,0.031,33.0,117.0,0.9918,3.06,0.32,11.8,7,white,8.44,31.6,0.2821,medium,high,0,5.344,0.00263,1
6.9,0.2,0.28,1.2,0.048,36.0,159.0,0.9936,3.19,0.43,9.1,6,white,7.38,34.5,0.2264,off_dry,medium,0,1.208,0.00527,0
6.9,0.23,0.34,4.0,0.047,24.0,128.0,0.9944,3.2,0.52,9.7,6,white,7.47,30.0,0.1875,off_dry,medium,0,4.023,0.00485,0
6.8,0.39,0.31,14.35,0.043,28.0,162.0,0.9988,3.17,0.54,9.1,5,white,7.5,17.436,0.1728,medium,medium,0,14.367,0.00473,0
8.7,0.22,0.42,2.3,0.053,27.0,114.0,0.994,2.99,0.43,10.0,5,white,9.34,39.545,0.2368,off_dry,medium,0,2.314,0.0053,0
7.4,0.41,0.34,4.7,0.042,19.0,127.0,0.9953,3.25,0.42,10.4,5,white,8.15,18.049,0.1496,off_dry,medium,0,4.722,0.00404,0
6.7,0.25,0.34,12.85,0.048,30.0,161.0,0.9986,3.44,0.47,9.5,6,white,7.29,26.8,0.1863,medium,medium,0,12.868,0.00505,0
6.0,0.26,0.42,5.2,0.027,70.0,178.0,0.9914,3.4,0.4,12.3,8,white,6.68,23.077,0.3933,medium,very_high,1,5.245,0.0022,1
6.1,0.31,0.37,8.4,0.031,70.0,170.0,0.9934,3.42,0.4,11.7,8,white,6.78,19.677,0.4118,medium,high,0,8.456,0.00265,1
9.2,0.28,0.46,3.2,0.058,39.0,133.0,0.996,3.14,0.58,9.5,5,white,9.94,32.857,0.2932,off_dry,medium,0,3.213,0.00611,0
9.0,0.31,0.49,6.9,0.034,26.0,91.0,0.9937,2.99,0.34,11.5,5,white,9.8,29.032,0.2857,medium,high,0,6.944,0.00296,0
8.5,0.16,0.33,1.0,0.076,17.0,57.0,0.9921,3.14,0.46,10.6,6,white,8.99,53.125,0.2982,dry,high,0,1.008,0.00717,0
9.3,0.34,0.49,7.3,0.052,30.0,146.0,0.998,3.17,0.61,10.2,5,white,10.13,27.353,0.2055,medium,medium,0,7.315,0.0051,0
7.2,0.24,0.3,1.6,0.048,27.0,131.0,0.9933,3.25,0.45,10.5,5,white,7.74,30.0,0.2061,off_dry,medium,0,1.611,0.00457,0
7.2,0.25,0.32,1.5,0.047,27.0,132.0,0.9933,3.26,0.44,10.5,5,white,7.77,28.8,0.2045,off_dry,medium,0,1.51,0.00448,0
6.8,0.32,0.18,7.5,0.041,71.0,223.0,0.9959,3.14,0.41,8.9,5,white,7.3,21.25,0.3184,medium,low,0,7.531,0.00461,0
9.1,0.27,0.32,1.1,0.031,15.0,151.0,0.9936,3.03,0.41,10.6,5,white,9.69,33.704,0.0993,off_dry,high,0,1.107,0.00292,0
8.9,0.34,0.32,1.3,0.041,12.0,188.0,0.9953,3.17,0.49,9.5,5,white,9.56,26.176,0.0638,off_dry,medium,0,1.306,0.00432,0
7.0,0.17,0.37,5.7,0.025,29.0,111.0,0.9938,3.2,0.49,10.8,6,white,7.54,41.176,0.2613,medium,high,0,5.736,0.00231,0
6.7,0.25,0.23,7.2,0.038,61.0,220.0,0.9952,3.14,0.35,9.5,5,white,7.18,26.8,0.2773,medium,medium,0,7.235,0.004,0
6.9,0.32,0.17,7.6,0.042,69.0,219.0,0.9959,3.13,0.4,8.9,5,white,7.39,21.562,0.3151,medium,low,0,7.631,0.00472,0
6.1,0.6,0.0,1.3,0.042,24.0,79.0,0.9937,3.31,0.38,9.4,4,white,6.7,10.167,0.3038,off_dry,medium,0,1.308,0.00447,0
5.3,0.395,0.07,1.3,0.035,26.0,102.0,0.992,3.5,0.35,10.6,6,white,5.765,13.418,0.2549,off_dry,high,0,1.31,0.0033,0
7.9,0.16,0.3,4.8,0.037,37.0,171.0,0.9967,3.47,0.44,9.0,4,white,8.36,49.375,0.2164,off_dry,low,0,4.816,0.00411,0
7.6,0.33,0.36,2.1,0.034,26.0,172.0,0.9944,3.42,0.48,10.5,4,white,8.29,23.03,0.1512,off_dry,medium,0,2.112,0.00324,0
7.8,0.3,0.29,16.05,0.054,23.0,135.0,0.9998,3.16,0.38,9.0,6,white,8.39,26.0,0.1704,medium,low,0,16.053,0.006,0
5.7,0.26,0.27,4.1,0.10800000000000001,73.5,189.5,0.9942,3.27,0.38,9.4,6,white,6.23,21.923,0.3879,off_dry,medium,0,4.124,0.01149,0
7.5,0.14,0.34,1.3,0.055,50.0,153.0,0.9945,3.29,0.8,9.6,6,white,7.98,53.571,0.3268,off_dry,medium,0,1.307,0.00573,0
6.6,0.25,0.41,7.4,0.043,29.0,151.0,0.9946,3.15,0.6,10.2,7,white,7.26,26.4,0.1921,medium,medium,0,7.44,0.00422,1
8.2,0.23,0.49,0.9,0.057,15.0,73.0,0.9928,3.07,0.38,10.4,6,white,8.92,35.652,0.2055,dry,medium,0,0.907,0.00548,0
6.0,0.24,0.32,6.3,0.03,34.0,129.0,0.9946,3.52,0.41,10.4,5,white,6.56,25.0,0.2636,medium,medium,0,6.334,0.00288,0
6.1,0.45,0.27,0.8,0.039,13.0,82.0,0.9927,3.23,0.32,9.5,5,white,6.82,13.556,0.1585,dry,medium,0,0.806,0.00411,0
7.4,0.23,0.43,1.4,0.044,22.0,113.0,0.9938,3.22,0.62,10.6,6,white,8.06,32.174,0.1947,off_dry,high,0,1.409,0.00415,0
7.2,0.2,0.38,1.0,0.037,21.0,74.0,0.9918,3.21,0.37,11.0,5,white,7.78,36.0,0.2838,dry,high,0,1.008,0.00336,0
7.7,0.25,0.43,4.5,0.062,20.0,115.0,0.9966,3.38,0.5,9.9,6,white,8.38,30.8,0.1739,off_dry,medium,0,4.515,0.00626,0
8.2,0.61,0.45,5.4,0.03,15.0,118.0,0.9954,3.14,0.34,9.6,5,white,9.26,13.443,0.1271,medium,medium,0,5.425,0.00312,0
7.6,0.21,0.44,1.9,0.036,10.0,119.0,0.9913,3.01,0.7,12.8,6,white,8.25,36.19,0.084,off_dry,very_high,1,1.917,0.00281,0
7.4,0.22,0.33,2.0,0.045,31.0,101.0,0.9931,3.42,0.55,11.4,5,white,7.95,33.636,0.3069,off_dry,high,0,2.014,0.00395,0
7.2,0.26,0.26,12.7,0.036,49.0,214.0,0.9986,3.41,0.5,10.0,6,white,7.72,27.692,0.229,medium,medium,0,12.718,0.0036,0
6.4,0.25,0.41,8.6,0.042,57.0,173.0,0.9965,3.0,0.44,9.1,5,white,7.06,25.6,0.3295,medium,medium,0,8.63,0.00462,0
6.3,0.32,0.35,11.1,0.039,29.0,198.0,0.9984,3.36,0.5,9.4,7,white,6.97,19.687,0.1465,medium,medium,0,11.118,0.00415,1
6.8,0.25,0.29,2.0,0.042,19.0,189.0,0.9952,3.46,0.54,10.2,6,white,7.34,27.2,0.1005,off_dry,medium,0,2.01,0.00412,0
9.65,0.44,0.4,2.8,0.036,35.0,167.0,0.9956,2.97,0.39,9.2,5,white,10.49,21.932,0.2096,off_dry,medium,0,2.812,0.00391,0
7.2,0.2,0.25,4.5,0.044,31.0,109.0,0.9949,3.23,0.36,9.4,5,white,7.65,36.0,0.2844,off_dry,medium,0,4.523,0.00468,0
7.5,0.42,0.45,9.1,0.029,20.0,125.0,0.996,3.12,0.36,10.1,6,white,8.37,17.857,0.16,medium,medium,0,9.137,0.00287,0
6.4,0.26,0.3,2.2,0.025,33.0,134.0,0.992,3.21,0.47,10.6,6,white,6.96,24.615,0.2463,off_dry,high,0,2.218,0.00236,0
7.9,0.46,0.32,4.1,0.033,40.0,138.0,0.9912,3.18,0.44,12.8,7,white,8.68,17.174,0.2899,off_dry,very_high,1,4.136,0.00258,1
6.5,0.41,0.64,11.8,0.065,65.0,225.0,0.9978,3.12,0.51,8.9,5,white,7.55,15.854,0.2889,medium,low,0,11.826,0.0073,0
7.5,0.32,0.37,1.2,0.048,22.0,184.0,0.9938,3.09,0.43,9.3,5,white,8.19,23.437,0.1196,off_dry,medium,0,1.207,0.00516,0
6.6,0.21,0.38,2.2,0.026,40.0,104.0,0.9914,3.25,0.4,11.1,8,white,7.19,31.428,0.3846,off_dry,high,0,2.219,0.00234,1
7.1,0.21,0.3,1.4,0.037,45.0,143.0,0.9932,3.13,0.33,9.9,6,white,7.61,33.809,0.3147,off_dry,medium,0,1.41,0.00374,0
7.6,0.26,0.47,1.6,0.068,5.0,55.0,0.9944,3.1,0.45,9.6,5,white,8.33,29.231,0.0909,off_dry,medium,0,1.609,0.00708,0
6.9,0.25,0.26,5.2,0.024,36.0,135.0,0.9948,3.16,0.72,10.7,7,white,7.41,27.6,0.2667,medium,high,0,5.227,0.00224,1
7.1,0.26,0.32,14.45,0.074,29.0,107.0,0.998,2.96,0.42,9.2,6,white,7.68,27.308,0.271,medium,medium,0,14.479,0.00804,0
7.3,0.22,0.4,14.75,0.042,44.5,129.5,0.9998,3.36,0.41,9.1,7,white,7.92,33.182,0.3436,medium,medium,0,14.753,0.00462,1
6.2,0.37,0.22,8.3,0.025,36.0,216.0,0.9964,3.33,0.6,9.6,6,white,6.79,16.757,0.1667,medium,medium,0,8.33,0.0026,0
7.9,0.22,0.45,14.2,0.038,53.0,141.0,0.9992,3.03,0.46,9.2,6,white,8.57,35.909,0.3759,medium,medium,0,14.211,0.00413,0
7.4,0.25,0.37,6.9,0.02,14.0,93.0,0.9939,3.0,0.48,10.7,7,white,8.02,29.6,0.1505,medium,high,0,6.942,0.00187,1
6.8,0.18,0.37,1.5,0.027,37.0,93.0,0.992,3.3,0.45,10.8,6,white,7.35,37.778,0.3978,off_dry,high,0,1.512,0.0025,0
7.0,0.17,0.37,1.5,0.028,26.0,75.0,0.9922,3.3,0.46,10.8,7,white,7.54,41.176,0.3467,off_dry,high,0,1.512,0.00259,1
6.4,0.3,0.38,7.8,0.046,35.0,192.0,0.9955,3.1,0.37,9.0,5,white,7.08,21.333,0.1823,medium,low,0,7.835,0.00511,0
5.0,0.33,0.16,1.5,0.049,10.0,97.0,0.9917,3.48,0.44,10.7,6,white,5.49,15.151,0.1031,off_dry,high,0,1.513,0.00458,0
8.9,0.33,0.32,1.5,0.047,11.0,200.0,0.9954,3.19,0.46,9.4,5,white,9.55,26.97,0.055,off_dry,medium,0,1.507,0.005,0
7.0,0.26,0.46,15.55,0.037,61.0,171.0,0.9986,2.94,0.35,8.8,6,white,7.72,26.923,0.3567,medium,low,0,15.572,0.0042,0
6.3,0.21,0.4,1.7,0.031,48.0,134.0,0.9917,3.42,0.49,11.5,6,white,6.91,30.0,0.3582,off_dry,high,0,1.714,0.0027,0
8.0,0.23,0.46,1.5,0.03,30.0,125.0,0.9907,3.23,0.47,12.5,6,white,8.69,34.782,0.24,off_dry,very_high,1,1.514,0.0024,0
9.2,0.28,0.41,1.0,0.042,14.0,59.0,0.9922,2.96,0.25,10.5,6,white,9.89,32.857,0.2373,dry,medium,0,1.008,0.004,0
7.3,0.27,0.39,6.7,0.064,28.0,188.0,0.9958,3.29,0.3,9.7,5,white,7.96,27.037,0.1489,medium,medium,0,6.728,0.0066,0
7.6,0.32,0.36,1.6,0.04,32.0,155.0,0.993,3.23,0.52,11.3,6,white,8.28,23.75,0.2065,off_dry,high,0,1.611,0.00354,0
9.65,0.24,0.45,1.2,0.033,11.0,59.0,0.9926,2.7799999999999994,0.47,10.8,6,white,10.34,40.208,0.1864,off_dry,high,0,1.209,0.00306,0
8.0,0.28,0.42,7.1,0.045,41.0,169.0,0.9959,3.17,0.43,10.6,5,white,8.7,28.571,0.2426,medium,high,0,7.129,0.00425,0
8.2,0.37,0.36,1.0,0.034,17.0,93.0,0.9906,3.04,0.32,11.7,8,white,8.93,22.162,0.1828,dry,high,0,1.009,0.00291,1
8.0,0.61,0.38,12.1,0.10800000000000001,24.0,220.0,0.9993,2.94,0.48,9.2,5,white,8.99,13.115,0.1091,medium,medium,0,12.108,0.01174,0
7.2,0.26,0.44,7.1,0.027,25.0,126.0,0.993,3.02,0.34,11.1,8,white,7.9,27.692,0.1984,medium,high,0,7.15,0.00243,1
6.4,0.23,0.33,1.15,0.044,15.5,217.5,0.992,3.33,0.44,11.0,6,white,6.96,27.826,0.0713,off_dry,high,0,1.159,0.004,0
5.9,0.4,0.32,6.0,0.034,50.0,127.0,0.992,3.51,0.58,12.5,7,white,6.62,14.75,0.3937,medium,very_high,1,6.048,0.00272,1
7.6,0.28,0.39,1.2,0.038,21.0,115.0,0.994,3.16,0.67,10.0,6,white,8.27,27.143,0.1826,off_dry,medium,0,1.207,0.0038,0
7.2,0.23,0.39,2.3,0.033,29.0,102.0,0.9908,3.26,0.54,12.3,7,white,7.82,31.304,0.2843,off_dry,very_high,1,2.321,0.00268,1
6.8,0.32,0.37,3.4,0.023,19.0,87.0,0.9902,3.14,0.53,12.7,6,white,7.49,21.25,0.2184,off_dry,very_high,1,3.434,0.00181,0
6.9,0.18,0.38,6.5,0.039,20.0,110.0,0.9943,3.1,0.42,10.5,5,white,7.46,38.333,0.1818,medium,medium,0,6.537,0.00371,0
9.4,0.26,0.53,1.2,0.047,25.0,109.0,0.9921,3.23,0.28,12.5,6,white,10.19,36.154,0.2294,off_dry,very_high,1,1.21,0.00376,0
8.3,0.33,0.42,1.15,0.033,18.0,96.0,0.9911,3.2,0.32,12.4,3,white,9.05,25.151,0.1875,off_dry,very_high,1,1.16,0.00266,0
7.3,0.29,0.3,13.0,0.043,46.0,238.0,0.9986,3.06,0.41,8.7,6,white,7.89,25.172,0.1933,medium,low,0,13.018,0.00494,0
7.9,0.41,0.37,4.5,0.03,40.0,114.0,0.992,3.17,0.54,12.4,7,white,8.68,19.268,0.3509,off_dry,very_high,1,4.536,0.00242,1
7.9,0.44,0.37,5.85,0.033,27.0,93.0,0.992,3.16,0.54,12.6,7,white,8.71,17.955,0.2903,medium,very_high,1,5.897,0.00262,1
7.7,0.39,0.3,5.2,0.037,29.0,131.0,0.9943,3.38,0.44,11.0,6,white,8.39,19.744,0.2214,medium,high,0,5.23,0.00336,0
7.7,0.26,0.31,1.3,0.043,47.0,155.0,0.9937,3.42,0.5,10.1,6,white,8.27,29.615,0.3032,off_dry,medium,0,1.308,0.00426,0
7.8,0.32,0.31,1.7,0.036,46.0,195.0,0.993,3.03,0.48,10.5,5,white,8.43,24.375,0.2359,off_dry,medium,0,1.712,0.00343,0
7.3,0.24,0.39,3.6,0.024,35.0,116.0,0.9928,3.17,0.51,10.9,5,white,7.93,30.417,0.3017,off_dry,high,0,3.626,0.0022,0
7.1,0.44,0.37,2.7,0.041,35.0,128.0,0.9896,3.07,0.43,13.5,7,white,7.91,16.136,0.2734,off_dry,very_high,1,2.728,0.00304,1
9.65,0.25,0.48,2.2,0.042,28.0,164.0,0.998,3.19,0.59,9.7,5,white,10.38,38.6,0.1707,off_dry,medium,0,2.204,0.00433,0
7.9,0.14,0.28,1.8,0.041,44.0,178.0,0.9954,3.45,0.43,9.2,6,white,8.32,56.428,0.2472,off_dry,medium,0,1.808,0.00446,0
7.4,0.18,0.42,2.1,0.036,33.0,187.0,0.9938,3.4,0.41,10.6,7,white,8.0,41.111,0.1765,off_dry,high,0,2.113,0.0034,1
8.1,0.43,0.42,6.6,0.033,36.0,141.0,0.9918,2.98,0.39,13.3,7,white,8.95,18.837,0.2553,medium,very_high,1,6.655,0.00248,1
6.4,0.26,0.22,5.1,0.037,23.0,131.0,0.9944,3.29,0.32,10.1,5,white,6.88,24.615,0.1756,medium,medium,0,5.129,0.00366,0
8.0,0.66,0.6400000000000001,16.05,0.042,62.0,233.0,0.9999,2.92,0.68,9.4,4,white,9.3,12.121,0.2661,medium,medium,0,16.052,0.00447,0
8.0,0.2,0.4,5.2,0.055,41.0,167.0,0.9953,3.18,0.4,10.6,7,white,8.6,40.0,0.2455,medium,high,0,5.225,0.00519,1
7.2,0.21,0.34,1.1,0.046,25.0,80.0,0.992,3.25,0.4,11.3,6,white,7.75,34.286,0.3125,off_dry,high,0,1.109,0.00407,0
7.2,0.18,0.31,1.1,0.045,20.0,73.0,0.9925,3.32,0.4,10.8,7,white,7.69,40.0,0.274,off_dry,high,0,1.108,0.00417,1
8.4,0.57,0.44,10.7,0.051,46.0,195.0,0.9981,3.15,0.51,10.4,5,white,9.41,14.737,0.2359,medium,medium,0,10.72,0.0049,0
5.3,0.26,0.23,5.15,0.034,48.0,160.0,0.9952,3.66,0.51,10.5,7,white,5.79,20.385,0.3,medium,medium,0,5.175,0.00324,1
5.7,0.245,0.33,1.1,0.049,28.0,150.0,0.9927,3.13,0.42,9.3,5,white,6.275,23.265,0.1867,off_dry,medium,0,1.108,0.00527,0
5.6,0.245,0.32,1.1,0.047,24.0,152.0,0.9927,3.12,0.42,9.3,6,white,6.165,22.857,0.1579,off_dry,medium,0,1.108,0.00505,0
7.3,0.25,0.41,1.8,0.037,52.0,165.0,0.9911,3.29,0.39,12.2,7,white,7.96,29.2,0.3152,off_dry,very_high,1,1.816,0.00303,1
7.0,0.16,0.6400000000000001,1.0,0.10800000000000001,58.0,150.0,0.9936,3.08,0.3,9.2,5,white,7.8,43.75,0.3867,dry,medium,0,1.006,0.01174,0
6.4,0.22,0.34,1.8,0.057,29.0,104.0,0.9959,3.66,0.57,10.3,6,white,6.96,29.091,0.2788,off_dry,medium,0,1.807,0.00553,0
7.3,0.18,0.6400000000000001,1.4,0.046,28.0,157.0,0.9946,3.33,0.62,9.4,6,white,8.12,40.555,0.1783,off_dry,medium,0,1.408,0.00489,0
6.4,0.17,0.27,6.7,0.036,78.5,223.0,0.9948,3.28,0.35,10.2,6,white,6.84,37.647,0.352,medium,medium,0,6.735,0.00353,0
6.9,0.29,0.16,6.8,0.034,65.0,212.0,0.9955,3.08,0.39,9.0,6,white,7.35,23.793,0.3066,medium,low,0,6.831,0.00378,0
6.2,0.21,0.38,6.8,0.036,64.0,245.0,0.9951,3.06,0.36,9.3,6,white,6.79,29.524,0.2612,medium,medium,0,6.833,0.00387,0
6.4,0.23,0.3,7.1,0.037,63.0,236.0,0.9952,3.06,0.34,9.2,6,white,6.93,27.826,0.2669,medium,medium,0,7.134,0.00402,0
7.3,0.19,0.6400000000000001,1.5,0.05,31.0,156.0,0.9946,3.32,0.64,9.4,6,white,8.13,38.421,0.1987,off_dry,medium,0,1.508,0.00532,0
9.6,0.29,0.46,1.45,0.039,77.5,223.0,0.9944,2.92,0.46,9.5,6,white,10.35,33.103,0.3475,off_dry,medium,0,1.458,0.00411,0
7.2,0.14,0.35,1.2,0.036,15.0,73.0,0.9938,3.46,0.39,9.9,5,white,7.69,51.428,0.2055,off_dry,medium,0,1.207,0.00364,0
6.9,0.31,0.34,7.4,0.059,36.0,174.0,0.9963,3.46,0.62,11.1,7,white,7.55,22.258,0.2069,medium,high,0,7.427,0.00532,1
7.5,0.28,0.34,4.2,0.028,36.0,116.0,0.991,2.99,0.41,12.3,8,white,8.12,26.786,0.3103,off_dry,very_high,1,4.238,0.00228,1
8.0,0.22,0.42,14.6,0.044,45.0,163.0,1.0003,3.21,0.69,8.6,7,white,8.64,36.363,0.2761,medium,low,0,14.596,0.00512,1
7.6,0.31,0.29,10.5,0.04,21.0,145.0,0.9966,3.04,0.35,9.4,5,white,8.2,24.516,0.1448,medium,medium,0,10.536,0.00426,0
8.4,0.35,0.56,13.8,0.048,55.0,190.0,0.9993,3.07,0.58,9.4,6,white,9.31,24.0,0.2895,medium,medium,0,13.81,0.00511,0
8.1,0.5,0.47,1.1,0.037,23.0,126.0,0.9938,3.21,0.42,10.9,5,white,9.07,16.2,0.1825,off_dry,high,0,1.107,0.00339,0
7.0,0.39,0.31,5.3,0.10800000000000001,32.0,162.0,0.9965,3.2,0.48,9.4,5,white,7.7,17.949,0.1975,medium,medium,0,5.319,0.01149,0
6.2,0.22,0.27,1.5,0.064,20.0,132.0,0.9938,3.22,0.46,9.2,6,white,6.69,28.182,0.1515,off_dry,medium,0,1.509,0.00696,0
7.0,0.24,0.36,4.9,0.083,10.0,133.0,0.9942,3.33,0.37,10.8,6,white,7.6,29.167,0.0752,off_dry,high,0,4.929,0.00769,0
6.6,0.27,0.3,1.9,0.025,14.0,153.0,0.9928,3.29,0.62,10.5,6,white,7.17,24.444,0.0915,off_dry,medium,0,1.914,0.00238,0
7.8,0.16,0.41,1.7,0.026,29.0,140.0,0.991,3.02,0.78,12.5,6,white,8.37,48.75,0.2071,off_dry,very_high,1,1.715,0.00208,0
7.7,0.27,0.34,1.8,0.028,26.0,168.0,0.9911,2.99,0.48,12.1,7,white,8.31,28.518,0.1548,off_dry,very_high,1,1.816,0.00231,1
7.4,0.31,0.6400000000000001,10.7,0.039,51.0,147.0,0.9977,3.02,0.43,8.7,5,white,8.35,23.871,0.3469,medium,low,0,10.725,0.00448,0
8.0,0.45,0.36,8.8,0.026,50.0,151.0,0.9927,3.07,0.25,12.7,8,white,8.81,17.778,0.3311,medium,very_high,1,8.865,0.00205,1
6.6,0.16,0.29,1.8,0.05,40.0,147.0,0.9912,3.06,0.44,11.4,7,white,7.05,41.25,0.2721,off_dry,high,0,1.816,0.00439,1
8.3,0.21,0.4,1.6,0.032,35.0,110.0,0.9907,3.02,0.6,12.9,7,white,8.91,39.524,0.3182,off_dry,very_high,1,1.615,0.00248,1
7.2,0.32,0.33,1.4,0.029,29.0,109.0,0.9902,3.15,0.51,12.8,7,white,7.85,22.5,0.2661,off_dry,very_high,1,1.414,0.00227,1
6.6,0.16,0.3,1.6,0.034,15.0,78.0,0.992,3.38,0.44,11.2,6,white,7.06,41.25,0.1923,off_dry,high,0,1.613,0.00304,0
8.4,0.16,0.33,1.5,0.033,16.0,98.0,0.994,3.14,0.42,9.7,6,white,8.89,52.5,0.1633,off_dry,medium,0,1.509,0.0034,0
7.5,0.23,0.32,9.2,0.038,54.0,191.0,0.9966,3.04,0.56,9.7,6,white,8.05,32.609,0.2827,medium,medium,0,9.231,0.00392,0
6.2,0.17,0.3,1.1,0.037,14.0,79.0,0.993,3.5,0.54,10.3,6,white,6.67,36.47,0.1772,off_dry,medium,0,1.108,0.00359,0
6.9,0.39,0.22,4.3,0.03,10.0,102.0,0.993,3.0,0.855,11.6,4,white,7.51,17.692,0.098,off_dry,high,0,4.33,0.00259,0
6.9,0.41,0.22,4.2,0.031,10.0,102.0,0.993,3.0,0.855,11.6,4,white,7.53,16.829,0.098,off_dry,high,0,4.23,0.00267,0
7.5,0.38,0.33,5.0,0.045,30.0,131.0,0.9942,3.32,0.44,10.9,6,white,8.21,19.737,0.229,off_dry,high,0,5.029,0.00413,0
7.3,0.42,0.38,6.8,0.045,29.0,122.0,0.9925,3.19,0.37,12.6,7,white,8.1,17.381,0.2377,medium,very_high,1,6.851,0.00357,1
7.3,0.34,0.39,5.2,0.04,45.0,163.0,0.9925,3.3,0.47,12.4,6,white,8.03,21.471,0.2761,medium,very_high,1,5.239,0.00323,0
7.8,0.23,0.28,4.75,0.042,45.0,166.0,0.9928,2.96,0.4,11.5,5,white,8.31,33.913,0.2711,off_dry,high,0,4.784,0.00365,0
9.0,0.245,0.38,5.9,0.045,52.0,159.0,0.995,2.93,0.35,10.2,6,white,9.625,36.735,0.327,medium,medium,0,5.93,0.00441,0
6.9,0.2,0.4,7.7,0.032,51.0,176.0,0.9939,3.22,0.27,11.4,5,white,7.5,34.5,0.2898,medium,high,0,7.747,0.00281,0
7.4,0.19,0.42,6.4,0.067,39.0,212.0,0.9958,3.3,0.33,9.6,6,white,8.01,38.947,0.184,medium,medium,0,6.427,0.00698,0
8.2,0.2,0.36,8.1,0.035,60.0,163.0,0.9952,3.05,0.3,10.3,6,white,8.76,41.0,0.3681,medium,medium,0,8.139,0.0034,0
8.0,0.59,0.6400000000000001,16.05,0.038,61.0,228.0,1.0,2.95,0.75,9.3,5,white,9.23,13.559,0.2675,medium,medium,0,16.05,0.00409,0
7.9,0.14,0.45,1.8,0.05,17.0,114.0,0.9948,3.33,0.49,10.7,7,white,8.49,56.428,0.1491,off_dry,high,0,1.809,0.00467,1
6.8,0.24,0.4,1.8,0.047,34.0,105.0,0.99,3.13,0.49,12.8,8,white,7.44,28.333,0.3238,off_dry,very_high,1,1.818,0.00367,1
9.65,0.14,0.59,1.5,0.049,23.0,142.0,0.9958,2.98,0.62,9.5,5,white,10.38,68.928,0.162,off_dry,medium,0,1.506,0.00516,0
9.2,0.15,0.6400000000000001,1.6,0.046,22.0,130.0,0.9948,3.02,0.45,10.4,6,white,9.99,61.333,0.1692,off_dry,medium,0,1.608,0.00442,0
9.4,0.17,0.55,1.6,0.049,14.0,94.0,0.9949,3.02,0.61,10.3,6,white,10.12,55.294,0.1489,off_dry,medium,0,1.608,0.00476,0
5.2,0.365,0.08,13.5,0.041,37.0,142.0,0.997,3.46,0.39,9.9,6,white,5.645,14.247,0.2606,medium,medium,0,13.541,0.00414,0
6.3,0.23,0.22,3.75,0.039,37.0,116.0,0.9927,3.23,0.5,10.7,6,white,6.75,27.391,0.319,off_dry,high,0,3.778,0.00364,0
9.6,0.25,0.54,1.3,0.04,16.0,160.0,0.9938,2.94,0.43,10.5,5,white,10.39,38.4,0.1,off_dry,medium,0,1.308,0.00381,0
9.2,0.32,0.42,1.3,0.046,14.0,186.0,0.9949,3.08,0.48,9.6,5,white,9.94,28.75,0.0753,off_dry,medium,0,1.307,0.00479,0
6.4,0.31,0.4,6.2,0.04,46.0,169.0,0.9953,3.15,0.46,9.3,6,white,7.11,20.645,0.2722,medium,medium,0,6.229,0.0043,0
8.1,0.2,0.36,9.7,0.044,63.0,162.0,0.997,3.1,0.46,10.0,6,white,8.66,40.5,0.3889,medium,medium,0,9.729,0.0044,0
7.9,0.255,0.26,2.0,0.026,40.0,190.0,0.9932,3.04,0.39,11.2,6,white,8.415,30.98,0.2105,off_dry,high,0,2.014,0.00232,0
7.0,0.15,0.34,1.4,0.039,21.0,177.0,0.9927,3.32,0.62,10.8,5,white,7.49,46.666,0.1186,off_dry,high,0,1.41,0.00361,0
6.4,0.15,0.31,1.1,0.044,25.0,96.0,0.9932,3.54,0.51,10.3,6,white,6.86,42.666,0.2604,off_dry,medium,0,1.108,0.00427,0
6.4,0.25,0.53,6.6,0.038,59.0,234.0,0.9955,3.03,0.42,8.8,5,white,7.18,25.6,0.2521,medium,low,0,6.63,0.00432,0
7.6,0.19,0.42,1.5,0.044,6.0,114.0,0.9914,3.04,0.74,12.8,6,white,8.21,40.0,0.0526,off_dry,very_high,1,1.513,0.00344,0
7.3,0.43,0.37,4.6,0.028,17.0,114.0,0.991,3.23,0.43,13.2,6,white,8.1,16.977,0.1491,off_dry,very_high,1,4.642,0.00212,0
5.1,0.31,0.3,0.9,0.037,28.0,152.0,0.992,3.54,0.56,10.1,6,white,5.71,16.452,0.1842,dry,medium,0,0.907,0.00366,0
6.2,0.2,0.26,1.7,0.093,40.0,161.0,0.9924,3.44,0.66,11.0,5,white,6.66,31.0,0.2484,off_dry,high,0,1.713,0.00845,0
6.9,0.16,0.35,1.3,0.043,21.0,182.0,0.9927,3.25,0.62,10.8,6,white,7.41,43.125,0.1154,off_dry,high,0,1.31,0.00398,0
7.7,0.32,0.48,2.3,0.04,28.0,114.0,0.9911,3.2,0.52,12.8,7,white,8.5,24.062,0.2456,off_dry,very_high,1,2.321,0.00312,1
6.5,0.22,0.6400000000000001,6.8,0.042,33.0,168.0,0.9958,3.12,0.36,9.2,6,white,7.36,29.545,0.1964,medium,medium,0,6.829,0.00457,0
6.8,0.26,0.33,1.5,0.047,44.0,167.0,0.9928,3.12,0.44,10.5,6,white,7.39,26.154,0.2635,off_dry,medium,0,1.511,0.00448,0
5.2,0.37,0.33,1.2,0.028,13.0,81.0,0.9902,3.37,0.38,11.7,6,white,5.9,14.054,0.1605,off_dry,high,0,1.212,0.00239,0
8.4,0.19,0.43,2.1,0.052,20.0,104.0,0.994,2.85,0.46,9.5,5,white,9.02,44.21,0.1923,off_dry,medium,0,2.113,0.00547,0
8.3,0.21,0.41,2.2,0.05,24.0,108.0,0.994,2.85,0.45,9.5,5,white,8.92,39.524,0.2222,off_dry,medium,0,2.213,0.00526,0
6.8,0.15,0.32,8.8,0.058,24.0,110.0,0.9972,3.4,0.4,8.8,6,white,7.27,45.333,0.2182,medium,low,0,8.825,0.00659,0
7.9,0.16,0.64,16.05,0.05,69.0,210.0,1.0004,3.15,0.51,9.3,7,white,8.7,49.375,0.3286,medium,medium,0,16.044,0.00538,1
7.8,0.21,0.39,1.8,0.034,62.0,180.0,0.991,3.09,0.75,12.6,8,white,8.4,37.143,0.3444,off_dry,very_high,1,1.816,0.0027,1
9.0,0.24,0.5,1.2,0.048,26.0,107.0,0.9918,3.21,0.34,12.4,6,white,9.74,37.5,0.243,off_dry,very_high,1,1.21,0.00387,0
5.7,0.21,0.24,2.3,0.047,60.0,189.0,0.995,3.65,0.72,10.1,6,white,6.15,27.143,0.3175,off_dry,medium,0,2.312,0.00465,0
7.8,0.29,0.36,7.0,0.042,38.0,161.0,0.9941,3.26,0.37,11.2,8,white,8.45,26.896,0.236,medium,high,0,7.042,0.00375,1
6.7,0.18,0.3,6.4,0.048,40.0,251.0,0.9956,3.29,0.52,10.0,5,white,7.18,37.222,0.1594,medium,medium,0,6.428,0.0048,0
8.4,0.58,0.27,12.15,0.033,37.0,116.0,0.9959,2.99,0.39,10.8,6,white,9.25,14.483,0.319,medium,high,0,12.2,0.00306,0
7.2,0.16,0.32,0.8,0.04,50.0,121.0,0.9922,3.27,0.33,10.0,6,white,7.68,45.0,0.4132,dry,medium,0,0.806,0.004,0
7.6,0.54,0.23,2.0,0.029,13.0,151.0,0.9931,3.04,0.33,10.4,5,white,8.37,14.074,0.0861,off_dry,medium,0,2.014,0.00279,0
6.6,0.25,0.31,12.4,0.059,52.0,181.0,0.9984,3.51,0.47,9.8,6,white,7.16,26.4,0.2873,medium,medium,0,12.42,0.00602,0
7.3,0.23,0.37,1.9,0.041,51.0,165.0,0.9908,3.26,0.4,12.2,8,white,7.9,31.739,0.3091,off_dry,very_high,1,1.918,0.00336,1
7.3,0.39,0.37,1.1,0.043,36.0,113.0,0.991,3.39,0.48,12.7,8,white,8.06,18.718,0.3186,off_dry,very_high,1,1.11,0.00339,1
7.0,0.46,0.39,6.2,0.039,46.0,163.0,0.9928,3.21,0.35,12.2,7,white,7.85,15.217,0.2822,medium,very_high,1,6.245,0.0032,1
8.2,0.35,0.4,6.3,0.039,35.0,162.0,0.9936,3.15,0.34,11.9,7,white,8.95,23.429,0.216,medium,high,0,6.341,0.00328,1
9.2,0.35,0.39,0.9,0.042,15.0,61.0,0.9924,2.96,0.28,10.4,4,white,9.94,26.286,0.2459,dry,medium,0,0.907,0.00404,0
8.0,0.57,0.39,3.9,0.034,22.0,122.0,0.9917,3.29,0.67,12.8,7,white,8.96,14.035,0.1803,off_dry,very_high,1,3.933,0.00266,1
6.5,0.37,0.33,3.9,0.027,40.0,130.0,0.9906,3.28,0.39,12.7,7,white,7.2,17.568,0.3077,off_dry,very_high,1,3.937,0.00213,1
7.8,0.13,0.3,1.8,0.04,43.0,179.0,0.9955,3.43,0.41,9.0,5,white,8.23,60.0,0.2402,off_dry,low,0,1.808,0.00444,0
7.6,0.19,0.41,1.1,0.04,38.0,143.0,0.9907,2.92,0.42,11.4,5,white,8.2,40.0,0.2657,off_dry,high,0,1.11,0.00351,0
7.3,0.22,0.41,15.4,0.05,55.0,191.0,1.0,3.32,0.59,8.9,6,white,7.93,33.182,0.288,medium,low,0,15.4,0.00562,0
6.3,0.29,0.4,6.5,0.039,43.0,167.0,0.9953,3.15,0.44,9.3,6,white,6.99,21.724,0.2575,medium,medium,0,6.531,0.00419,0
6.8,0.35,0.32,2.4,0.048,35.0,103.0,0.9911,3.28,0.46,12.0,8,white,7.47,19.429,0.3398,off_dry,high,1,2.422,0.004,1
6.5,0.19,0.32,1.4,0.04,31.0,132.0,0.9922,3.36,0.54,10.8,7,white,7.01,34.21,0.2348,off_dry,high,0,1.411,0.0037,1
6.2,0.12,0.26,5.7,0.044,56.0,158.0,0.9951,3.52,0.37,10.5,6,white,6.58,51.666,0.3544,medium,medium,0,5.728,0.00419,0
6.0,0.13,0.28,5.7,0.038,56.0,189.5,0.9948,3.59,0.43,10.6,7,white,6.41,46.153,0.2955,medium,high,0,5.73,0.00358,1
6.4,0.25,0.33,1.4,0.04,42.0,115.0,0.9906,3.19,0.48,11.3,7,white,6.98,25.6,0.3652,off_dry,high,0,1.413,0.00354,1
6.9,0.32,0.16,1.4,0.051,15.0,96.0,0.994,3.22,0.38,9.5,4,white,7.38,21.562,0.1562,off_dry,medium,0,1.408,0.00537,0
6.7,0.13,0.28,1.2,0.046,35.0,140.0,0.9927,3.33,0.33,10.1,7,white,7.11,51.538,0.25,off_dry,medium,0,1.209,0.00455,1
7.0,0.14,0.41,0.9,0.037,22.0,95.0,0.9914,3.25,0.43,10.9,6,white,7.55,50.0,0.2316,dry,high,0,0.908,0.00339,0
7.6,0.27,0.24,3.8,0.058,19.0,115.0,0.9958,3.15,0.45,8.9,5,white,8.11,28.148,0.1652,off_dry,low,0,3.816,0.00652,0
7.4,0.64,0.47,14.15,0.10800000000000001,42.0,185.0,0.9984,2.9,0.49,9.3,5,white,8.51,11.562,0.227,medium,medium,0,14.173,0.01161,0
7.6,0.28,0.39,1.9,0.052,23.0,116.0,0.9941,3.25,0.4,10.4,6,white,8.27,27.143,0.1983,off_dry,medium,0,1.911,0.005,0
8.3,0.26,0.41,9.2,0.042,41.0,162.0,0.9944,3.1,0.38,12.0,7,white,8.97,31.923,0.2531,medium,high,1,9.252,0.0035,1
9.65,0.22,0.56,8.2,0.044,37.0,181.0,0.998,2.87,0.68,9.5,6,white,10.43,43.863,0.2044,medium,medium,0,8.216,0.00463,0
6.9,0.23,0.34,2.7,0.032,24.0,121.0,0.9902,3.14,0.38,12.4,7,white,7.47,30.0,0.1983,off_dry,very_high,1,2.727,0.00258,1
6.2,0.3,0.32,1.7,0.032,30.0,130.0,0.9911,3.28,0.41,11.2,7,white,6.82,20.667,0.2308,off_dry,high,0,1.715,0.00286,1
6.9,0.27,0.41,1.7,0.047,6.0,134.0,0.9929,3.15,0.69,11.4,6,white,7.58,25.555,0.0448,off_dry,high,0,1.712,0.00412,0
6.9,0.28,0.41,1.7,0.05,10.0,136.0,0.993,3.16,0.71,11.4,6,white,7.59,24.643,0.0735,off_dry,high,0,1.712,0.00439,0
6.9,0.28,0.3,1.6,0.047,46.0,132.0,0.9918,3.35,0.38,11.1,7,white,7.48,24.643,0.3485,off_dry,high,0,1.613,0.00423,1
6.9,0.46,0.2,0.9,0.054,5.0,126.0,0.992,3.1,0.42,10.4,6,white,7.56,15.0,0.0397,dry,medium,0,0.907,0.00519,0
6.9,0.38,0.32,8.5,0.044,36.0,152.0,0.9932,3.38,0.35,12.0,7,white,7.6,18.158,0.2368,medium,high,1,8.558,0.00367,1
5.7,0.43,0.3,5.7,0.039,24.0,98.0,0.992,3.54,0.61,12.3,7,white,6.43,13.256,0.2449,medium,very_high,1,5.746,0.00317,1
6.6,0.56,0.16,3.1,0.045,28.0,92.0,0.994,3.12,0.35,9.1,6,white,7.32,11.786,0.3043,off_dry,medium,0,3.119,0.00495,0
7.1,0.36,0.56,1.3,0.046,25.0,102.0,0.9923,3.24,0.33,10.5,6,white,8.02,19.722,0.2451,off_dry,medium,0,1.31,0.00438,0
6.8,0.23,0.4,1.6,0.047,5.0,133.0,0.993,3.23,0.7,11.4,6,white,7.43,29.565,0.0376,off_dry,high,0,1.611,0.00412,0
6.2,0.33,0.29,1.3,0.042,26.0,138.0,0.9956,3.66,0.64,9.5,5,white,6.82,18.788,0.1884,off_dry,medium,0,1.306,0.00442,0
5.6,0.49,0.13,4.5,0.039,17.0,116.0,0.9907,3.42,0.855,13.7,7,white,6.22,11.429,0.1466,off_dry,very_high,1,4.542,0.00285,1
6.6,0.42,0.33,2.8,0.034,15.0,85.0,0.99,3.28,0.51,13.4,6,white,7.35,15.714,0.1765,off_dry,very_high,1,2.828,0.00254,0
7.3,0.18,0.29,1.2,0.044,12.0,143.0,0.9918,3.2,0.48,11.3,7,white,7.77,40.555,0.0839,off_dry,high,0,1.21,0.00389,1
8.1,0.19,0.4,0.9,0.037,73.0,180.0,0.9926,3.06,0.34,10.0,6,white,8.69,42.631,0.4056,dry,medium,0,0.907,0.0037,0
5.9,0.19,0.26,7.4,0.034,33.0,123.0,0.995,3.49,0.42,10.1,6,white,6.35,31.052,0.2683,medium,medium,0,7.437,0.00337,0
6.2,0.16,0.47,1.4,0.029,23.0,81.0,0.99,3.26,0.42,12.2,6,white,6.83,38.75,0.284,off_dry,very_high,1,1.414,0.00238,0
5.7,0.135,0.3,4.6,0.042,19.0,101.0,0.9946,3.31,0.42,9.3,6,white,6.135,42.222,0.1881,off_dry,medium,0,4.625,0.00452,0
6.9,0.19,0.33,1.6,0.039,27.0,98.0,0.9898,3.09,0.46,12.3,7,white,7.42,36.316,0.2755,off_dry,very_high,1,1.616,0.00317,1
7.3,0.25,0.36,13.1,0.05,35.0,200.0,0.9986,3.04,0.46,8.9,7,white,7.91,29.2,0.175,medium,low,0,13.118,0.00562,1
7.0,0.2,0.34,5.7,0.035,32.0,83.0,0.9928,3.19,0.46,11.5,6,white,7.54,35.0,0.3855,medium,high,0,5.741,0.00304,0
6.3,0.67,0.48,12.6,0.052,57.0,222.0,0.9979,3.17,0.52,9.3,6,white,7.45,9.403,0.2568,medium,medium,0,12.627,0.00559,0
7.4,0.4,0.29,5.4,0.044,31.0,122.0,0.994,3.3,0.5,11.1,8,white,8.09,18.5,0.2541,medium,high,0,5.433,0.00396,1
7.1,0.26,0.31,2.2,0.044,29.0,128.0,0.9937,3.34,0.64,10.9,8,white,7.67,27.308,0.2266,off_dry,high,0,2.214,0.00404,1
9.0,0.31,0.48,6.6,0.043,11.0,73.0,0.9938,2.9,0.38,11.6,5,white,9.79,29.032,0.1507,medium,high,0,6.641,0.00371,0
6.3,0.39,0.24,6.9,0.069,9.0,117.0,0.9942,3.15,0.35,10.2,4,white,6.93,16.154,0.0769,medium,medium,0,6.94,0.00676,0
8.2,0.22,0.36,6.8,0.034,12.0,90.0,0.9944,3.01,0.38,10.5,8,white,8.78,37.273,0.1333,medium,medium,0,6.838,0.00324,1
7.1,0.19,0.28,3.6,0.033,16.0,78.0,0.993,2.91,0.78,11.4,6,white,7.57,37.368,0.2051,off_dry,high,0,3.625,0.00289,0
7.9,0.2,0.34,1.2,0.04,29.0,118.0,0.9932,3.14,0.41,10.6,6,white,8.44,39.5,0.2458,off_dry,high,0,1.208,0.00377,0
7.1,0.26,0.32,5.9,0.037,39.0,97.0,0.9934,3.31,0.4,11.6,6,white,7.68,27.308,0.4021,medium,high,0,5.939,0.00319,0
6.9,0.3,0.33,4.1,0.035,26.0,155.0,0.9925,3.25,0.79,12.3,8,white,7.53,23.0,0.1677,off_dry,very_high,1,4.131,0.00285,1
8.1,0.29,0.49,7.1,0.042,22.0,124.0,0.9944,3.14,0.41,10.8,6,white,8.88,27.931,0.1774,medium,high,0,7.14,0.00389,0
5.8,0.17,0.3,1.4,0.037,55.0,130.0,0.9909,3.29,0.38,11.3,6,white,6.27,34.117,0.4231,off_dry,high,0,1.413,0.00327,0
5.9,0.415,0.02,0.8,0.038,22.0,63.0,0.9932,3.36,0.36,9.3,5,white,6.335,14.217,0.3492,dry,medium,0,0.805,0.00409,0
6.6,0.23,0.26,1.3,0.045,16.0,128.0,0.9934,3.36,0.6,10.0,6,white,7.09,28.696,0.125,off_dry,medium,0,1.309,0.0045,0
8.6,0.55,0.35,15.55,0.057,35.5,272.125,1.0001,3.04,0.63,11.0,3,white,9.5,15.636,0.1305,medium,high,0,15.548,0.00518,0
6.9,0.35,0.6400000000000001,1.0,0.044,18.0,132.0,0.992,3.13,0.55,10.2,5,white,7.89,19.714,0.1364,dry,medium,0,1.008,0.00431,0
7.6,0.14,0.6400000000000001,1.6,0.04,27.0,103.0,0.9916,3.07,0.4,10.8,7,white,8.38,54.285,0.2621,off_dry,high,0,1.614,0.0037,1
9.2,0.28,0.49,11.8,0.042,29.0,137.0,0.998,3.1,0.34,10.1,4,white,9.97,32.857,0.2117,medium,medium,0,11.824,0.00416,0
6.2,0.18,0.49,4.5,0.047,17.0,90.0,0.9919,3.27,0.37,11.6,6,white,6.87,34.444,0.1889,off_dry,high,0,4.537,0.00405,0
5.3,0.165,0.24,1.1,0.051,25.0,105.0,0.9925,3.32,0.47,9.1,5,white,5.705,32.121,0.2381,off_dry,medium,0,1.108,0.0056,0
9.65,0.25,0.6400000000000001,10.0,0.056,36.0,225.0,0.9977,3.06,0.43,10.0,4,white,10.54,38.6,0.16,medium,medium,0,10.023,0.0056,0
6.8,0.22,0.49,0.9,0.052,26.0,128.0,0.991,3.25,0.35,11.4,6,white,7.51,30.909,0.2031,dry,high,0,0.908,0.00456,0
7.2,0.22,0.49,1.0,0.045,34.0,140.0,0.99,3.05,0.34,12.7,6,white,7.91,32.727,0.2429,dry,very_high,1,1.01,0.00354,0
7.4,0.25,0.49,1.1,0.042,35.0,156.0,0.9917,3.13,0.55,11.3,5,white,8.14,29.6,0.2244,off_dry,high,0,1.109,0.00372,0
8.2,0.18,0.49,1.1,0.033,28.0,81.0,0.9923,3.0,0.68,10.4,7,white,8.87,45.555,0.3457,off_dry,medium,0,1.109,0.00317,1
6.1,0.22,0.49,1.5,0.051,18.0,87.0,0.9928,3.3,0.46,9.6,5,white,6.81,27.727,0.2069,off_dry,medium,0,1.511,0.00531,0
7.0,0.39,0.24,1.0,0.048,8.0,119.0,0.9923,3.0,0.31,10.1,4,white,7.63,17.949,0.0672,dry,medium,0,1.008,0.00475,0
6.5,0.36,0.49,2.9,0.03,16.0,94.0,0.9902,3.1,0.49,12.1,7,white,7.35,18.056,0.1702,off_dry,very_high,1,2.929,0.00248,1
7.1,0.29,0.49,1.2,0.031,32.0,99.0,0.9893,3.07,0.33,12.2,6,white,7.88,24.483,0.3232,off_dry,very_high,1,1.213,0.00254,0
6.9,0.23,0.24,14.2,0.053,19.0,94.0,0.9982,3.17,0.5,9.6,5,white,7.37,30.0,0.2021,medium,medium,0,14.226,0.00552,0
8.5,0.56,0.6400000000000001,16.05,0.051,51.0,243.0,1.0005,2.99,0.7,9.2,5,white,9.7,15.179,0.2099,medium,medium,0,16.042,0.00554,0
6.3,0.23,0.49,7.1,0.05,67.0,210.0,0.9951,3.23,0.34,9.5,5,white,7.02,27.391,0.319,medium,medium,0,7.135,0.00526,0
6.1,0.25,0.49,7.6,0.052,67.0,226.0,0.9956,3.16,0.47,8.9,5,white,6.84,24.4,0.2965,medium,low,0,7.634,0.00584,0
7.2,0.26,0.6400000000000001,13.6,0.05,56.0,162.0,0.998,3.03,0.44,8.8,5,white,8.1,27.692,0.3457,medium,low,0,13.627,0.00568,0
7.2,0.31,0.24,1.4,0.057,17.0,117.0,0.9928,3.16,0.35,10.5,5,white,7.75,23.226,0.1453,off_dry,medium,0,1.41,0.00543,0
8.0,0.25,0.49,1.2,0.061,27.0,117.0,0.9938,3.08,0.34,9.4,5,white,8.74,32.0,0.2308,off_dry,medium,0,1.207,0.00649,0
7.0,0.18,0.49,5.3,0.04,34.0,125.0,0.9914,3.24,0.4,12.2,6,white,7.67,38.889,0.272,medium,very_high,1,5.346,0.00328,0
7.8,0.43,0.49,13.0,0.033,37.0,158.0,0.9955,3.14,0.35,11.3,6,white,8.72,18.139,0.2342,medium,high,0,13.059,0.00292,0
8.3,0.2,0.6400000000000001,4.45,0.044,33.0,130.0,0.9924,3.25,0.42,12.2,6,white,9.14,41.5,0.2538,off_dry,very_high,1,4.484,0.00361,0
6.3,0.27,0.49,1.2,0.063,35.0,92.0,0.9911,3.38,0.42,12.2,6,white,7.06,23.333,0.3804,off_dry,very_high,1,1.211,0.00516,0
7.4,0.16,0.49,1.2,0.055,18.0,150.0,0.9917,3.23,0.47,11.2,6,white,8.05,46.25,0.12,off_dry,high,0,1.21,0.00491,0
6.9,0.19,0.49,6.6,0.036,49.0,172.0,0.9932,3.2,0.27,11.5,6,white,7.58,36.316,0.2849,medium,high,0,6.645,0.00313,0
7.2,0.4,0.49,1.1,0.048,11.0,138.0,0.9929,3.01,0.42,9.3,5,white,8.09,18.0,0.0797,off_dry,medium,0,1.108,0.00516,0
7.6,0.52,0.49,14.0,0.034,37.0,156.0,0.9958,3.14,0.38,11.8,7,white,8.61,14.615,0.2372,medium,high,0,14.059,0.00288,1
8.3,0.21,0.49,16.05,0.054,50.0,231.0,1.0012,2.99,0.54,9.2,5,white,9.0,39.524,0.2165,medium,medium,0,16.031,0.00587,0
6.9,0.34,0.6400000000000001,11.2,0.069,44.0,150.0,0.9968,3.0,0.81,9.2,5,white,7.88,20.294,0.2933,medium,medium,0,11.236,0.0075,0
7.1,0.22,0.6400000000000001,2.7,0.044,42.0,144.0,0.991,3.31,0.41,12.2,6,white,7.96,32.273,0.2917,off_dry,very_high,1,2.725,0.00361,0
7.9,0.11,0.49,4.5,0.048,27.0,133.0,0.9946,3.24,0.42,10.6,6,white,8.5,71.818,0.203,off_dry,high,0,4.524,0.00453,0
8.5,0.17,0.6400000000000001,3.6,0.05,29.0,128.0,0.9928,3.28,0.4,12.4,6,white,9.31,50.0,0.2266,off_dry,very_high,1,3.626,0.00403,0
6.4,0.145,0.49,5.4,0.048,54.0,164.0,0.9946,3.56,0.44,10.8,6,white,7.035,44.138,0.3293,medium,high,0,5.429,0.00444,0
8.3,0.19,0.49,1.2,0.051,11.0,137.0,0.9918,3.06,0.46,11.0,6,white,8.98,43.684,0.0803,off_dry,high,0,1.21,0.00464,0
8.0,0.44,0.49,9.1,0.031,46.0,151.0,0.9926,3.16,0.27,12.7,8,white,8.93,18.182,0.3046,medium,very_high,1,9.168,0.00244,1
7.0,0.2,0.6400000000000001,0.8,0.044,19.0,163.0,0.9931,3.46,0.53,10.2,5,white,7.84,35.0,0.1166,dry,medium,0,0.806,0.00431,0
7.1,0.25,0.49,3.0,0.03,30.0,96.0,0.9903,3.13,0.39,12.3,7,white,7.84,28.4,0.3125,off_dry,very_high,1,3.029,0.00244,1
6.5,0.24,0.24,1.6,0.046,15.0,60.0,0.9928,3.19,0.39,9.8,5,white,6.98,27.083,0.25,off_dry,medium,0,1.612,0.00469,0
7.8,0.21,0.49,1.35,0.052,6.0,48.0,0.9911,3.15,0.28,11.4,5,white,8.5,37.143,0.125,off_dry,high,0,1.362,0.00456,0
7.0,0.2,0.49,5.9,0.038,39.0,128.0,0.9938,3.21,0.48,10.8,6,white,7.69,35.0,0.3047,medium,high,0,5.937,0.00352,0
6.9,0.25,0.24,3.6,0.057,13.0,85.0,0.9942,2.99,0.48,9.5,4,white,7.39,27.6,0.1529,off_dry,medium,0,3.621,0.006,0
7.2,0.08,0.49,1.3,0.05,18.0,148.0,0.9945,3.46,0.44,10.2,6,white,7.77,89.999,0.1216,off_dry,medium,0,1.307,0.0049,0
7.1,0.6799999999999999,0.49,8.7,0.028,40.0,184.0,0.9962,3.22,0.36,10.7,5,white,8.27,10.441,0.2174,medium,high,0,8.733,0.00262,0
7.6,0.51,0.24,1.2,0.04,10.0,104.0,0.992,3.05,0.29,10.8,6,white,8.35,14.902,0.0962,off_dry,high,0,1.21,0.0037,0
7.9,0.22,0.24,4.6,0.044,39.0,159.0,0.9927,2.99,0.28,11.5,6,white,8.36,35.909,0.2453,off_dry,high,0,4.634,0.00383,0
7.7,0.16,0.49,2.0,0.056,20.0,124.0,0.9948,3.32,0.49,10.7,6,white,8.35,48.125,0.1613,off_dry,high,0,2.01,0.00523,0
6.6,0.25,0.24,1.7,0.048,26.0,124.0,0.9942,3.37,0.6,10.1,6,white,7.09,26.4,0.2097,off_dry,medium,0,1.71,0.00475,0
6.7,0.16,0.49,2.4,0.046,57.0,187.0,0.9952,3.62,0.81,10.4,6,white,7.35,41.875,0.3048,off_dry,medium,0,2.412,0.00442,0
7.5,0.32,0.24,4.6,0.053,8.0,134.0,0.9958,3.14,0.5,9.1,3,white,8.06,23.437,0.0597,off_dry,medium,0,4.619,0.00582,0
7.4,0.28,0.49,1.5,0.034,20.0,126.0,0.9918,2.98,0.39,10.6,6,white,8.17,26.428,0.1587,off_dry,high,0,1.512,0.00321,0
6.2,0.15,0.49,0.9,0.033,17.0,51.0,0.9932,3.3,0.7,9.4,6,white,6.84,41.333,0.3333,dry,medium,0,0.906,0.00351,0
6.7,0.25,0.6400000000000001,16.05,0.054,44.0,169.0,1.0004,3.51,0.45,9.8,6,white,7.59,26.8,0.2604,medium,medium,0,16.044,0.00551,0
6.5,0.26,0.6400000000000001,13.3,0.044,68.0,224.0,0.9972,3.18,0.54,9.5,6,white,7.4,25.0,0.3036,medium,medium,0,13.337,0.00463,0
7.9,0.16,0.6400000000000001,16.05,0.037,52.0,187.0,0.9998,2.99,0.41,9.3,5,white,8.7,49.375,0.2781,medium,medium,0,16.053,0.00398,0
5.6,0.185,0.49,1.1,0.03,28.0,117.0,0.9918,3.55,0.45,10.3,6,white,6.275,30.27,0.2393,off_dry,medium,0,1.109,0.00291,0
7.5,0.2,0.49,1.3,0.031,8.0,97.0,0.9918,3.06,0.62,11.1,5,white,8.19,37.5,0.0825,off_dry,high,0,1.311,0.00279,0
8.0,0.3,0.49,9.4,0.046,47.0,188.0,0.9964,3.14,0.48,10.0,5,white,8.79,26.667,0.25,medium,medium,0,9.434,0.0046,0
8.0,0.34,0.49,9.0,0.033,39.0,180.0,0.9936,3.13,0.38,12.3,8,white,8.83,23.529,0.2167,medium,very_high,1,9.058,0.00268,1
7.7,0.35,0.49,8.65,0.033,42.0,186.0,0.9931,3.14,0.38,12.4,8,white,8.54,22.0,0.2258,medium,very_high,1,8.71,0.00266,1
7.6,0.29,0.49,9.6,0.03,45.0,197.0,0.9938,3.13,0.38,12.3,7,white,8.38,26.207,0.2284,medium,very_high,1,9.66,0.00244,1
6.7,0.62,0.24,1.1,0.039,6.0,62.0,0.9934,3.41,0.32,10.4,5,white,7.56,10.806,0.0968,off_dry,medium,0,1.107,0.00375,0
6.8,0.27,0.49,1.2,0.044,35.0,126.0,0.99,3.13,0.48,12.1,7,white,7.56,25.185,0.2778,off_dry,very_high,1,1.212,0.00364,1
7.7,0.27,0.49,1.8,0.041,23.0,86.0,0.9914,3.16,0.42,12.5,6,white,8.46,28.518,0.2674,off_dry,very_high,1,1.816,0.00328,0
6.7,0.51,0.24,2.1,0.043,14.0,155.0,0.9904,3.22,0.6,13.0,6,white,7.45,13.137,0.0903,off_dry,very_high,1,2.12,0.00331,0
7.4,0.19,0.49,9.3,0.03,26.0,132.0,0.994,2.99,0.32,11.0,7,white,8.08,38.947,0.197,medium,high,0,9.356,0.00273,1
8.3,0.2,0.49,1.7,0.04,34.0,169.0,0.9938,3.05,0.37,10.1,5,white,8.99,41.5,0.2012,off_dry,medium,0,1.711,0.00396,0
6.6,0.3,0.24,1.2,0.034,17.0,121.0,0.9933,3.13,0.36,9.2,5,white,7.14,22.0,0.1405,off_dry,medium,0,1.208,0.0037,0
6.8,0.36,0.24,4.6,0.039,24.0,124.0,0.9909,3.27,0.34,12.6,7,white,7.4,18.889,0.1935,off_dry,very_high,1,4.642,0.0031,1
7.0,0.17,0.6400000000000001,12.8,0.045,24.0,126.0,0.9942,3.26,0.38,12.2,8,white,7.81,41.176,0.1905,medium,very_high,1,12.875,0.00369,1
9.2,0.18,0.49,1.5,0.041,39.0,130.0,0.9945,3.04,0.49,9.8,7,white,9.87,51.111,0.3,off_dry,medium,0,1.508,0.00418,1
8.1,0.2,0.49,8.1,0.051,51.0,205.0,0.9954,3.1,0.52,11.0,6,white,8.79,40.5,0.2488,medium,high,0,8.137,0.00464,0
7.8,0.26,0.6400000000000001,7.5,0.044,59.0,160.0,0.996,3.22,0.64,10.0,6,white,8.7,30.0,0.3687,medium,medium,0,7.53,0.0044,0
6.8,0.21,0.49,14.5,0.06,50.0,170.0,0.9991,3.55,0.44,9.8,6,white,7.5,32.381,0.2941,medium,medium,0,14.513,0.00612,0
7.9,0.2,0.49,1.6,0.053,15.0,144.0,0.993,3.16,0.47,10.5,5,white,8.59,39.5,0.1042,off_dry,medium,0,1.611,0.00505,0
8.0,0.18,0.49,1.8,0.061,10.0,145.0,0.9942,3.23,0.48,10.0,5,white,8.67,44.444,0.069,off_dry,medium,0,1.811,0.0061,0
8.8,0.23,0.6400000000000001,3.2,0.042,15.0,126.0,0.9934,3.02,0.51,11.2,6,white,9.67,38.261,0.119,off_dry,high,0,3.221,0.00375,0
7.3,0.22,0.49,9.4,0.034,29.0,134.0,0.9939,2.99,0.32,11.0,7,white,8.01,33.182,0.2164,medium,high,0,9.458,0.00309,1
7.3,0.22,0.49,9.9,0.031,48.0,161.0,0.9937,3.01,0.28,11.2,6,white,8.01,33.182,0.2981,medium,high,0,9.963,0.00277,0
7.3,0.155,0.49,1.3,0.039,34.0,136.0,0.9926,3.14,0.77,10.5,6,white,7.945,47.096,0.25,off_dry,medium,0,1.31,0.00371,0
8.2,0.22,0.49,9.6,0.037,53.0,154.0,0.9951,3.02,0.33,10.6,6,white,8.91,37.273,0.3442,medium,high,0,9.647,0.00349,0
8.2,0.24,0.49,9.3,0.038,52.0,163.0,0.9952,3.02,0.33,10.6,6,white,8.93,34.167,0.319,medium,high,0,9.345,0.00358,0
8.4,0.23,0.49,7.8,0.035,22.0,95.0,0.9935,3.04,0.34,12.0,6,white,9.12,36.522,0.2316,medium,high,1,7.851,0.00292,0
8.3,0.2,0.49,1.7,0.038,38.0,167.0,0.9939,3.05,0.37,10.1,6,white,8.99,41.5,0.2275,off_dry,medium,0,1.71,0.00376,0
6.9,0.21,0.49,1.4,0.041,15.0,164.0,0.9927,3.25,0.63,11.0,5,white,7.6,32.857,0.0915,off_dry,high,0,1.41,0.00373,0
8.0,0.25,0.49,9.0,0.044,31.0,185.0,0.998,3.34,0.49,10.0,6,white,8.74,32.0,0.1676,medium,medium,0,9.018,0.0044,0
6.6,0.21,0.49,16.05,0.042,41.0,158.0,0.9997,3.28,0.39,8.7,6,white,7.3,31.428,0.2595,medium,low,0,16.055,0.00483,0
7.2,0.27,0.6400000000000001,12.5,0.037,47.0,156.0,0.9981,3.04,0.44,8.7,5,white,8.11,26.667,0.3013,medium,low,0,12.524,0.00425,0
9.65,0.27,0.49,1.1,0.037,33.0,156.0,0.992,3.15,0.54,11.1,6,white,10.41,35.741,0.2115,off_dry,high,0,1.109,0.00333,0
7.9,0.28,0.49,7.7,0.045,48.0,195.0,0.9954,3.04,0.55,11.0,6,white,8.67,28.214,0.2462,medium,high,0,7.736,0.00409,0
7.4,0.27,0.49,1.1,0.037,33.0,156.0,0.992,3.15,0.54,11.1,6,white,8.16,27.407,0.2115,off_dry,high,0,1.109,0.00333,0
8.1,0.3,0.49,8.1,0.037,26.0,174.0,0.9943,3.1,0.3,11.2,7,white,8.89,27.0,0.1494,medium,high,0,8.146,0.0033,1
7.5,0.23,0.49,7.7,0.049,61.0,209.0,0.9941,3.14,0.3,11.1,7,white,8.22,32.609,0.2919,medium,high,0,7.746,0.00441,1
7.3,0.26,0.49,5.0,0.028,32.0,107.0,0.9936,3.24,0.54,10.8,6,white,8.05,28.077,0.2991,off_dry,high,0,5.032,0.00259,0
7.1,0.18,0.6400000000000001,15.6,0.044,44.0,176.0,0.9996,3.38,0.67,9.0,6,white,7.92,39.444,0.25,medium,low,0,15.606,0.00489,0
8.5,0.15,0.49,1.5,0.031,17.0,122.0,0.9932,3.03,0.4,10.3,6,white,9.14,56.666,0.1393,off_dry,medium,0,1.51,0.00301,0
8.9,0.13,0.49,1.0,0.028,6.0,24.0,0.9926,2.91,0.32,9.9,5,white,9.52,68.461,0.25,dry,medium,0,1.007,0.00283,0
8.1,0.28,0.49,1.0,0.04,32.0,148.0,0.9936,3.13,0.41,10.0,6,white,8.87,28.928,0.2162,dry,medium,0,1.006,0.004,0
6.0,0.17,0.49,1.0,0.034,26.0,106.0,0.992,3.21,0.42,9.8,6,white,6.66,35.294,0.2453,dry,medium,0,1.008,0.00347,0
7.1,0.53,0.24,0.8,0.029,29.0,86.0,0.993,3.16,0.32,9.1,4,white,7.87,13.396,0.3372,dry,medium,0,0.806,0.00319,0
7.2,0.16,0.49,1.3,0.037,27.0,104.0,0.9924,3.23,0.57,10.6,6,white,7.85,45.0,0.2596,off_dry,high,0,1.31,0.00349,0
7.3,0.14,0.49,1.1,0.038,28.0,99.0,0.9928,3.2,0.72,10.6,6,white,7.93,52.142,0.2828,off_dry,high,0,1.108,0.00358,0
7.9,0.12,0.49,5.2,0.049,33.0,152.0,0.9952,3.18,0.47,10.6,6,white,8.51,65.833,0.2171,medium,high,0,5.225,0.00462,0
6.7,0.29,0.49,4.7,0.034,35.0,156.0,0.9945,3.13,0.45,9.9,6,white,7.48,23.103,0.2244,off_dry,medium,0,4.726,0.00343,0
6.7,0.3,0.49,4.8,0.034,36.0,158.0,0.9945,3.12,0.45,9.9,6,white,7.49,22.333,0.2278,off_dry,medium,0,4.827,0.00343,0
7.1,0.36,0.24,1.8,0.025,32.0,102.0,0.9903,3.34,0.59,12.8,6,white,7.7,19.722,0.3137,off_dry,very_high,1,1.818,0.00195,0
7.9,0.18,0.49,5.2,0.051,36.0,157.0,0.9953,3.18,0.48,10.6,6,white,8.57,43.889,0.2293,medium,high,0,5.225,0.00481,0
6.6,0.19,0.6400000000000001,1.2,0.10800000000000001,45.0,129.0,0.9936,3.09,0.31,8.7,6,white,7.43,34.737,0.3488,off_dry,low,0,1.208,0.01241,0
7.3,0.21,0.49,1.8,0.038,44.0,152.0,0.9912,3.32,0.44,12.6,7,white,8.0,34.762,0.2895,off_dry,very_high,1,1.816,0.00302,1
6.9,0.3,0.49,7.6,0.057,25.0,156.0,0.9962,3.43,0.63,11.0,7,white,7.69,23.0,0.1603,medium,high,0,7.629,0.00518,1
7.9,0.42,0.49,8.2,0.056,32.0,164.0,0.9965,3.29,0.6,11.2,7,white,8.81,18.809,0.1951,medium,high,0,8.229,0.005,1
6.9,0.24,0.49,1.3,0.032,35.0,148.0,0.9932,3.45,0.57,10.7,7,white,7.63,28.75,0.2365,off_dry,high,0,1.309,0.00299,1
7.6,0.23,0.49,10.0,0.036,45.0,182.0,0.9967,3.08,0.58,9.6,6,white,8.32,33.043,0.2473,medium,medium,0,10.033,0.00375,0
6.2,0.43,0.49,6.4,0.045,12.0,115.0,0.9963,3.27,0.57,9.0,4,white,7.12,14.419,0.1043,medium,low,0,6.424,0.005,0
8.8,0.35,0.49,1.0,0.036,14.0,56.0,0.992,2.96,0.33,10.5,4,white,9.64,25.143,0.25,dry,medium,0,1.008,0.00343,0
7.8,0.3,0.6400000000000001,1.8,0.033,33.0,156.0,0.991,3.29,0.52,12.8,6,white,8.74,26.0,0.2115,off_dry,very_high,1,1.816,0.00258,0
9.1,0.28,0.49,2.0,0.059,10.0,112.0,0.9958,3.15,0.46,10.1,5,white,9.87,32.5,0.0893,off_dry,medium,0,2.008,0.00584,0
7.1,0.34,0.49,1.5,0.027,26.0,126.0,0.99,3.3,0.33,12.2,7,white,7.93,20.882,0.2063,off_dry,very_high,1,1.515,0.00221,1
8.5,0.19,0.49,3.5,0.044,29.0,117.0,0.9938,3.14,0.51,10.1,6,white,9.18,44.737,0.2479,off_dry,medium,0,3.522,0.00436,0
7.6,0.18,0.49,16.05,0.046,36.0,158.0,0.9996,3.06,0.41,9.2,5,white,8.27,42.222,0.2278,medium,medium,0,16.056,0.005,0
7.5,0.19,0.49,1.8,0.055,19.0,110.0,0.9946,3.33,0.44,9.9,5,white,8.18,39.473,0.1727,off_dry,medium,0,1.81,0.00556,0
7.4,0.3,0.49,8.2,0.055,49.0,188.0,0.9974,3.52,0.58,9.7,6,white,8.19,24.667,0.2606,medium,medium,0,8.221,0.00567,0
6.7,0.3,0.6400000000000001,5.0,0.038,35.0,157.0,0.9945,3.21,0.46,9.9,5,white,7.64,22.333,0.2229,off_dry,medium,0,5.028,0.00384,0
6.6,0.3,0.6400000000000001,4.6,0.041,36.0,159.0,0.9946,3.21,0.45,9.9,5,white,7.54,22.0,0.2264,off_dry,medium,0,4.625,0.00414,0
6.9,0.22,0.49,7.0,0.063,50.0,168.0,0.9957,3.54,0.5,10.3,6,white,7.61,31.363,0.2976,medium,medium,0,7.03,0.00612,0
7.8,0.26,0.49,3.1,0.045,21.0,116.0,0.9931,3.16,0.35,10.3,5,white,8.55,30.0,0.181,off_dry,medium,0,3.122,0.00437,0
8.5,0.17,0.49,8.8,0.048,23.0,108.0,0.9947,2.88,0.34,10.5,4,white,9.16,50.0,0.213,medium,medium,0,8.847,0.00457,0
6.8,0.17,0.6400000000000001,2.4,0.053,61.0,182.0,0.9953,3.63,0.76,10.5,6,white,7.61,40.0,0.3352,off_dry,medium,0,2.411,0.00505,0
6.2,0.27,0.49,1.4,0.05,20.0,74.0,0.9931,3.32,0.44,9.8,6,white,6.96,22.963,0.2703,off_dry,medium,0,1.41,0.0051,0
7.1,0.64,0.49,1.8,0.05,17.0,128.0,0.9946,3.31,0.58,10.6,4,white,8.23,11.094,0.1328,off_dry,high,0,1.81,0.00472,0
6.4,0.18,0.6400000000000001,11.9,0.046,54.0,168.0,0.9978,3.58,0.68,10.1,5,white,7.22,35.555,0.3214,medium,medium,0,11.926,0.00455,0
7.6,0.31,0.49,13.4,0.062,50.0,191.0,0.9989,3.22,0.53,9.0,4,white,8.4,24.516,0.2618,medium,low,0,13.415,0.00689,0
9.65,0.31,0.49,15.4,0.046,13.0,119.0,1.0004,3.18,0.45,9.5,5,white,10.45,31.129,0.1092,medium,medium,0,15.394,0.00484,0
9.0,0.3,0.49,7.2,0.039,32.0,84.0,0.9938,2.94,0.32,11.5,6,white,9.79,30.0,0.381,medium,high,0,7.245,0.00339,0
8.4,0.24,0.49,7.4,0.039,46.0,108.0,0.9934,3.03,0.33,11.9,7,white,9.13,35.0,0.4259,medium,high,0,7.449,0.00328,1
6.4,0.25,0.6400000000000001,7.8,0.045,52.0,209.0,0.9956,3.21,0.42,9.2,6,white,7.29,25.6,0.2488,medium,medium,0,7.834,0.00489,0
7.3,0.3,0.6400000000000001,13.5,0.039,46.0,165.0,0.9982,3.02,0.4,8.7,5,white,8.24,24.333,0.2788,medium,low,0,13.524,0.00448,0
9.3,0.31,0.49,1.3,0.042,34.0,147.0,0.9948,3.11,0.46,9.8,5,white,10.1,30.0,0.2313,off_dry,medium,0,1.307,0.00429,0
7.0,0.27,0.6400000000000001,1.5,0.036,27.0,122.0,0.9926,3.35,0.48,11.2,6,white,7.91,25.926,0.2213,off_dry,high,0,1.511,0.00321,0
7.9,0.14,0.6400000000000001,1.2,0.028,30.0,165.0,0.991,3.08,0.82,12.3,6,white,8.68,56.428,0.1818,off_dry,very_high,1,1.211,0.00228,0
6.4,0.12,0.49,6.4,0.042,49.0,161.0,0.9945,3.34,0.44,10.4,6,white,7.01,53.333,0.3043,medium,medium,0,6.435,0.00404,0
6.8,0.21,0.6400000000000001,1.2,0.047,25.0,111.0,0.9916,3.13,0.41,10.7,6,white,7.65,32.381,0.2252,off_dry,high,0,1.21,0.00439,0
8.6,0.16,0.49,7.3,0.043,9.0,63.0,0.9953,3.13,0.59,10.5,6,white,9.25,53.75,0.1429,medium,medium,0,7.334,0.0041,0
7.0,0.29,0.49,3.8,0.047,37.0,136.0,0.9938,2.95,0.4,9.4,6,white,7.78,24.138,0.2721,off_dry,medium,0,3.824,0.005,0
6.4,0.27,0.49,7.3,0.046,53.0,206.0,0.9956,3.24,0.43,9.2,6,white,7.16,23.704,0.2573,medium,medium,0,7.332,0.005,0
6.6,0.55,0.01,2.7,0.034,56.0,122.0,0.9906,3.15,0.3,11.9,5,white,7.16,12.0,0.459,off_dry,high,0,2.726,0.00286,0
6.3,0.24,0.6400000000000001,1.4,0.10800000000000001,24.0,108.0,0.9932,3.27,0.39,9.9,6,white,7.18,26.25,0.2222,off_dry,medium,0,1.41,0.01091,0
6.7,0.33,0.49,1.6,0.10800000000000001,20.0,94.0,0.9914,3.11,0.5,11.4,6,white,7.52,20.303,0.2128,off_dry,high,0,1.614,0.00947,0
8.2,0.34,0.49,8.0,0.046,55.0,223.0,0.996,3.08,0.52,10.7,6,white,9.03,24.118,0.2466,medium,high,0,8.032,0.0043,0
5.6,0.39,0.24,4.7,0.034,27.0,77.0,0.9906,3.28,0.36,12.7,5,white,6.23,14.359,0.3506,off_dry,very_high,1,4.745,0.00268,0
5.6,0.41,0.24,1.9,0.034,10.0,53.0,0.98815,3.32,0.5,13.5,7,white,6.25,13.659,0.1887,off_dry,very_high,1,1.923,0.00252,1
6.7,0.41,0.01,2.8,0.048,39.0,137.0,0.9942,3.24,0.35,9.5,5,white,7.12,16.341,0.2847,off_dry,medium,0,2.816,0.00505,0
7.1,0.26,0.49,2.2,0.032,31.0,113.0,0.9903,3.37,0.42,12.9,9,white,7.85,27.308,0.2743,off_dry,very_high,1,2.222,0.00248,1
7.5,0.32,0.49,1.7,0.031,44.0,109.0,0.9906,3.07,0.46,12.5,6,white,8.31,23.437,0.4037,off_dry,very_high,1,1.716,0.00248,0
5.8,0.19,0.49,4.9,0.04,44.0,118.0,0.9935,3.34,0.38,9.5,7,white,6.48,30.526,0.3729,off_dry,medium,0,4.932,0.00421,1
6.9,0.27,0.49,16.05,0.057,59.0,235.0,1.0024,2.98,0.47,8.6,5,white,7.66,25.555,0.2511,medium,low,0,16.012,0.00663,0
8.1,0.2,0.49,11.8,0.048,46.0,212.0,0.9968,3.09,0.46,10.0,7,white,8.79,40.5,0.217,medium,medium,0,11.838,0.0048,1
8.2,0.26,0.49,5.2,0.04,19.0,100.0,0.9941,3.12,0.34,10.1,6,white,8.95,31.538,0.19,medium,medium,0,5.231,0.00396,0
7.8,0.26,0.49,3.2,0.027,28.0,87.0,0.9919,3.03,0.32,11.3,7,white,8.55,30.0,0.3218,off_dry,high,0,3.226,0.00239,1
8.0,0.14,0.49,1.5,0.035,42.0,120.0,0.9928,3.26,0.4,10.6,7,white,8.63,57.142,0.35,off_dry,high,0,1.511,0.0033,1
8.0,0.29,0.49,11.7,0.035,40.0,131.0,0.9958,3.14,0.34,10.8,5,white,8.78,27.586,0.3053,medium,high,0,11.749,0.00324,0
7.5,0.19,0.49,1.6,0.047,42.0,140.0,0.9932,3.4,0.47,10.7,6,white,8.18,39.473,0.3,off_dry,high,0,1.611,0.00439,0
6.9,0.34,0.49,7.3,0.045,61.0,206.0,0.9957,3.09,0.4,9.0,6,white,7.73,20.294,0.2961,medium,low,0,7.332,0.005,0
6.2,0.2,0.49,1.6,0.065,17.0,143.0,0.9937,3.22,0.52,9.2,6,white,6.89,31.0,0.1189,off_dry,medium,0,1.61,0.00707,0
6.4,0.37,0.49,13.3,0.045,53.0,243.0,0.9982,3.14,0.48,8.5,6,white,7.26,17.297,0.2181,medium,low,0,13.324,0.00529,0
6.2,0.22,0.49,6.0,0.029,31.0,128.0,0.9928,3.41,0.36,11.3,8,white,6.91,28.182,0.2422,medium,high,0,6.044,0.00257,1
8.9,0.32,0.49,1.6,0.05,17.0,131.0,0.9956,3.13,0.34,9.4,5,white,9.71,27.812,0.1298,off_dry,medium,0,1.607,0.00532,0
6.5,0.44,0.49,7.7,0.045,16.0,169.0,0.9957,3.11,0.37,8.7,6,white,7.43,14.773,0.0947,medium,low,0,7.733,0.00517,0
7.0,0.14,0.49,5.9,0.053,22.0,118.0,0.9954,3.36,0.36,9.4,6,white,7.63,50.0,0.1864,medium,medium,0,5.927,0.00564,0
9.0,0.17,0.49,1.0,0.039,46.0,131.0,0.993,3.09,0.51,10.5,7,white,9.66,52.941,0.3511,dry,medium,0,1.007,0.00371,1
6.4,0.26,0.49,6.4,0.037,37.0,161.0,0.9954,3.38,0.53,9.7,6,white,7.15,24.615,0.2298,medium,medium,0,6.43,0.00381,0
9.0,0.22,0.49,10.4,0.048,52.0,195.0,0.9987,3.31,0.44,10.2,6,white,9.71,40.909,0.2667,medium,medium,0,10.414,0.00471,0
8.2,0.2,0.49,3.5,0.057,14.0,108.0,0.9928,3.19,0.35,11.5,6,white,8.89,41.0,0.1296,off_dry,high,0,3.525,0.00496,0
7.8,0.15,0.24,7.7,0.047,21.0,98.0,0.9951,2.94,0.31,9.6,6,white,8.19,52.0,0.2143,medium,medium,0,7.738,0.0049,0
6.9,0.25,0.24,1.8,0.053,6.0,121.0,0.993,3.23,0.7,11.4,5,white,7.39,27.6,0.0496,off_dry,high,0,1.813,0.00465,0
7.1,0.28,0.49,6.5,0.041,28.0,111.0,0.9926,3.41,0.58,12.2,8,white,7.87,25.357,0.2523,medium,very_high,1,6.548,0.00336,1
7.4,0.19,0.49,6.7,0.037,15.0,110.0,0.9938,3.2,0.38,11.0,7,white,8.08,38.947,0.1364,medium,high,0,6.742,0.00336,1
8.3,0.25,0.49,16.05,0.048,50.0,228.0,1.0001,3.03,0.52,9.2,6,white,9.04,33.2,0.2193,medium,medium,0,16.048,0.00522,0
7.5,0.14,0.6400000000000001,1.6,0.035,21.0,126.0,0.9933,3.26,0.45,10.2,6,white,8.28,53.571,0.1667,off_dry,medium,0,1.611,0.00343,0
7.8,0.49,0.49,7.0,0.043,29.0,149.0,0.9952,3.21,0.33,10.0,5,white,8.78,15.918,0.1946,medium,medium,0,7.034,0.0043,0
8.1,0.12,0.49,1.2,0.042,43.0,160.0,0.9934,3.13,0.48,9.7,6,white,8.71,67.499,0.2687,off_dry,medium,0,1.208,0.00433,0
7.6,0.47,0.49,13.0,0.10800000000000001,42.0,220.0,0.9988,2.96,0.51,9.2,5,white,8.56,16.17,0.1909,medium,medium,0,13.016,0.01174,0
7.9,0.22,0.49,3.8,0.042,26.0,105.0,0.993,3.1,0.39,10.5,5,white,8.61,35.909,0.2476,off_dry,medium,0,3.827,0.004,0
6.4,0.22,0.49,7.5,0.054,42.0,151.0,0.9948,3.27,0.52,10.1,6,white,7.11,29.091,0.2781,medium,medium,0,7.539,0.00535,0
7.3,0.19,0.49,15.55,0.058,50.0,134.0,0.9998,3.42,0.36,9.1,7,white,7.98,38.421,0.3731,medium,medium,0,15.553,0.00637,1
8.1,0.3,0.49,12.3,0.049,50.0,144.0,0.9971,3.09,0.57,10.2,7,white,8.89,27.0,0.3472,medium,medium,0,12.336,0.0048,1
7.5,0.24,0.49,9.4,0.048,50.0,149.0,0.9962,3.17,0.59,10.5,7,white,8.23,31.25,0.3356,medium,medium,0,9.436,0.00457,1
7.8,0.21,0.49,1.2,0.036,20.0,99.0,0.99,3.05,0.28,12.1,7,white,8.5,37.143,0.202,off_dry,very_high,1,1.212,0.00298,1
7.1,0.3,0.49,1.6,0.045,31.0,100.0,0.9942,3.4,0.59,10.2,5,white,7.89,23.667,0.31,off_dry,medium,0,1.609,0.00441,0
6.9,0.26,0.49,1.6,0.058,39.0,166.0,0.9965,3.65,0.52,9.4,4,white,7.65,26.538,0.2349,off_dry,medium,0,1.606,0.00617,0
7.6,0.31,0.49,3.95,0.044,27.0,131.0,0.9912,3.08,0.67,12.8,7,white,8.4,24.516,0.2061,off_dry,very_high,1,3.985,0.00344,1
6.4,0.42,0.6400000000000001,12.8,0.076,48.0,209.0,0.9978,3.12,0.58,9.0,6,white,7.46,15.238,0.2297,medium,low,0,12.828,0.00844,0
8.2,0.29,0.49,1.0,0.044,29.0,118.0,0.9928,3.24,0.36,10.9,4,white,8.98,28.276,0.2458,dry,high,0,1.007,0.00404,0
7.9,0.33,0.28,16.05,0.053,35.0,176.0,1.0036250000000002,3.15,0.38,8.8,6,white,8.51,23.939,0.1989,medium,low,0,15.992,0.00602,0
6.6,0.46,0.49,7.4,0.052,19.0,184.0,0.9956,3.11,0.38,9.0,5,white,7.55,14.348,0.1033,medium,low,0,7.433,0.00578,0
7.8,0.28,0.49,1.3,0.046,27.0,142.0,0.9936,3.09,0.59,10.2,5,white,8.57,27.857,0.1901,off_dry,medium,0,1.308,0.00451,0
5.8,0.15,0.49,1.1,0.048,21.0,98.0,0.9929,3.19,0.48,9.2,5,white,6.44,38.666,0.2143,off_dry,medium,0,1.108,0.00522,0
7.8,0.4,0.49,7.8,0.06,34.0,162.0,0.9966,3.26,0.58,11.3,6,white,8.69,19.5,0.2099,medium,high,0,7.827,0.00531,0
6.6,0.31,0.49,7.7,0.05,52.0,220.0,0.9964,3.12,0.45,8.8,5,white,7.4,21.29,0.2364,medium,low,0,7.728,0.00568,0
6.6,0.325,0.49,7.7,0.049,53.0,217.0,0.996,3.16,0.4,9.3,5,white,7.415,20.308,0.2442,medium,medium,0,7.731,0.00527,0
6.6,0.27,0.49,7.8,0.049,62.0,217.0,0.9959,3.17,0.45,9.4,6,white,7.36,24.444,0.2857,medium,medium,0,7.832,0.00521,0
6.7,0.26,0.49,8.3,0.047,54.0,191.0,0.9954,3.23,0.4,10.3,6,white,7.45,25.769,0.2827,medium,medium,0,8.338,0.00456,0
6.7,0.21,0.49,1.4,0.047,30.0,114.0,0.9914,2.92,0.42,10.8,7,white,7.4,31.905,0.2632,off_dry,high,0,1.412,0.00435,1
8.1,0.28,0.46,15.4,0.059,32.0,177.0,1.0004,3.27,0.58,9.0,4,white,8.84,28.928,0.1808,medium,low,0,15.394,0.00656,0
6.5,0.13,0.37,1.0,0.036,48.0,114.0,0.9911,3.41,0.51,11.5,8,white,7.0,50.0,0.4211,dry,high,0,1.009,0.00313,1
7.8,0.445,0.56,1.0,0.04,8.0,84.0,0.9938,3.25,0.43,10.8,5,white,8.805,17.528,0.0952,dry,high,0,1.006,0.0037,0
8.8,0.39,0.34,5.9,0.055,33.0,128.0,0.9927,2.95,0.51,11.8,6,white,9.53,22.564,0.2578,medium,high,0,5.943,0.00466,0
7.9,0.18,0.33,1.2,0.033,20.0,72.0,0.9922,3.12,0.38,10.5,7,white,8.41,43.889,0.2778,off_dry,medium,0,1.209,0.00314,1
7.1,0.31,0.38,1.2,0.036,10.0,124.0,0.9924,3.14,0.44,9.9,6,white,7.79,22.903,0.0806,off_dry,medium,0,1.209,0.00364,0
7.8,0.24,0.18,6.7,0.046,33.0,160.0,0.9963,3.2,0.56,9.8,6,white,8.22,32.5,0.2062,medium,medium,0,6.725,0.00469,0
7.0,0.35,0.3,6.5,0.028,27.0,87.0,0.9936,3.4,0.42,11.4,7,white,7.65,20.0,0.3103,medium,high,0,6.542,0.00246,1
6.6,0.26,0.31,4.8,0.10800000000000001,41.0,168.0,0.9951,3.2,0.38,9.3,5,white,7.17,25.385,0.244,off_dry,medium,0,4.824,0.01161,0
6.6,0.27,0.31,5.3,0.10800000000000001,35.0,163.0,0.9951,3.2,0.38,9.3,5,white,7.18,24.444,0.2147,medium,medium,0,5.326,0.01161,0
6.8,0.22,0.29,8.9,0.046,78.5,188.0,0.9955,3.3,0.44,10.3,6,white,7.31,30.909,0.4176,medium,medium,0,8.94,0.00447,0
6.2,0.27,0.32,8.8,0.047,65.0,224.0,0.9961,3.17,0.47,8.9,5,white,6.79,22.963,0.2902,medium,low,0,8.834,0.00528,0
7.3,0.23,0.37,1.8,0.032,60.0,156.0,0.992,3.11,0.35,11.1,6,white,7.9,31.739,0.3846,off_dry,high,0,1.815,0.00288,0
6.2,0.3,0.2,6.6,0.045,42.0,170.0,0.9944,3.36,0.45,10.4,6,white,6.7,20.667,0.2471,medium,medium,0,6.637,0.00433,0
6.4,0.35,0.2,5.7,0.034,18.0,117.0,0.9944,3.33,0.43,10.1,5,white,6.95,18.286,0.1538,medium,medium,0,5.732,0.00337,0
7.6,0.32,0.34,16.05,0.054,44.0,197.0,1.0008,3.22,0.55,9.0,5,white,8.26,23.75,0.2234,medium,low,0,16.037,0.006,0
6.3,0.31,0.3,10.0,0.046,49.0,212.0,0.9962,3.66,0.55,11.9,6,white,6.91,20.323,0.2311,medium,high,0,10.038,0.00387,0
7.2,0.25,0.28,14.4,0.055,55.0,205.0,0.9986,3.12,0.38,9.0,7,white,7.73,28.8,0.2683,medium,low,0,14.42,0.00611,1
7.3,0.26,0.33,16.05,0.049,41.5,195.0,1.0,3.06,0.44,9.1,7,white,7.89,28.077,0.2128,medium,medium,0,16.05,0.00538,1
7.4,0.26,0.37,9.4,0.047,42.0,147.0,0.9982,3.46,0.72,10.0,5,white,8.03,28.461,0.2857,medium,medium,0,9.417,0.0047,0
6.7,0.25,0.26,1.55,0.041,78.5,216.0,0.9949,3.55,0.63,9.4,3,white,7.21,26.8,0.3634,off_dry,medium,0,1.558,0.00436,0
7.1,0.16,0.25,1.3,0.034,28.0,123.0,0.9915,3.27,0.55,11.4,6,white,7.51,44.375,0.2276,off_dry,high,0,1.311,0.00298,0
9.0,0.43,0.3,1.5,0.05,7.0,175.0,0.9951,3.11,0.45,9.7,4,white,9.73,20.93,0.04,off_dry,medium,0,1.507,0.00515,0
7.0,0.24,0.3,4.2,0.04,41.0,213.0,0.9927,3.28,0.49,11.8,6,white,7.54,29.167,0.1925,off_dry,high,0,4.231,0.00339,0
6.7,0.265,0.22,8.6,0.048,54.0,198.0,0.9955,3.25,0.41,10.2,5,white,7.185,25.283,0.2727,medium,medium,0,8.639,0.00471,0
7.7,0.12,0.32,1.4,0.06,47.0,150.0,0.9952,3.37,0.42,9.2,6,white,8.14,64.166,0.3133,off_dry,medium,0,1.407,0.00652,0
7.2,0.21,0.33,3.0,0.036,35.0,132.0,0.9928,3.25,0.4,11.0,6,white,7.74,34.286,0.2652,off_dry,high,0,3.022,0.00327,0
8.5,0.32,0.36,14.9,0.041,47.0,190.0,0.9982,3.08,0.31,10.0,6,white,9.18,26.562,0.2474,medium,medium,0,14.927,0.0041,0
6.9,0.18,0.3,2.0,0.038,39.0,190.0,0.9914,3.32,0.37,12.2,6,white,7.38,38.333,0.2053,off_dry,very_high,1,2.017,0.00311,0
6.3,0.26,0.29,2.2,0.043,35.0,175.0,0.9918,3.38,0.43,11.6,6,white,6.85,24.231,0.2,off_dry,high,0,2.218,0.00371,0
6.7,0.26,0.3,1.8,0.043,25.0,121.0,0.9944,3.44,0.61,10.2,6,white,7.26,25.769,0.2066,off_dry,medium,0,1.81,0.00422,0
7.9,0.29,0.36,11.1,0.033,43.0,208.0,0.9969,3.14,0.46,10.3,5,white,8.55,27.241,0.2067,medium,medium,0,11.135,0.0032,0
6.5,0.27,0.19,4.2,0.046,6.0,114.0,0.9955,3.25,0.35,8.6,4,white,6.96,24.074,0.0526,off_dry,low,0,4.219,0.00535,0
6.7,0.33,0.42,6.4,0.058,27.0,151.0,0.9954,3.16,0.44,9.6,5,white,7.45,20.303,0.1788,medium,medium,0,6.43,0.00604,0
6.7,0.31,0.42,6.4,0.057,25.0,148.0,0.9955,3.16,0.45,9.6,5,white,7.43,21.613,0.1689,medium,medium,0,6.429,0.00594,0
6.6,0.25,0.31,1.5,0.035,32.0,127.0,0.9921,3.41,0.47,11.3,6,white,7.16,26.4,0.252,off_dry,high,0,1.512,0.0031,0
6.4,0.24,0.22,1.5,0.038,38.0,157.0,0.9934,3.41,0.55,9.9,6,white,6.86,26.667,0.242,off_dry,medium,0,1.51,0.00384,0
6.8,0.26,0.29,16.05,0.056,48.0,179.0,0.9998,3.45,0.4,9.6,5,white,7.35,26.154,0.2682,medium,medium,0,16.053,0.00583,0
7.0,0.61,0.26,1.7,0.051,25.0,161.0,0.9946,3.36,0.6,10.6,4,white,7.87,11.475,0.1553,off_dry,high,0,1.709,0.00481,0
6.8,0.22,0.3,13.6,0.055,50.0,180.0,0.9984,3.44,0.39,9.8,5,white,7.32,30.909,0.2778,medium,medium,0,13.622,0.00561,0
8.1,0.31,0.24,1.6,0.032,10.0,67.0,0.9924,3.08,0.47,10.5,5,white,8.65,26.129,0.1493,off_dry,medium,0,1.612,0.00305,0
7.0,0.2,0.3,6.1,0.037,31.0,120.0,0.9939,3.24,0.51,10.8,5,white,7.5,35.0,0.2583,medium,high,0,6.137,0.00343,0
7.9,0.18,0.37,3.0,0.061,25.0,178.0,0.995,3.22,0.51,10.0,6,white,8.45,43.889,0.1404,off_dry,medium,0,3.015,0.0061,0
6.6,0.34,0.27,6.2,0.059,23.0,136.0,0.9957,3.3,0.49,10.1,6,white,7.21,19.412,0.1691,medium,medium,0,6.227,0.00584,0
6.8,0.3,0.24,6.6,0.10800000000000001,35.0,116.0,0.9953,3.07,0.48,9.4,5,white,7.34,22.667,0.3017,medium,medium,0,6.631,0.01149,0
6.5,0.18,0.34,1.6,0.04,43.0,148.0,0.9912,3.32,0.59,11.5,8,white,7.02,36.111,0.2905,off_dry,high,0,1.614,0.00348,1
7.0,0.21,0.31,6.0,0.046,29.0,108.0,0.9939,3.26,0.5,10.8,6,white,7.52,33.333,0.2685,medium,high,0,6.037,0.00426,0
6.8,0.27,0.32,1.5,0.044,19.0,142.0,0.9921,3.1,0.43,9.9,6,white,7.39,25.185,0.1338,off_dry,medium,0,1.512,0.00444,0
9.3,0.2,0.33,1.7,0.05,28.0,178.0,0.9954,3.16,0.43,9.0,4,white,9.83,46.5,0.1573,off_dry,low,0,1.708,0.00556,0
5.8,0.23,0.27,1.8,0.043,24.0,69.0,0.9933,3.38,0.31,9.4,6,white,6.3,25.217,0.3478,off_dry,medium,0,1.812,0.00457,0
7.6,0.2,0.39,2.6,0.044,30.0,180.0,0.9941,3.46,0.44,10.8,7,white,8.19,38.0,0.1667,off_dry,high,0,2.615,0.00407,1
8.2,0.15,0.48,2.7,0.052,24.0,190.0,0.995,3.5,0.45,10.9,7,white,8.83,54.666,0.1263,off_dry,high,0,2.714,0.00477,1
7.5,0.4,0.6400000000000001,16.05,0.041,33.0,148.0,0.9977,3.24,0.38,12.0,6,white,8.54,18.75,0.223,medium,high,1,16.087,0.00342,0
7.0,0.13,0.3,5.0,0.056,31.0,122.0,0.9945,3.47,0.42,10.5,6,white,7.43,53.846,0.2541,off_dry,medium,0,5.028,0.00533,0
6.9,0.17,0.22,4.6,0.064,55.0,152.0,0.9952,3.29,0.37,9.3,6,white,7.29,40.588,0.3618,off_dry,medium,0,4.622,0.00688,0
7.0,0.3,0.32,6.4,0.034,28.0,97.0,0.9924,3.23,0.44,11.8,6,white,7.62,23.333,0.2887,medium,high,0,6.449,0.00288,0
7.6,0.445,0.44,14.5,0.045,68.0,212.0,0.9986,3.48,0.36,10.0,6,white,8.485,17.079,0.3208,medium,medium,0,14.52,0.0045,0
7.5,0.22,0.33,6.7,0.036,45.0,138.0,0.9939,3.2,0.68,11.4,6,white,8.05,34.091,0.3261,medium,high,0,6.741,0.00316,0
9.2,0.23,0.3,1.1,0.031,40.0,99.0,0.9929,2.94,0.3,10.4,6,white,9.73,40.0,0.404,off_dry,medium,0,1.108,0.00298,0
8.7,0.34,0.46,13.8,0.055,68.0,198.0,0.9988,3.36,0.37,9.5,6,white,9.5,25.588,0.3434,medium,medium,0,13.817,0.00579,0
6.6,0.545,0.04,2.5,0.031,48.0,111.0,0.9906,3.14,0.32,11.9,5,white,7.185,12.11,0.4324,off_dry,high,0,2.524,0.00261,0
8.1,0.3,0.31,1.1,0.041,49.0,123.0,0.9914,2.99,0.45,11.1,6,white,8.71,27.0,0.3984,off_dry,high,0,1.11,0.00369,0
6.9,0.16,0.3,9.6,0.057,50.0,185.0,0.9978,3.39,0.38,9.6,6,white,7.36,43.125,0.2703,medium,medium,0,9.621,0.00594,0
8.0,0.32,0.36,4.6,0.042,56.0,178.0,0.9928,3.29,0.47,12.0,6,white,8.68,25.0,0.3146,off_dry,high,1,4.633,0.0035,0
6.1,0.22,0.23,3.1,0.052,15.0,104.0,0.9948,3.14,0.42,8.7,5,white,6.55,27.727,0.1442,off_dry,low,0,3.116,0.00598,0
7.5,0.15,0.38,1.8,0.054,19.0,101.0,0.9946,3.24,0.44,10.0,5,white,8.03,50.0,0.1881,off_dry,medium,0,1.81,0.0054,0
8.4,0.29,0.29,1.05,0.032,4.0,55.0,0.9908,2.91,0.32,11.4,4,white,8.98,28.965,0.0727,off_dry,high,0,1.06,0.00281,0
6.6,0.37,0.47,6.5,0.061,23.0,150.0,0.9954,3.14,0.45,9.6,6,white,7.44,17.838,0.1533,medium,medium,0,6.53,0.00635,0
7.7,0.38,0.4,2.0,0.038,28.0,152.0,0.9906,3.18,0.32,12.9,6,white,8.48,20.263,0.1842,off_dry,very_high,1,2.019,0.00295,0
6.3,0.25,0.23,14.9,0.039,47.0,142.0,0.99705,3.14,0.35,9.7,6,white,6.78,25.2,0.331,medium,medium,0,14.944,0.00402,0
8.3,0.3,0.36,10.0,0.042,33.0,169.0,0.9982,3.23,0.51,9.3,6,white,8.96,27.667,0.1953,medium,medium,0,10.018,0.00452,0
6.6,0.22,0.58,1.1,0.10800000000000001,52.0,136.0,0.9932,3.1,0.3,9.1,5,white,7.4,30.0,0.3824,off_dry,medium,0,1.108,0.01187,0
6.1,0.34,0.31,12.0,0.053,46.0,238.0,0.9977,3.16,0.48,8.6,5,white,6.75,17.941,0.1933,medium,low,0,12.028,0.00616,0
7.5,0.22,0.29,4.8,0.05,33.0,87.0,0.994,3.14,0.42,9.9,5,white,8.01,34.091,0.3793,off_dry,medium,0,4.829,0.00505,0
8.0,0.27,0.24,1.2,0.044,20.0,102.0,0.9929,3.28,0.42,10.9,5,white,8.51,29.63,0.1961,off_dry,high,0,1.209,0.00404,0
6.1,0.17,0.27,1.5,0.056,45.0,135.0,0.9924,3.2,0.43,10.2,6,white,6.54,35.882,0.3333,off_dry,medium,0,1.511,0.00549,0
7.4,0.18,0.3,10.4,0.045,44.0,174.0,0.9966,3.11,0.57,9.7,6,white,7.88,41.111,0.2529,medium,medium,0,10.435,0.00464,0
6.7,0.16,0.28,2.5,0.046,40.0,153.0,0.9921,3.38,0.51,11.4,7,white,7.14,41.875,0.2614,off_dry,high,0,2.52,0.00404,1
6.1,0.255,0.44,12.3,0.045,53.0,197.0,0.9967,3.24,0.54,9.5,6,white,6.795,23.921,0.269,medium,medium,0,12.341,0.00474,0
7.4,0.23,0.25,1.4,0.049,43.0,141.0,0.9934,3.42,0.54,10.2,7,white,7.88,32.174,0.305,off_dry,medium,0,1.409,0.0048,1
6.4,0.16,0.28,2.2,0.042,33.0,93.0,0.9914,3.31,0.43,11.1,6,white,6.84,40.0,0.3548,off_dry,high,0,2.219,0.00378,0
6.7,0.27,0.25,8.0,0.053,54.0,202.0,0.9961,3.22,0.43,9.3,5,white,7.22,24.815,0.2673,medium,medium,0,8.031,0.0057,0
6.9,0.29,0.23,8.6,0.056,56.0,215.0,0.9967,3.17,0.44,8.8,5,white,7.42,23.793,0.2605,medium,low,0,8.628,0.00636,0
9.6,0.21,0.28,1.2,0.038,12.0,53.0,0.9926,2.8,0.46,10.6,5,white,10.09,45.714,0.2264,off_dry,high,0,1.209,0.00358,0
6.6,0.62,0.2,8.7,0.046,78.5,224.0,0.99605,3.17,0.44,9.3,5,white,7.42,10.645,0.3504,medium,medium,0,8.735,0.00495,0
6.4,0.28,0.19,5.4,0.042,67.0,181.0,0.99435,3.31,0.35,10.2,6,white,6.87,22.857,0.3702,medium,medium,0,5.431,0.00412,0
8.0,0.3,0.28,5.7,0.044,31.0,124.0,0.9948,3.16,0.51,10.2,6,white,8.58,26.667,0.25,medium,medium,0,5.73,0.00431,0
6.4,0.17,0.27,1.5,0.037,20.0,98.0,0.9916,3.46,0.42,11.0,7,white,6.84,37.647,0.2041,off_dry,high,0,1.513,0.00336,1
7.3,0.21,0.3,10.9,0.037,18.0,112.0,0.997,3.4,0.5,9.6,6,white,7.81,34.762,0.1607,medium,medium,0,10.933,0.00385,0
6.6,0.32,0.26,7.7,0.054,56.0,209.0,0.9961,3.17,0.45,8.8,5,white,7.18,20.625,0.2679,medium,low,0,7.73,0.00614,0
7.4,0.32,0.22,1.7,0.051,50.0,179.0,0.9955,3.28,0.69,8.9,5,white,7.94,23.125,0.2793,off_dry,low,0,1.708,0.00573,0
6.6,0.37,0.07,1.4,0.048,58.0,144.0,0.9922,3.17,0.38,10.0,5,white,7.04,17.838,0.4028,off_dry,medium,0,1.411,0.0048,0
7.7,0.43,0.28,4.5,0.046,33.0,102.0,0.9918,3.16,0.56,12.2,7,white,8.41,17.907,0.3235,off_dry,very_high,1,4.537,0.00377,1
7.8,0.39,0.26,9.9,0.059,33.0,181.0,0.9955,3.04,0.42,10.9,6,white,8.45,20.0,0.1823,medium,high,0,9.945,0.00541,0
6.5,0.18,0.26,1.4,0.041,40.0,141.0,0.9941,3.34,0.72,9.5,6,white,6.94,36.111,0.2837,off_dry,medium,0,1.408,0.00432,0
7.8,0.4,0.26,9.5,0.059,32.0,178.0,0.9955,3.04,0.43,10.9,6,white,8.46,19.5,0.1798,medium,high,0,9.543,0.00541,0
6.9,0.19,0.28,3.0,0.054,33.0,99.0,0.9924,3.16,0.4,10.8,6,white,7.37,36.316,0.3333,off_dry,high,0,3.023,0.005,0
7.7,0.49,0.6400000000000001,16.05,0.03,28.0,135.0,0.9973,3.24,0.4,12.0,6,white,8.83,15.714,0.2074,medium,high,1,16.093,0.0025,0
6.6,0.25,0.35,14.0,0.069,42.0,163.0,0.999,3.56,0.47,9.8,5,white,7.2,26.4,0.2577,medium,medium,0,14.014,0.00704,0
6.4,0.15,0.36,1.8,0.034,43.0,150.0,0.9922,3.42,0.69,11.0,8,white,6.91,42.666,0.2867,off_dry,high,0,1.814,0.00309,1
8.4,0.17,0.31,5.4,0.052,47.0,150.0,0.9953,3.24,0.38,9.8,5,white,8.88,49.411,0.3133,medium,medium,0,5.425,0.00531,0
6.1,0.32,0.37,1.8,0.051,13.0,200.0,0.9945,3.49,0.44,10.5,4,white,6.79,19.062,0.065,off_dry,medium,0,1.81,0.00486,0
8.5,0.21,0.26,9.25,0.034,73.0,142.0,0.9945,3.05,0.37,11.4,6,white,8.97,40.476,0.5141,medium,high,0,9.301,0.00298,0
8.7,0.45,0.4,1.5,0.067,17.0,100.0,0.9957,3.27,0.57,10.1,6,white,9.55,19.333,0.17,off_dry,medium,0,1.506,0.00663,0
6.7,0.24,0.29,6.8,0.038,54.0,127.0,0.9932,3.33,0.46,11.6,7,white,7.23,27.917,0.4252,medium,high,0,6.847,0.00328,1
7.4,0.33,0.26,2.6,0.04,29.0,115.0,0.9913,3.07,0.52,11.8,7,white,7.99,22.424,0.2522,off_dry,high,0,2.623,0.00339,1
7.2,0.26,0.3,2.1,0.033,50.0,158.0,0.9909,3.33,0.43,12.1,7,white,7.76,27.692,0.3165,off_dry,very_high,1,2.119,0.00273,1
8.2,0.36,0.29,7.6,0.035,37.0,122.0,0.9939,3.16,0.34,12.0,5,white,8.85,22.778,0.3033,medium,high,1,7.647,0.00292,0
7.8,0.2,0.24,1.6,0.026,26.0,189.0,0.991,3.08,0.74,12.1,7,white,8.24,39.0,0.1376,off_dry,very_high,1,1.615,0.00215,1
9.4,0.16,0.3,1.4,0.042,26.0,176.0,0.9954,3.15,0.46,9.1,5,white,9.86,58.75,0.1477,off_dry,medium,0,1.406,0.00462,0
6.4,0.33,0.24,1.6,0.054,25.0,117.0,0.9943,3.36,0.5,9.3,5,white,6.97,19.394,0.2137,off_dry,medium,0,1.609,0.00581,0
7.8,0.22,0.36,1.4,0.056,21.0,153.0,0.993,3.2,0.53,10.4,6,white,8.38,35.454,0.1373,off_dry,medium,0,1.41,0.00538,0
7.4,0.35,0.31,16.05,0.062,42.0,187.0,1.0002,3.27,0.64,9.1,5,white,8.06,21.143,0.2246,medium,medium,0,16.047,0.00681,0
6.6,0.37,0.24,2.0,0.064,23.0,120.0,0.9946,3.32,0.54,9.4,5,white,7.21,17.838,0.1917,off_dry,medium,0,2.011,0.00681,0
6.7,0.37,0.41,6.3,0.061,22.0,149.0,0.9953,3.16,0.47,9.6,6,white,7.48,18.108,0.1477,medium,medium,0,6.33,0.00635,0
7.1,0.37,0.32,1.4,0.037,27.0,126.0,0.9918,3.19,0.62,12.0,5,white,7.79,19.189,0.2143,off_dry,high,1,1.412,0.00308,0
6.9,0.25,0.27,9.05,0.039,37.0,128.0,0.9936,3.27,0.34,11.3,8,white,7.42,27.6,0.2891,medium,high,0,9.108,0.00345,1
6.8,0.23,0.29,15.4,0.073,56.0,173.0,0.9984,3.06,0.41,8.7,6,white,7.32,29.565,0.3237,medium,low,0,15.425,0.00839,0
6.4,0.26,0.21,7.1,0.04,35.0,162.0,0.9956,3.39,0.58,9.9,6,white,6.87,24.615,0.216,medium,medium,0,7.131,0.00404,0
7.6,0.3,0.22,10.2,0.049,57.0,191.0,0.9966,3.08,0.4,9.3,6,white,8.12,25.333,0.2984,medium,medium,0,10.235,0.00527,0
9.4,0.16,0.23,1.6,0.042,14.0,67.0,0.9942,3.07,0.32,9.5,5,white,9.79,58.75,0.209,off_dry,medium,0,1.609,0.00442,0
7.5,0.33,0.39,12.4,0.065,29.0,119.0,0.9974,3.16,0.39,9.4,5,white,8.22,22.727,0.2437,medium,medium,0,12.432,0.00691,0
7.6,0.38,0.2,3.4,0.046,9.0,116.0,0.9944,3.15,0.41,9.4,5,white,8.18,20.0,0.0776,off_dry,medium,0,3.419,0.00489,0
8.8,0.2,0.43,15.0,0.053,60.0,184.0,1.0008,3.28,0.79,8.8,6,white,9.43,44.0,0.3261,medium,low,0,14.988,0.00602,0
6.6,0.36,0.21,1.5,0.049,39.0,184.0,0.9928,3.18,0.41,9.9,6,white,7.17,18.333,0.212,off_dry,medium,0,1.511,0.00495,0
5.6,0.46,0.24,4.8,0.042,24.0,72.0,0.9908,3.29,0.37,12.6,6,white,6.3,12.174,0.3333,off_dry,very_high,1,4.845,0.00333,0
7.2,0.15,0.38,1.2,0.038,18.0,110.0,0.9917,3.19,0.43,11.1,6,white,7.73,48.0,0.1636,off_dry,high,0,1.21,0.00342,0
8.2,0.42,0.29,4.1,0.03,31.0,100.0,0.9911,3.0,0.32,12.8,7,white,8.91,19.524,0.31,off_dry,very_high,1,4.137,0.00234,1
6.8,0.3,0.35,2.8,0.038,10.0,164.0,0.9912,3.09,0.53,12.0,6,white,7.45,22.667,0.061,off_dry,high,1,2.825,0.00317,0
6.7,0.27,0.3,13.9,0.029,34.0,131.0,0.9953,3.36,0.5,12.0,7,white,7.27,24.815,0.2595,medium,high,1,13.966,0.00242,1
7.2,0.5,0.0,0.8,0.034,46.0,114.0,0.9932,3.19,0.34,9.2,4,white,7.7,14.4,0.4035,dry,medium,0,0.805,0.0037,0
6.0,0.26,0.29,1.0,0.032,27.0,96.0,0.9896,3.38,0.44,12.3,6,white,6.55,23.077,0.2812,dry,very_high,1,1.011,0.0026,0
6.8,0.33,0.28,1.2,0.032,38.0,131.0,0.9889,3.19,0.41,13.0,6,white,7.41,20.606,0.2901,off_dry,very_high,1,1.213,0.00246,0
7.4,0.29,0.31,1.7,0.035,23.0,110.0,0.9926,3.07,0.38,10.9,5,white,8.0,25.517,0.2091,off_dry,high,0,1.713,0.00321,0
7.3,0.19,0.24,6.3,0.054,34.0,231.0,0.9964,3.36,0.54,10.0,6,white,7.73,38.421,0.1472,medium,medium,0,6.323,0.0054,0
6.5,0.32,0.12,11.5,0.033,35.0,165.0,0.9974,3.22,0.32,9.0,5,white,6.94,20.312,0.2121,medium,low,0,11.53,0.00367,0
7.1,0.32,0.4,1.5,0.034,13.0,84.0,0.9944,3.42,0.6,10.4,5,white,7.82,22.187,0.1548,off_dry,medium,0,1.508,0.00327,0
7.3,0.17,0.23,6.3,0.051,35.0,240.0,0.9963,3.36,0.54,10.0,6,white,7.7,42.941,0.1458,medium,medium,0,6.323,0.0051,0
7.7,0.44,0.24,11.2,0.031,41.0,167.0,0.9948,3.12,0.43,11.3,7,white,8.38,17.5,0.2455,medium,high,0,11.259,0.00274,1
7.4,0.49,0.24,15.1,0.03,34.0,153.0,0.9953,3.13,0.51,12.0,7,white,8.13,15.102,0.2222,medium,high,1,15.171,0.0025,1
6.4,0.21,0.3,5.6,0.044,43.0,160.0,0.9949,3.6,0.41,10.6,6,white,6.91,30.476,0.2687,medium,high,0,5.629,0.00415,0
8.0,0.55,0.42,12.6,0.10800000000000001,37.0,213.0,0.9988,2.99,0.56,9.3,5,white,8.97,14.545,0.1737,medium,medium,0,12.615,0.01161,0
7.0,0.19,0.23,5.7,0.10800000000000001,27.0,104.0,0.9954,3.04,0.54,9.4,6,white,7.42,36.842,0.2596,medium,medium,0,5.726,0.01149,0
7.2,0.24,0.29,2.2,0.037,37.0,102.0,0.992,3.27,0.64,11.0,7,white,7.73,30.0,0.3627,off_dry,high,0,2.218,0.00336,1
6.5,0.34,0.36,11.0,0.052,53.0,247.0,0.9984,3.44,0.55,9.3,6,white,7.2,19.118,0.2146,medium,medium,0,11.018,0.00559,0
6.9,0.18,0.33,1.0,0.054,24.0,164.0,0.9926,3.42,0.51,10.5,5,white,7.41,38.333,0.1463,dry,medium,0,1.007,0.00514,0
8.2,0.18,0.31,11.8,0.039,78.5,249.0,0.9976,3.07,0.52,9.5,6,white,8.69,45.555,0.3153,medium,medium,0,11.828,0.00411,0
8.3,0.28,0.45,7.8,0.059,32.0,139.0,0.9972,3.33,0.77,11.2,6,white,9.03,29.643,0.2302,medium,high,0,7.822,0.00527,0
6.1,0.34,0.46,4.7,0.029,21.0,94.0,0.991,3.29,0.62,12.3,6,white,6.9,17.941,0.2234,off_dry,very_high,1,4.743,0.00236,0
7.4,0.44,0.2,11.5,0.049,44.0,157.0,0.998,3.27,0.44,9.0,5,white,8.04,16.818,0.2803,medium,low,0,11.523,0.00544,0
7.6,0.26,0.58,7.9,0.041,62.0,180.0,0.9966,3.07,0.38,9.0,5,white,8.44,29.231,0.3444,medium,low,0,7.927,0.00456,0
8.7,0.49,0.57,16.05,0.052,34.0,243.0,1.0007,2.98,0.82,9.0,5,white,9.76,17.755,0.1399,medium,low,0,16.039,0.00578,0
7.0,0.24,0.25,1.7,0.042,48.0,189.0,0.992,3.25,0.42,11.4,6,white,7.49,29.167,0.254,off_dry,high,0,1.714,0.00368,0
7.1,0.25,0.25,1.6,0.046,50.0,181.0,0.9925,3.2,0.42,11.0,7,white,7.6,28.4,0.2762,off_dry,high,0,1.612,0.00418,1
6.4,0.18,0.31,1.6,0.049,36.0,127.0,0.9934,3.6,0.67,10.4,7,white,6.89,35.555,0.2835,off_dry,medium,0,1.611,0.00471,1
8.3,0.27,0.39,2.4,0.058,16.0,107.0,0.9955,3.28,0.59,10.3,5,white,8.96,30.741,0.1495,off_dry,medium,0,2.411,0.00563,0
6.8,0.24,0.35,6.4,0.048,44.0,172.0,0.9944,3.29,0.55,10.5,7,white,7.39,28.333,0.2558,medium,medium,0,6.436,0.00457,1
8.0,0.22,0.28,14.0,0.053,78.5,197.0,0.9981,3.14,0.45,9.8,6,white,8.5,36.363,0.3985,medium,medium,0,14.027,0.00541,0
9.65,0.6799999999999999,0.42,1.6,0.056,34.0,181.0,0.9968,3.11,0.46,10.0,4,white,10.75,14.191,0.1878,off_dry,medium,0,1.605,0.0056,0
8.9,0.34,0.34,1.6,0.056,13.0,176.0,0.9946,3.14,0.47,9.7,5,white,9.58,26.176,0.0739,off_dry,medium,0,1.609,0.00577,0
8.9,0.33,0.34,1.4,0.056,14.0,171.0,0.9946,3.13,0.47,9.7,5,white,9.57,26.97,0.0819,off_dry,medium,0,1.408,0.00577,0
6.7,0.18,0.19,4.7,0.046,57.0,161.0,0.9946,3.32,0.66,10.5,6,white,7.07,37.222,0.354,off_dry,medium,0,4.726,0.00438,0
7.8,0.2,0.28,10.2,0.054,78.0,186.0,0.997,3.14,0.46,10.0,6,white,8.28,39.0,0.4194,medium,medium,0,10.231,0.0054,0
7.3,0.13,0.31,2.3,0.054,22.0,104.0,0.9924,3.24,0.855,11.5,7,white,7.74,56.153,0.2115,off_dry,high,0,2.318,0.0047,1
6.6,0.28,0.3,7.8,0.049,57.0,202.0,0.9958,3.24,0.39,9.5,5,white,7.18,23.571,0.2822,medium,medium,0,7.833,0.00516,0
7.1,0.25,0.3,2.4,0.042,25.0,122.0,0.994,3.43,0.61,10.5,6,white,7.65,28.4,0.2049,off_dry,medium,0,2.414,0.004,0
7.6,0.36,0.44,8.3,0.10800000000000001,28.0,142.0,0.9958,3.12,0.43,10.2,6,white,8.4,21.111,0.1972,medium,medium,0,8.335,0.01059,0
7.6,0.27,0.25,13.9,0.05,45.0,199.0,0.9984,3.34,0.5,9.8,6,white,8.12,28.148,0.2261,medium,medium,0,13.922,0.0051,0
6.9,0.37,0.28,13.8,0.031,34.0,137.0,0.9948,3.1,0.37,11.6,6,white,7.55,18.649,0.2482,medium,high,0,13.872,0.00267,0
7.4,0.21,0.27,7.3,0.031,41.0,144.0,0.9932,3.15,0.38,11.8,7,white,7.88,35.238,0.2847,medium,high,0,7.35,0.00263,1
8.2,0.18,0.28,8.5,0.035,41.0,140.0,0.9952,3.04,0.37,10.1,7,white,8.66,45.555,0.2929,medium,medium,0,8.541,0.00347,1
6.3,0.19,0.21,1.8,0.049,35.0,163.0,0.9924,3.31,0.5,10.3,6,white,6.7,33.158,0.2147,off_dry,medium,0,1.814,0.00476,0
7.0,0.21,0.22,5.1,0.048,38.0,168.0,0.9945,3.34,0.49,10.4,6,white,7.43,33.333,0.2262,medium,medium,0,5.128,0.00462,0
5.8,0.33,0.2,16.05,0.047,26.0,166.0,0.9976,3.09,0.46,8.9,5,white,6.33,17.576,0.1566,medium,low,0,16.089,0.00528,0
7.9,0.29,0.31,7.35,0.034,37.0,154.0,0.9938,3.06,0.31,10.8,5,white,8.5,27.241,0.2403,medium,high,0,7.396,0.00315,0
6.6,0.31,0.38,16.05,0.058,16.0,165.0,0.9997,3.38,0.6,9.2,5,white,7.29,21.29,0.097,medium,medium,0,16.055,0.0063,0
8.0,0.19,0.3,2.0,0.053,48.0,140.0,0.994,3.18,0.49,9.6,6,white,8.49,42.105,0.3429,off_dry,medium,0,2.012,0.00552,0
8.0,0.2,0.36,1.2,0.032,21.0,78.0,0.9921,3.08,0.37,10.4,6,white,8.56,40.0,0.2692,off_dry,medium,0,1.21,0.00308,0
8.0,0.25,0.26,14.0,0.043,41.0,248.0,0.9986,3.03,0.57,8.7,6,white,8.51,32.0,0.1653,medium,low,0,14.02,0.00494,0
7.2,0.2,0.61,16.05,0.043,14.0,103.0,0.9987,3.06,0.36,9.2,6,white,8.01,36.0,0.1359,medium,medium,0,16.071,0.00467,0
7.7,0.3,0.42,14.3,0.045,45.0,213.0,0.9991,3.18,0.63,9.2,5,white,8.42,25.667,0.2113,medium,medium,0,14.313,0.00489,0
6.4,0.22,0.32,7.9,0.029,34.0,124.0,0.9948,3.4,0.39,10.2,5,white,6.94,29.091,0.2742,medium,medium,0,7.941,0.00284,0
7.0,0.53,0.02,1.0,0.036,39.0,107.0,0.993,3.2,0.32,9.0,5,white,7.55,13.208,0.3645,dry,low,0,1.007,0.004,0
7.3,0.24,0.41,13.6,0.05,41.0,178.0,0.9988,3.37,0.43,9.7,5,white,7.95,30.417,0.2303,medium,medium,0,13.616,0.00515,0
7.2,0.24,0.4,16.05,0.049,50.0,185.0,1.0,3.34,0.42,9.6,5,white,7.84,30.0,0.2703,medium,medium,0,16.05,0.0051,0
7.6,0.15,0.4,1.3,0.036,24.0,112.0,0.9932,3.14,0.76,10.0,5,white,8.15,50.666,0.2143,off_dry,medium,0,1.309,0.0036,0
7.6,0.33,0.41,13.7,0.045,44.0,197.0,0.9989,3.18,0.64,9.1,5,white,8.34,23.03,0.2234,medium,medium,0,13.715,0.00495,0
6.8,0.24,0.31,16.05,0.046,40.0,142.0,1.0,3.3,0.41,8.7,5,white,7.35,28.333,0.2817,medium,low,0,16.05,0.00529,0
6.8,0.35,0.44,6.5,0.056,31.0,161.0,0.9952,3.14,0.44,9.5,5,white,7.59,19.429,0.1925,medium,medium,0,6.531,0.00589,0
7.9,0.26,0.33,10.3,0.039,73.0,212.0,0.9969,2.93,0.49,9.5,6,white,8.49,30.384,0.3443,medium,medium,0,10.332,0.00411,0
7.5,0.29,0.6400000000000001,8.1,0.037,53.0,166.0,0.9966,2.9,0.41,8.9,6,white,8.43,25.862,0.3193,medium,low,0,8.128,0.00416,0
7.2,0.31,0.41,8.6,0.053,15.0,89.0,0.9976,3.29,0.64,9.9,6,white,7.92,23.226,0.1685,medium,medium,0,8.621,0.00535,0
6.7,0.44,0.31,1.9,0.03,41.0,104.0,0.99,3.29,0.62,12.6,7,white,7.45,15.227,0.3942,off_dry,very_high,1,1.919,0.00238,1
9.65,0.23,0.27,14.1,0.033,45.0,166.0,0.9988,2.7799999999999994,0.43,9.7,6,white,10.15,41.956,0.2711,medium,medium,0,14.117,0.0034,0
7.4,0.21,0.3,7.9,0.039,14.0,118.0,0.9942,2.96,0.34,10.4,5,white,7.91,35.238,0.1186,medium,medium,0,7.946,0.00375,0
8.8,0.23,0.35,10.7,0.04,26.0,183.0,0.9984,2.93,0.49,9.1,6,white,9.38,38.261,0.1421,medium,medium,0,10.717,0.0044,0
7.8,0.34,0.27,1.2,0.04,25.0,106.0,0.9932,3.01,0.55,10.4,5,white,8.41,22.941,0.2358,off_dry,medium,0,1.208,0.00385,0
6.0,0.28,0.35,1.9,0.037,16.0,120.0,0.9933,3.16,0.69,10.6,5,white,6.63,21.428,0.1333,off_dry,high,0,1.913,0.00349,0
7.9,0.37,0.3,2.7,0.029,64.0,158.0,0.9916,3.12,0.59,12.0,7,white,8.57,21.351,0.4051,off_dry,high,1,2.723,0.00242,1
7.2,0.36,0.36,5.7,0.038,26.0,98.0,0.9914,2.93,0.59,12.5,7,white,7.92,20.0,0.2653,medium,very_high,1,5.749,0.00304,1
7.6,0.13,0.34,9.3,0.062,40.0,126.0,0.9966,3.21,0.39,9.6,5,white,8.07,58.461,0.3175,medium,medium,0,9.332,0.00646,0
6.6,0.25,0.36,8.1,0.045,54.0,180.0,0.9958,3.08,0.42,9.2,5,white,7.21,26.4,0.3,medium,medium,0,8.134,0.00489,0
7.1,0.18,0.26,1.3,0.041,20.0,71.0,0.9926,3.04,0.74,9.9,6,white,7.54,39.444,0.2817,off_dry,medium,0,1.31,0.00414,0
7.9,0.3,0.27,8.5,0.036,20.0,112.0,0.9939,2.96,0.46,11.7,6,white,8.47,26.333,0.1786,medium,high,0,8.552,0.00308,0
8.3,0.23,0.3,2.1,0.049,21.0,153.0,0.9953,3.09,0.5,9.6,6,white,8.83,36.087,0.1373,off_dry,medium,0,2.11,0.0051,0
6.8,0.43,0.3,3.5,0.033,27.0,135.0,0.9906,3.0,0.37,12.0,6,white,7.53,15.814,0.2,off_dry,high,1,3.533,0.00275,0
6.6,0.35,0.29,14.4,0.044,54.0,177.0,0.9991,3.17,0.58,8.9,6,white,7.24,18.857,0.3051,medium,low,0,14.413,0.00494,0
7.3,0.22,0.5,13.7,0.049,56.0,189.0,0.9994,3.24,0.66,9.0,6,white,8.02,33.182,0.2963,medium,low,0,13.708,0.00544,0
8.1,0.26,0.33,11.1,0.052,52.5,158.0,0.9976,3.03,0.49,10.2,7,white,8.69,31.154,0.3323,medium,medium,0,11.127,0.0051,1
7.0,0.12,0.19,4.9,0.055,27.0,127.0,0.9953,3.29,0.41,9.4,5,white,7.31,58.333,0.2126,off_dry,medium,0,4.923,0.00585,0
8.2,0.37,0.27,1.7,0.028,10.0,59.0,0.9923,2.97,0.48,10.4,5,white,8.84,22.162,0.1695,off_dry,medium,0,1.713,0.00269,0
7.6,0.26,0.36,1.6,0.032,6.0,106.0,0.993,3.15,0.4,10.4,4,white,8.22,29.231,0.0566,off_dry,medium,0,1.611,0.00308,0
6.3,0.2,0.58,1.4,0.10800000000000001,15.0,97.0,0.9931,3.16,0.43,10.0,6,white,7.08,31.5,0.1546,off_dry,medium,0,1.41,0.0108,0
6.3,0.22,0.57,1.4,0.10800000000000001,14.0,96.0,0.9932,3.16,0.43,10.0,6,white,7.09,28.636,0.1458,off_dry,medium,0,1.41,0.0108,0
7.1,0.25,0.28,1.6,0.052,46.0,169.0,0.9926,3.05,0.41,10.5,5,white,7.63,28.4,0.2722,off_dry,medium,0,1.612,0.00495,0
7.0,0.27,0.32,6.8,0.047,47.0,193.0,0.9938,3.23,0.39,11.4,6,white,7.59,25.926,0.2435,medium,high,0,6.842,0.00412,0
8.8,0.34,0.33,9.7,0.036,46.0,172.0,0.9966,3.08,0.4,10.2,5,white,9.47,25.882,0.2674,medium,medium,0,9.733,0.00353,0
9.2,0.27,0.34,10.5,0.043,49.0,228.0,0.9974,3.04,0.41,10.4,6,white,9.81,34.074,0.2149,medium,medium,0,10.527,0.00413,0
7.1,0.49,0.22,2.0,0.047,78.5,272.125,0.9924,3.24,0.37,11.0,3,white,7.81,14.49,0.2885,off_dry,high,0,2.015,0.00427,0
9.2,0.6799999999999999,0.23,6.2,0.042,15.0,93.0,0.9948,2.89,0.34,10.1,6,white,10.11,13.529,0.1613,medium,medium,0,6.232,0.00416,0
7.2,0.47,0.6400000000000001,8.3,0.083,27.0,182.0,0.9964,3.0,0.35,9.2,5,white,8.31,15.319,0.1484,medium,medium,0,8.33,0.00902,0
6.8,0.28,0.36,1.6,0.04,25.0,87.0,0.9924,3.23,0.66,10.3,6,white,7.44,24.286,0.2874,off_dry,medium,0,1.612,0.00388,0
7.3,0.13,0.27,4.6,0.08,34.0,172.0,0.9938,3.23,0.39,11.1,7,white,7.7,56.153,0.1977,off_dry,high,0,4.629,0.00721,1
7.2,0.16,0.35,1.2,0.031,27.0,84.0,0.9928,3.33,0.34,9.9,5,white,7.71,45.0,0.3214,off_dry,medium,0,1.209,0.00313,0
6.8,0.31,0.32,7.6,0.052,35.0,143.0,0.9959,3.14,0.38,9.0,5,white,7.43,21.935,0.2448,medium,low,0,7.631,0.00578,0
8.3,0.36,0.57,15.0,0.052,35.0,256.0,1.0001,2.93,0.64,8.6,5,white,9.23,23.055,0.1367,medium,low,0,14.999,0.00605,0
6.3,0.25,0.44,11.6,0.041,48.0,195.0,0.9968,3.18,0.52,9.5,5,white,6.99,25.2,0.2462,medium,medium,0,11.637,0.00432,0
6.0,0.45,0.42,1.1,0.051,61.0,197.0,0.9932,3.02,0.4,9.0,5,white,6.87,13.333,0.3096,off_dry,low,0,1.108,0.00567,0
8.1,0.26,0.3,7.8,0.049,39.0,152.0,0.9954,2.99,0.58,10.0,6,white,8.66,31.154,0.2566,medium,medium,0,7.836,0.0049,0
6.4,0.22,0.32,12.0,0.066,57.0,158.0,0.9992,3.6,0.43,9.0,6,white,6.94,29.091,0.3608,medium,low,0,12.01,0.00733,0
5.7,0.45,0.42,1.1,0.051,61.0,197.0,0.9932,3.02,0.4,9.0,5,white,6.57,12.667,0.3096,off_dry,low,0,1.108,0.00567,0
7.2,0.19,0.31,1.4,0.046,37.0,135.0,0.9939,3.34,0.57,10.2,7,white,7.7,37.895,0.2741,off_dry,medium,0,1.409,0.00451,1
6.7,0.31,0.44,6.7,0.054,29.0,160.0,0.9952,3.04,0.44,9.6,5,white,7.45,21.613,0.1812,medium,medium,0,6.732,0.00562,0
8.0,0.25,0.13,16.05,0.036,49.0,219.0,0.9996,2.96,0.46,9.7,5,white,8.38,32.0,0.2237,medium,medium,0,16.056,0.00371,0
9.65,0.6799999999999999,0.46,1.4,0.046,34.0,185.0,0.9966,3.02,0.49,10.2,4,white,10.79,14.191,0.1838,off_dry,medium,0,1.405,0.00451,0
8.1,0.31,0.36,8.2,0.028,29.0,142.0,0.9925,3.01,0.34,13.0,7,white,8.77,26.129,0.2042,medium,very_high,1,8.262,0.00215,1
8.1,0.24,0.38,4.3,0.044,49.0,172.0,0.996,3.37,0.74,10.8,6,white,8.72,33.75,0.2849,off_dry,high,0,4.317,0.00407,0
6.4,0.29,0.28,11.1,0.063,66.0,169.0,0.9973,2.89,0.57,9.0,5,white,6.97,22.069,0.3905,medium,low,0,11.13,0.007,0
7.2,0.15,0.33,1.1,0.027,16.0,63.0,0.9937,3.37,0.4,9.9,5,white,7.68,48.0,0.254,off_dry,medium,0,1.107,0.00273,0
7.0,0.12,0.32,7.2,0.058,22.0,89.0,0.9966,3.29,0.38,9.2,6,white,7.44,58.333,0.2472,medium,medium,0,7.225,0.0063,0
7.4,0.32,0.55,16.05,0.056,53.0,238.0,1.0017,2.96,0.58,8.7,6,white,8.27,23.125,0.2227,medium,low,0,16.023,0.00644,0
8.5,0.17,0.31,1.0,0.024,13.0,91.0,0.993,2.79,0.37,10.1,5,white,8.98,50.0,0.1429,dry,medium,0,1.007,0.00238,0
9.5,0.21,0.47,1.3,0.039,21.0,123.0,0.9959,2.9,0.64,9.5,5,white,10.18,45.238,0.1707,off_dry,medium,0,1.305,0.00411,0
8.2,0.21,0.48,1.4,0.041,11.0,99.0,0.9958,3.17,0.57,9.9,5,white,8.89,39.047,0.1111,off_dry,medium,0,1.406,0.00414,0
6.8,0.31,0.42,6.9,0.046,50.0,173.0,0.9958,3.19,0.46,9.0,5,white,7.53,21.935,0.289,medium,low,0,6.929,0.00511,0
6.8,0.27,0.28,13.3,0.076,50.0,163.0,0.9979,3.03,0.38,8.6,6,white,7.35,25.185,0.3067,medium,low,0,13.328,0.00884,0
7.4,0.21,0.3,8.1,0.047,13.0,114.0,0.9941,3.12,0.35,10.5,6,white,7.91,35.238,0.114,medium,medium,0,8.148,0.00448,0
8.0,0.23,0.35,9.2,0.044,53.0,186.0,0.997,3.09,0.56,9.5,7,white,8.58,34.782,0.2849,medium,medium,0,9.228,0.00463,1
7.6,0.2,0.31,1.4,0.047,41.0,142.0,0.9934,3.43,0.53,10.1,6,white,8.11,38.0,0.2887,off_dry,medium,0,1.409,0.00465,0
6.3,0.41,0.3,3.2,0.03,49.0,164.0,0.9927,3.53,0.79,11.7,7,white,7.01,15.366,0.2988,off_dry,high,0,3.224,0.00256,1
8.3,0.49,0.43,2.5,0.036,32.0,116.0,0.9944,3.23,0.47,10.7,6,white,9.22,16.939,0.2759,off_dry,high,0,2.514,0.00336,0
7.6,0.2,0.26,4.5,0.086,37.0,133.0,0.9963,3.15,0.42,9.2,5,white,8.06,38.0,0.2782,off_dry,medium,0,4.517,0.00935,0
7.5,0.26,0.26,16.05,0.084,33.0,139.0,1.0011,3.17,0.39,8.8,5,white,8.02,28.846,0.2374,medium,low,0,16.032,0.00955,0
6.8,0.27,0.35,7.8,0.048,76.0,197.0,0.9959,3.24,0.43,9.5,6,white,7.42,25.185,0.3858,medium,medium,0,7.832,0.00505,0
6.8,0.28,0.37,7.0,0.057,35.0,208.0,0.9973,3.57,0.55,10.2,5,white,7.45,24.286,0.1683,medium,medium,0,7.019,0.00559,0
8.4,0.2,0.27,6.3,0.048,30.0,143.0,0.9966,3.25,0.5,9.1,6,white,8.87,42.0,0.2098,medium,medium,0,6.321,0.00527,0
7.9,0.33,0.26,1.2,0.044,23.0,103.0,0.9932,3.19,0.54,10.5,6,white,8.49,23.939,0.2233,off_dry,medium,0,1.208,0.00419,0
7.5,0.38,0.5,12.8,0.042,57.0,184.0,0.9984,3.09,0.46,9.0,6,white,8.38,19.737,0.3098,medium,low,0,12.821,0.00467,0
7.6,0.2,0.3,14.2,0.056,53.0,212.5,0.999,3.14,0.46,8.9,8,white,8.1,38.0,0.2494,medium,low,0,14.214,0.00629,1
8.1,0.19,0.58,16.05,0.049,48.0,181.0,1.0006,3.2,0.62,9.1,6,white,8.87,42.631,0.2652,medium,medium,0,16.04,0.00538,0
7.6,0.16,0.41,1.9,0.047,27.0,151.0,0.9937,3.2,0.53,10.1,6,white,8.17,47.5,0.1788,off_dry,medium,0,1.912,0.00465,0
8.1,0.22,0.28,7.7,0.043,57.0,176.0,0.9954,3.12,0.55,10.0,5,white,8.6,36.818,0.3239,medium,medium,0,7.736,0.0043,0
8.0,0.22,0.32,10.4,0.043,63.0,201.0,0.997,3.11,0.53,9.5,6,white,8.54,36.363,0.3134,medium,medium,0,10.431,0.00453,0
7.1,0.33,0.3,3.3,0.034,30.0,102.0,0.9912,3.08,0.31,12.3,7,white,7.73,21.515,0.2941,off_dry,very_high,1,3.329,0.00276,1
6.4,0.43,0.27,1.1,0.054,5.0,110.0,0.9939,3.24,0.52,9.1,4,white,7.1,14.884,0.0455,off_dry,medium,0,1.107,0.00593,0
7.0,0.12,0.28,6.3,0.057,17.0,103.0,0.9957,3.5,0.44,9.6,5,white,7.4,58.333,0.165,medium,medium,0,6.327,0.00594,0
7.4,0.3,0.22,5.25,0.053,33.0,180.0,0.9926,3.13,0.45,11.6,6,white,7.92,24.667,0.1833,medium,high,0,5.289,0.00457,0
7.0,0.28,0.33,14.6,0.043,47.0,168.0,0.9994,3.34,0.67,8.8,6,white,7.61,25.0,0.2798,medium,low,0,14.609,0.00489,0
8.4,0.2,0.38,11.8,0.055,51.0,170.0,1.0004,3.34,0.82,8.9,6,white,8.98,42.0,0.3,medium,low,0,11.795,0.00618,0
7.3,0.18,0.31,16.05,0.055,32.0,197.0,1.0002,3.13,0.46,9.0,6,white,7.79,40.555,0.1624,medium,low,0,16.047,0.00611,0
6.8,0.31,0.09,1.4,0.04,56.0,145.0,0.9922,3.19,0.46,10.0,5,white,7.2,21.935,0.3862,off_dry,medium,0,1.411,0.004,0
6.7,0.31,0.08,1.3,0.038,58.0,147.0,0.9922,3.18,0.46,10.0,5,white,7.09,21.613,0.3946,off_dry,medium,0,1.31,0.0038,0
7.6,0.17,0.35,1.6,0.047,43.0,154.0,0.9934,3.36,0.69,11.1,6,white,8.12,44.706,0.2792,off_dry,high,0,1.611,0.00423,0
7.4,0.26,0.31,2.4,0.043,58.0,178.0,0.9941,3.42,0.68,10.6,6,white,7.97,28.461,0.3258,off_dry,high,0,2.414,0.00406,0
5.6,0.18,0.31,1.5,0.038,16.0,84.0,0.9924,3.34,0.58,10.1,6,white,6.09,31.111,0.1905,off_dry,medium,0,1.511,0.00376,0
7.2,0.15,0.39,1.8,0.043,21.0,159.0,0.9948,3.52,0.47,10.0,5,white,7.74,48.0,0.1321,off_dry,medium,0,1.809,0.0043,0
8.0,0.4,0.33,7.7,0.034,27.0,98.0,0.9935,3.18,0.41,12.2,7,white,8.73,20.0,0.2755,medium,very_high,1,7.75,0.00279,1
7.0,0.25,0.56,2.0,0.035,20.0,95.0,0.9918,3.23,0.53,11.0,6,white,7.81,28.0,0.2105,off_dry,high,0,2.017,0.00318,0
6.8,0.18,0.46,1.4,0.064,37.0,160.0,0.9924,3.37,0.45,11.1,5,white,7.44,37.778,0.2312,off_dry,high,0,1.411,0.00577,0
6.6,0.32,0.22,16.05,0.046,38.0,133.0,0.9979,3.22,0.67,10.4,6,white,7.14,20.625,0.2857,medium,medium,0,16.084,0.00442,0
9.0,0.55,0.3,8.1,0.026,14.0,71.0,0.993,2.94,0.36,11.8,5,white,9.85,16.364,0.1972,medium,high,0,8.157,0.0022,0
6.9,0.19,0.39,8.0,0.028,22.0,84.0,0.994,3.11,0.66,10.8,6,white,7.48,36.316,0.2619,medium,high,0,8.048,0.00259,0
6.3,0.41,0.33,4.7,0.023,28.0,110.0,0.991,3.3,0.38,12.5,7,white,7.04,15.366,0.2545,off_dry,very_high,1,4.743,0.00184,1
7.0,0.2,0.34,2.1,0.049,12.0,136.0,0.9922,3.25,0.46,11.6,7,white,7.54,35.0,0.0882,off_dry,high,0,2.117,0.00422,1
7.7,0.26,0.34,6.4,0.05,36.0,163.0,0.9937,3.19,0.7,11.5,6,white,8.3,29.615,0.2209,medium,high,0,6.441,0.00435,0
6.3,0.21,0.28,1.5,0.051,46.0,142.0,0.9928,3.23,0.42,10.1,6,white,6.79,30.0,0.3239,off_dry,medium,0,1.511,0.00505,0
7.6,0.34,0.39,7.6,0.04,45.0,215.0,0.9965,3.11,0.53,9.2,6,white,8.33,22.353,0.2093,medium,medium,0,7.627,0.00435,0
8.0,0.43,0.4,12.4,0.10800000000000001,29.0,190.0,0.9991,3.07,0.64,9.2,5,white,8.83,18.605,0.1526,medium,medium,0,12.411,0.01174,0
7.5,0.3,0.6400000000000001,1.3,0.10800000000000001,44.0,149.0,0.9948,3.08,0.42,8.9,5,white,8.44,25.0,0.2953,off_dry,low,0,1.307,0.01213,0
6.4,0.26,0.4,1.7,0.10800000000000001,5.0,60.0,0.9925,3.09,0.54,10.1,5,white,7.06,24.615,0.0833,off_dry,medium,0,1.713,0.01069,0
6.9,0.32,0.15,8.1,0.046,51.0,180.0,0.9958,3.13,0.45,8.9,5,white,7.37,21.562,0.2833,medium,low,0,8.134,0.00517,0
8.9,0.21,0.34,7.1,0.037,33.0,150.0,0.9962,3.1,0.45,9.7,6,white,9.45,42.381,0.22,medium,medium,0,7.127,0.00381,0
9.5,0.42,0.41,2.3,0.034,22.0,145.0,0.9951,3.06,0.52,11.0,6,white,10.33,22.619,0.1517,off_dry,high,0,2.311,0.00309,0
7.6,0.29,0.26,6.5,0.042,32.0,160.0,0.9944,3.14,0.47,10.7,5,white,8.15,26.207,0.2,medium,high,0,6.537,0.00393,0
6.5,0.25,0.2,1.4,0.024,29.0,101.0,0.9916,3.24,0.54,10.8,6,white,6.95,26.0,0.2871,off_dry,high,0,1.412,0.00222,0
7.2,0.23,0.33,12.7,0.049,50.0,183.0,0.9987,3.41,0.4,9.8,5,white,7.76,31.304,0.2732,medium,medium,0,12.717,0.005,0
7.9,0.35,0.36,1.6,0.038,11.0,124.0,0.9928,3.25,0.48,11.0,5,white,8.61,22.571,0.0887,off_dry,high,0,1.612,0.00345,0
8.8,0.2,0.28,1.1,0.018,18.0,72.0,0.9926,2.97,0.35,10.4,5,white,9.28,44.0,0.25,off_dry,medium,0,1.108,0.00173,0
5.7,0.27,0.32,1.2,0.046,20.0,155.0,0.9934,3.66,0.41,10.2,6,white,6.29,21.111,0.129,off_dry,medium,0,1.208,0.00451,0
5.5,0.14,0.27,4.6,0.029,22.0,104.0,0.9949,3.34,0.44,9.0,5,white,5.91,39.285,0.2115,off_dry,low,0,4.624,0.00322,0
8.7,0.24,0.35,0.6,0.042,11.0,71.0,0.9926,3.08,0.38,10.6,5,white,9.29,36.25,0.1549,dry,high,0,0.604,0.00396,0
6.7,0.3,0.45,10.6,0.032,56.0,212.0,0.997,3.22,0.59,9.5,6,white,7.45,22.333,0.2642,medium,medium,0,10.632,0.00337,0
5.6,0.13,0.27,4.8,0.028,22.0,104.0,0.9948,3.34,0.45,9.2,6,white,6.0,43.077,0.2115,off_dry,medium,0,4.825,0.00304,0
7.4,0.18,0.34,2.7,0.03,30.0,107.0,0.992,2.97,0.53,11.0,6,white,7.92,41.111,0.2804,off_dry,high,0,2.722,0.00273,0
5.7,0.385,0.04,12.6,0.034,22.0,115.0,0.9964,3.28,0.63,9.9,6,white,6.125,14.805,0.1913,medium,medium,0,12.646,0.00343,0
8.3,0.33,0.43,9.2,0.046,22.0,126.0,0.9982,3.38,0.47,9.3,5,white,9.06,25.151,0.1746,medium,medium,0,9.217,0.00495,0
6.8,0.34,0.44,6.6,0.052,28.0,156.0,0.9955,3.14,0.41,9.6,5,white,7.58,20.0,0.1795,medium,medium,0,6.63,0.00542,0
6.8,0.33,0.44,7.0,0.05,29.0,155.0,0.9955,3.14,0.42,9.5,5,white,7.57,20.606,0.1871,medium,medium,0,7.032,0.00526,0
6.3,0.28,0.24,8.45,0.031,32.0,172.0,0.9958,3.39,0.57,9.7,7,white,6.82,22.5,0.186,medium,medium,0,8.486,0.0032,1
9.65,0.23,0.38,11.1,0.034,15.0,123.0,0.9997,2.93,0.55,9.7,3,white,10.26,41.956,0.122,medium,medium,0,11.103,0.00351,0
6.8,0.21,0.27,16.05,0.042,41.0,146.0,1.0001,3.3,0.36,8.7,5,white,7.28,32.381,0.2808,medium,low,0,16.048,0.00483,0
8.6,0.485,0.29,4.1,0.026,19.0,101.0,0.9918,3.01,0.38,12.4,5,white,9.375,17.732,0.1881,off_dry,very_high,1,4.134,0.0021,0
7.3,0.29,0.29,4.6,0.029,27.0,155.0,0.9931,3.07,0.26,10.6,6,white,7.88,25.172,0.1742,off_dry,high,0,4.632,0.00274,0
6.7,0.31,0.31,4.9,0.031,20.0,151.0,0.9926,3.36,0.82,12.0,7,white,7.32,21.613,0.1325,off_dry,high,1,4.937,0.00258,1
7.3,0.29,0.37,8.3,0.044,45.0,227.0,0.9966,3.12,0.47,9.0,5,white,7.96,25.172,0.1982,medium,low,0,8.328,0.00489,0
5.7,0.46,0.46,1.4,0.04,31.0,169.0,0.9932,3.13,0.47,8.8,5,white,6.62,12.391,0.1834,off_dry,low,0,1.41,0.00455,0
6.8,0.28,0.44,11.5,0.04,58.0,223.0,0.9969,3.22,0.56,9.5,5,white,7.52,24.286,0.2601,medium,medium,0,11.536,0.00421,0
6.7,0.23,0.33,1.8,0.036,23.0,96.0,0.9925,3.32,0.4,10.8,6,white,7.26,29.13,0.2396,off_dry,high,0,1.814,0.00333,0
6.9,0.17,0.25,1.6,0.047,34.0,132.0,0.9914,3.16,0.48,11.4,5,white,7.32,40.588,0.2576,off_dry,high,0,1.614,0.00412,0
7.6,0.18,0.36,2.4,0.049,38.0,123.0,0.996,3.6,0.46,10.3,5,white,8.14,42.222,0.3089,off_dry,medium,0,2.41,0.00476,0
6.6,0.22,0.28,4.9,0.042,51.0,180.0,0.9952,3.3,0.75,9.5,6,white,7.1,30.0,0.2833,off_dry,medium,0,4.924,0.00442,0
7.8,0.27,0.28,1.8,0.05,21.0,127.0,0.9934,3.15,0.44,9.9,5,white,8.35,28.889,0.1654,off_dry,medium,0,1.812,0.00505,0
7.7,0.28,0.29,4.3,0.051,25.0,142.0,0.9939,3.16,0.39,10.2,5,white,8.27,27.5,0.1761,off_dry,medium,0,4.326,0.005,0
7.6,0.29,0.29,4.4,0.051,26.0,146.0,0.9939,3.16,0.39,10.2,5,white,8.18,26.207,0.1781,off_dry,medium,0,4.427,0.005,0
5.7,0.32,0.18,1.4,0.029,26.0,104.0,0.9906,3.44,0.37,11.0,6,white,6.2,17.812,0.25,off_dry,high,0,1.413,0.00264,0
7.1,0.33,0.25,1.6,0.03,25.0,126.0,0.9901,3.22,0.34,12.1,7,white,7.68,21.515,0.1984,off_dry,very_high,1,1.616,0.00248,1
7.3,0.34,0.3,1.3,0.057,25.0,173.0,0.9948,3.26,0.51,9.1,6,white,7.94,21.471,0.1445,off_dry,medium,0,1.307,0.00626,0
6.5,0.19,0.26,5.2,0.04,31.0,140.0,0.995,3.26,0.68,9.5,6,white,6.95,34.21,0.2214,medium,medium,0,5.226,0.00421,0
6.6,0.23,0.27,5.6,0.043,43.0,164.0,0.9953,3.27,0.76,9.5,5,white,7.1,28.696,0.2622,medium,medium,0,5.626,0.00453,0
6.6,0.27,0.29,5.3,0.045,57.0,189.0,0.9953,3.31,0.79,9.8,5,white,7.16,24.444,0.3016,medium,medium,0,5.325,0.00459,0
6.8,0.36,0.32,1.6,0.039,10.0,124.0,0.9948,3.3,0.67,9.6,5,white,7.48,18.889,0.0806,off_dry,medium,0,1.608,0.00406,0
7.0,0.22,0.39,2.1,0.055,39.0,198.0,0.9951,3.52,0.54,10.2,6,white,7.61,31.818,0.197,off_dry,medium,0,2.11,0.00539,0
5.9,0.17,0.3,1.4,0.042,25.0,119.0,0.9931,3.66,0.72,10.5,6,white,6.37,34.706,0.2101,off_dry,medium,0,1.41,0.004,0
7.4,0.45,0.32,7.1,0.044,17.0,117.0,0.9962,3.32,0.41,10.4,4,white,8.17,16.444,0.1453,medium,medium,0,7.127,0.00423,0
7.5,0.42,0.14,10.7,0.046,18.0,95.0,0.9959,3.22,0.33,10.7,5,white,8.06,17.857,0.1895,medium,high,0,10.744,0.0043,0
7.5,0.33,0.32,11.1,0.036,25.0,119.0,0.9962,3.15,0.34,10.5,6,white,8.15,22.727,0.2101,medium,medium,0,11.142,0.00343,0
9.4,0.3,0.32,10.7,0.029,14.0,111.0,0.9958,2.85,0.42,10.6,5,white,10.02,31.333,0.1261,medium,high,0,10.745,0.00274,0
7.9,0.17,0.32,1.6,0.053,47.0,150.0,0.9948,3.29,0.76,9.6,6,white,8.39,46.47,0.3133,off_dry,medium,0,1.608,0.00552,0
8.2,0.17,0.32,1.5,0.05,17.0,101.0,0.994,3.14,0.58,9.5,5,white,8.69,48.235,0.1683,off_dry,medium,0,1.509,0.00526,0
8.3,0.17,0.31,1.5,0.049,48.0,153.0,0.9942,3.12,0.58,9.4,6,white,8.78,48.823,0.3137,off_dry,medium,0,1.509,0.00521,0
8.7,0.15,0.3,1.6,0.046,29.0,130.0,0.9942,3.22,0.38,9.8,6,white,9.15,58.0,0.2231,off_dry,medium,0,1.609,0.00469,0
7.2,0.25,0.19,8.0,0.044,51.0,172.0,0.9964,3.16,0.44,9.2,5,white,7.64,28.8,0.2965,medium,medium,0,8.029,0.00478,0
7.2,0.24,0.19,7.7,0.045,53.0,176.0,0.9958,3.17,0.38,9.5,5,white,7.63,30.0,0.3011,medium,medium,0,7.732,0.00474,0
5.3,0.6799999999999999,0.03,2.7,0.043,27.0,93.0,0.9932,3.34,0.38,9.2,5,white,6.01,7.794,0.2903,off_dry,medium,0,2.718,0.00467,0
6.6,0.22,0.53,15.1,0.052,22.0,136.0,0.9986,2.94,0.35,9.4,5,white,7.35,30.0,0.1618,medium,medium,0,15.121,0.00553,0
8.4,0.28,0.4,8.9,0.048,33.0,146.0,0.9988,3.4,0.46,9.3,5,white,9.08,30.0,0.226,medium,medium,0,8.911,0.00516,0
6.8,0.32,0.34,6.0,0.05,5.0,129.0,0.9953,3.19,0.4,9.1,5,white,7.46,21.25,0.0388,medium,medium,0,6.028,0.00549,0
6.7,0.24,0.33,12.3,0.046,31.0,145.0,0.9983,3.36,0.4,9.5,5,white,7.27,27.917,0.2138,medium,medium,0,12.321,0.00484,0
7.4,0.18,0.36,13.1,0.056,72.0,163.0,1.0,3.42,0.35,9.1,6,white,7.94,41.111,0.4417,medium,medium,0,13.1,0.00615,0
6.0,0.16,0.3,6.7,0.043,43.0,153.0,0.9951,3.63,0.46,10.6,5,white,6.46,37.5,0.281,medium,high,0,6.733,0.00406,0
6.8,0.28,0.35,2.3,0.042,16.0,85.0,0.9906,3.19,0.56,12.4,6,white,7.43,24.286,0.1882,off_dry,very_high,1,2.322,0.00339,0
6.2,0.34,0.3,11.1,0.047,28.0,237.0,0.9981,3.18,0.49,8.7,5,white,6.84,18.235,0.1181,medium,low,0,11.121,0.0054,0
6.0,0.27,0.15,1.5,0.056,35.0,128.0,0.9936,3.12,0.45,8.8,5,white,6.42,22.222,0.2734,off_dry,low,0,1.51,0.00636,0
8.5,0.24,0.47,15.2,0.057,40.0,234.0,1.0005,3.02,0.66,9.0,5,white,9.21,35.417,0.1709,medium,low,0,15.192,0.00633,0
8.1,0.24,0.33,10.2,0.048,46.0,141.0,0.9972,3.16,0.48,10.3,6,white,8.67,33.75,0.3262,medium,medium,0,10.229,0.00466,0
7.7,0.23,0.31,10.7,0.038,59.0,186.0,0.9969,3.12,0.55,9.5,6,white,8.24,33.478,0.3172,medium,medium,0,10.733,0.004,0
6.5,0.22,0.25,16.05,0.05,44.0,138.0,1.0001,3.3,0.37,8.8,5,white,6.97,29.545,0.3188,medium,low,0,16.048,0.00568,0
5.7,0.33,0.15,1.9,0.05,20.0,93.0,0.9934,3.38,0.62,9.9,5,white,6.18,17.273,0.2151,off_dry,medium,0,1.913,0.00505,0
6.8,0.2,0.27,1.2,0.034,19.0,68.0,0.9902,3.14,0.37,11.7,4,white,7.27,34.0,0.2794,off_dry,high,0,1.212,0.00291,0
7.7,0.26,0.32,1.2,0.04,26.0,117.0,0.993,3.21,0.56,10.8,5,white,8.28,29.615,0.2222,off_dry,high,0,1.208,0.0037,0
6.4,0.2,0.32,3.1,0.041,18.0,126.0,0.9914,3.43,0.42,12.0,6,white,6.92,32.0,0.1429,off_dry,high,1,3.127,0.00342,0
8.0,0.16,0.36,1.5,0.033,14.0,122.0,0.9941,3.2,0.39,10.3,4,white,8.52,50.0,0.1148,off_dry,medium,0,1.509,0.0032,0
6.8,0.25,0.27,10.7,0.076,47.0,154.0,0.9967,3.05,0.38,9.0,5,white,7.32,27.2,0.3052,medium,low,0,10.735,0.00844,0
7.7,0.39,0.28,4.9,0.035,36.0,109.0,0.9918,3.19,0.58,12.2,7,white,8.37,19.744,0.3303,off_dry,very_high,1,4.941,0.00287,1
6.9,0.26,0.33,12.6,0.051,59.0,173.0,0.998,3.39,0.38,9.9,5,white,7.49,26.538,0.341,medium,medium,0,12.625,0.00515,0
6.0,0.28,0.22,12.15,0.048,42.0,163.0,0.9957,3.2,0.46,10.1,5,white,6.5,21.428,0.2577,medium,medium,0,12.202,0.00475,0
6.5,0.43,0.28,12.0,0.056,23.0,174.0,0.9986,3.31,0.55,9.3,5,white,7.21,15.116,0.1322,medium,medium,0,12.017,0.00602,0
9.1,0.33,0.38,1.7,0.062,50.5,272.125,0.9958,3.1,0.7,9.5,5,white,9.81,27.576,0.1856,off_dry,medium,0,1.707,0.00653,0
5.9,0.5,0.05,2.6,0.054,36.0,146.0,0.9948,3.43,0.5,9.2,6,white,6.45,11.8,0.2466,off_dry,medium,0,2.614,0.00587,0
6.8,0.28,0.39,1.4,0.036,15.0,115.0,0.9918,3.27,0.72,11.7,5,white,7.47,24.286,0.1304,off_dry,high,0,1.412,0.00308,0
7.0,0.35,0.24,1.9,0.04,21.0,144.0,0.9923,3.35,0.38,11.0,5,white,7.59,20.0,0.1458,off_dry,high,0,1.915,0.00364,0
7.1,0.22,0.32,16.05,0.056,49.0,158.0,0.9998,3.37,0.38,9.6,6,white,7.64,32.273,0.3101,medium,medium,0,16.053,0.00583,0
8.3,0.24,0.27,2.1,0.03,22.0,162.0,0.9914,2.99,0.68,11.9,6,white,8.81,34.583,0.1358,off_dry,high,0,2.118,0.00252,0
6.8,0.26,0.32,7.0,0.041,38.0,118.0,0.9939,3.25,0.52,10.8,6,white,7.38,26.154,0.322,medium,high,0,7.043,0.0038,0
7.2,0.16,0.26,7.1,0.054,41.0,224.0,0.9966,3.38,0.55,10.1,5,white,7.62,45.0,0.183,medium,medium,0,7.124,0.00535,0
7.9,0.18,0.36,5.9,0.058,31.0,132.0,0.995,3.25,0.52,10.9,6,white,8.44,43.889,0.2348,medium,high,0,5.93,0.00532,0
5.5,0.24,0.32,8.7,0.06,19.0,102.0,0.994,3.27,0.31,10.4,5,white,6.06,22.917,0.1863,medium,medium,0,8.753,0.00577,0
7.1,0.33,0.64,13.2,0.056,12.0,105.0,0.9972,3.05,0.39,9.2,5,white,8.07,21.515,0.1143,medium,medium,0,13.237,0.00609,0
7.7,0.28,0.35,15.3,0.056,31.0,117.0,0.9998,3.27,0.5,9.6,5,white,8.33,27.5,0.265,medium,medium,0,15.303,0.00583,0
7.5,0.26,0.52,13.2,0.047,64.0,179.0,0.9982,3.1,0.46,9.0,5,white,8.28,28.846,0.3575,medium,low,0,13.224,0.00522,0
6.5,0.14,0.32,2.7,0.037,18.0,89.0,0.9924,3.4,0.74,11.5,7,white,6.96,46.428,0.2022,off_dry,high,0,2.721,0.00322,1
8.2,0.21,0.32,10.65,0.053,53.0,145.0,0.9972,3.17,0.48,10.2,6,white,8.73,39.047,0.3655,medium,medium,0,10.68,0.0052,0
7.2,0.2,0.31,10.0,0.054,49.0,165.0,0.997,3.4,0.42,9.9,6,white,7.71,36.0,0.297,medium,medium,0,10.03,0.00545,0
7.2,0.115,0.3,6.8,0.056,26.0,105.0,0.9954,3.44,0.4,9.6,6,white,7.615,62.608,0.2476,medium,medium,0,6.831,0.00583,0
6.4,0.29,0.2,15.6,0.04,20.0,142.0,0.9962,3.1,0.54,10.6,5,white,6.89,22.069,0.1408,medium,high,0,15.66,0.00377,0
6.8,0.24,0.34,5.1,0.038,31.0,99.0,0.9921,3.24,0.46,11.8,6,white,7.38,28.333,0.3131,medium,high,0,5.141,0.00322,0
7.0,0.24,0.34,3.0,0.035,36.0,102.0,0.9905,3.18,0.43,12.2,6,white,7.58,29.167,0.3529,off_dry,very_high,1,3.029,0.00287,0
7.0,0.22,0.33,2.1,0.052,15.0,76.0,0.993,3.2,0.41,10.6,6,white,7.55,31.818,0.1974,off_dry,high,0,2.115,0.00491,0
7.5,0.18,0.39,1.9,0.054,23.0,91.0,0.9941,3.27,0.45,10.3,6,white,8.07,41.666,0.2527,off_dry,medium,0,1.911,0.00524,0
9.65,0.6799999999999999,0.45,8.6,0.052,34.0,187.0,0.9994,3.12,0.59,10.2,4,white,10.78,14.191,0.1818,medium,medium,0,8.605,0.0051,0
7.8,0.29,0.33,8.75,0.035,33.0,181.0,0.9962,3.11,0.46,10.7,5,white,8.42,26.896,0.1823,medium,high,0,8.783,0.00327,0
7.9,0.28,0.32,3.6,0.038,9.0,76.0,0.992,3.05,0.31,11.7,4,white,8.5,28.214,0.1184,off_dry,high,0,3.629,0.00325,0
8.5,0.25,0.27,4.7,0.031,31.0,92.0,0.9922,3.01,0.33,12.0,6,white,9.02,34.0,0.337,off_dry,high,1,4.737,0.00258,0
7.4,0.18,0.27,1.3,0.048,26.0,105.0,0.994,3.52,0.66,10.6,6,white,7.85,41.111,0.2476,off_dry,high,0,1.308,0.00453,0
6.3,0.24,0.37,1.8,0.031,6.0,61.0,0.9897,3.3,0.34,12.2,4,white,6.91,26.25,0.0984,off_dry,very_high,1,1.819,0.00254,0
6.0,0.33,0.38,9.7,0.04,29.0,124.0,0.9954,3.47,0.48,11.0,6,white,6.71,18.182,0.2339,medium,high,0,9.745,0.00364,0
6.8,0.37,0.28,4.0,0.03,29.0,79.0,0.99,3.23,0.46,12.4,7,white,7.45,18.378,0.3671,off_dry,very_high,1,4.04,0.00242,1
9.65,0.49,0.23,2.4,0.087,19.0,115.0,0.9948,2.7799999999999994,0.44,9.4,6,white,10.37,19.694,0.1652,off_dry,medium,0,2.413,0.00926,0
8.4,0.22,0.28,16.05,0.028,55.0,130.0,0.998,2.96,0.35,11.6,5,white,8.9,38.182,0.4231,medium,high,0,16.082,0.00241,0
7.0,0.35,0.31,1.8,0.069,15.0,162.0,0.9944,3.18,0.47,9.4,5,white,7.66,20.0,0.0926,off_dry,medium,0,1.81,0.00734,0
7.4,0.19,0.3,12.8,0.053,48.5,229.0,0.9986,3.14,0.49,9.1,7,white,7.89,38.947,0.2118,medium,medium,0,12.818,0.00582,1
6.9,0.32,0.13,7.8,0.042,11.0,117.0,0.996,3.23,0.37,9.2,5,white,7.35,21.562,0.094,medium,medium,0,7.831,0.00457,0
7.6,0.32,0.58,16.05,0.05,43.0,163.0,0.9999,3.15,0.54,9.2,5,white,8.5,23.75,0.2638,medium,medium,0,16.052,0.00543,0
7.4,0.19,0.3,12.8,0.053,48.5,212.0,0.9986,3.14,0.49,9.1,7,white,7.89,38.947,0.2288,medium,medium,0,12.818,0.00582,1
6.0,0.34,0.24,5.4,0.06,23.0,126.0,0.9951,3.25,0.44,9.0,7,white,6.58,17.647,0.1825,medium,low,0,5.427,0.00667,1
7.7,0.24,0.31,1.3,0.047,33.0,106.0,0.993,3.22,0.55,10.8,6,white,8.25,32.083,0.3113,off_dry,high,0,1.309,0.00435,0
8.0,0.36,0.43,10.1,0.053,29.0,146.0,0.9982,3.4,0.46,9.5,6,white,8.79,22.222,0.1986,medium,medium,0,10.118,0.00558,0
7.4,0.29,0.25,3.8,0.044,30.0,114.0,0.992,3.11,0.4,11.0,6,white,7.94,25.517,0.2632,off_dry,high,0,3.831,0.004,0
6.6,0.32,0.27,10.9,0.041,37.0,146.0,0.9963,3.24,0.47,10.0,5,white,7.19,20.625,0.2534,medium,medium,0,10.94,0.0041,0
6.3,0.3,0.24,6.6,0.04,38.0,141.0,0.995,3.22,0.47,9.5,5,white,6.84,21.0,0.2695,medium,medium,0,6.633,0.00421,0
6.4,0.33,0.24,9.8,0.041,29.0,109.0,0.9956,3.29,0.47,10.1,6,white,6.97,19.394,0.2661,medium,medium,0,9.843,0.00406,0
7.5,0.18,0.31,11.7,0.051,24.0,94.0,0.997,3.19,0.44,9.5,7,white,7.99,41.666,0.2553,medium,medium,0,11.735,0.00537,1
6.5,0.39,0.6400000000000001,1.2,0.10800000000000001,14.0,74.0,0.9936,3.08,0.53,9.5,5,white,7.53,16.667,0.1892,off_dry,medium,0,1.208,0.01137,0
6.8,0.25,0.18,1.4,0.056,13.0,137.0,0.9935,3.11,0.42,9.5,5,white,7.23,27.2,0.0949,off_dry,medium,0,1.409,0.00589,0
6.4,0.18,0.32,9.6,0.052,24.0,90.0,0.9963,3.35,0.49,9.4,6,white,6.9,35.555,0.2667,medium,medium,0,9.636,0.00553,0
7.1,0.18,0.32,12.2,0.048,36.0,125.0,0.9967,2.92,0.54,9.4,6,white,7.6,39.444,0.288,medium,medium,0,12.24,0.00511,0
7.6,0.27,0.42,2.6,0.044,29.0,110.0,0.9912,3.31,0.51,12.7,6,white,8.29,28.148,0.2636,off_dry,very_high,1,2.623,0.00346,0
9.2,0.23,0.35,10.7,0.037,34.0,145.0,0.9981,3.09,0.32,9.7,5,white,9.78,40.0,0.2345,medium,medium,0,10.72,0.00381,0
7.9,0.28,0.41,4.9,0.058,31.0,153.0,0.9966,3.27,0.51,9.7,6,white,8.59,28.214,0.2026,off_dry,medium,0,4.917,0.00598,0
7.0,0.22,0.26,1.1,0.037,20.0,71.0,0.9902,3.1,0.38,11.7,6,white,7.48,31.818,0.2817,off_dry,high,0,1.111,0.00316,0
7.3,0.18,0.29,1.0,0.036,26.0,101.0,0.99,3.09,0.37,11.7,6,white,7.77,40.555,0.2574,dry,high,0,1.01,0.00308,0
7.1,0.26,0.19,8.2,0.051,53.0,187.0,0.996,3.16,0.52,9.7,5,white,7.55,27.308,0.2834,medium,medium,0,8.233,0.00526,0
6.6,0.25,0.42,11.3,0.049,77.0,231.0,0.9966,3.24,0.52,9.5,6,white,7.27,26.4,0.3333,medium,medium,0,11.339,0.00516,0
6.4,0.24,0.23,7.3,0.069,31.0,157.0,0.9962,3.25,0.53,9.1,5,white,6.87,26.667,0.1975,medium,medium,0,7.328,0.00758,0
6.0,0.28,0.27,2.3,0.051,23.0,147.0,0.994,3.23,0.67,10.3,6,white,6.55,21.428,0.1565,off_dry,medium,0,2.314,0.00495,0
7.8,0.24,0.38,2.1,0.058,14.0,167.0,0.994,3.21,0.55,9.9,5,white,8.42,32.5,0.0838,off_dry,medium,0,2.113,0.00586,0
7.6,0.27,0.33,2.0,0.059,19.0,175.0,0.9944,3.22,0.56,9.9,5,white,8.2,28.148,0.1086,off_dry,medium,0,2.011,0.00596,0
7.7,0.39,0.34,10.0,0.056,35.0,178.0,0.9974,3.26,0.6,10.2,5,white,8.43,19.744,0.1966,medium,medium,0,10.026,0.00549,0
8.9,0.24,0.33,15.75,0.035,16.0,132.0,0.996,3.0,0.37,12.1,6,white,9.47,37.083,0.1212,medium,very_high,1,15.813,0.00289,0
6.6,0.23,0.24,3.9,0.045,36.0,138.0,0.9922,3.15,0.64,11.3,7,white,7.07,28.696,0.2609,off_dry,high,0,3.931,0.00398,1
7.1,0.26,0.3,2.0,0.031,13.0,128.0,0.9917,3.19,0.49,11.4,5,white,7.66,27.308,0.1016,off_dry,high,0,2.017,0.00272,0
7.0,0.32,0.35,1.5,0.039,24.0,125.0,0.9918,3.17,0.64,12.2,6,white,7.67,21.875,0.192,off_dry,very_high,1,1.512,0.0032,0
7.4,0.24,0.26,1.6,0.058,53.0,150.0,0.9936,3.18,0.5,9.9,7,white,7.9,30.833,0.3533,off_dry,medium,0,1.61,0.00586,1
6.9,0.21,0.33,1.4,0.056,35.0,136.0,0.9938,3.63,0.78,10.3,6,white,7.44,32.857,0.2574,off_dry,medium,0,1.409,0.00544,0
7.4,0.17,0.29,1.4,0.047,23.0,107.0,0.9939,3.52,0.65,10.4,6,white,7.86,43.529,0.215,off_dry,medium,0,1.409,0.00452,0
8.5,0.28,0.34,13.8,0.041,32.0,161.0,0.9981,3.13,0.4,9.9,6,white,9.12,30.357,0.1988,medium,medium,0,13.826,0.00414,0
7.8,0.3,0.37,1.3,0.051,16.0,96.0,0.9941,3.32,0.62,10.0,5,white,8.47,26.0,0.1667,off_dry,medium,0,1.308,0.0051,0
8.1,0.25,0.38,3.8,0.051,18.0,129.0,0.9928,3.21,0.38,11.5,6,white,8.73,32.4,0.1395,off_dry,high,0,3.828,0.00443,0
7.7,0.28,0.29,6.9,0.041,29.0,163.0,0.9952,3.44,0.6,10.5,6,white,8.27,27.5,0.1779,medium,medium,0,6.933,0.0039,0
6.5,0.24,0.36,2.2,0.027,36.0,134.0,0.9898,3.28,0.36,12.5,7,white,7.1,27.083,0.2687,off_dry,very_high,1,2.223,0.00216,1
7.0,0.22,0.32,1.6,0.045,40.0,120.0,0.9914,2.98,0.44,10.5,6,white,7.54,31.818,0.3333,off_dry,medium,0,1.614,0.00429,0
8.0,0.45,0.28,10.8,0.051,25.0,157.0,0.9957,3.06,0.47,11.4,7,white,8.73,17.778,0.1592,medium,high,0,10.847,0.00447,1
6.9,0.23,0.33,12.8,0.056,44.0,169.0,0.998,3.42,0.42,9.8,6,white,7.46,30.0,0.2604,medium,medium,0,12.826,0.00571,0
7.6,0.23,0.26,15.3,0.067,32.0,166.0,0.9986,3.03,0.44,9.2,4,white,8.09,33.043,0.1928,medium,medium,0,15.321,0.00728,0
7.7,0.28,0.58,12.1,0.046,60.0,177.0,0.9983,3.08,0.46,8.9,5,white,8.56,27.5,0.339,medium,low,0,12.121,0.00517,0
7.7,0.27,0.61,12.0,0.046,64.0,179.0,0.9982,3.07,0.46,8.9,5,white,8.58,28.518,0.3575,medium,low,0,12.022,0.00517,0
7.1,0.2,0.36,11.6,0.042,45.0,124.0,0.997,2.92,0.59,9.5,7,white,7.66,35.5,0.3629,medium,medium,0,11.635,0.00442,1
6.9,0.25,0.35,9.2,0.034,42.0,150.0,0.9947,3.21,0.36,11.5,6,white,7.5,27.6,0.28,medium,high,0,9.249,0.00296,0
8.4,0.2,0.31,2.8,0.054,16.0,89.0,0.99416,2.96,0.45,9.5,6,white,8.91,42.0,0.1798,off_dry,medium,0,2.816,0.00568,0
6.5,0.39,0.35,1.6,0.049,10.0,164.0,0.99516,3.35,0.51,9.7,5,white,7.24,16.667,0.061,off_dry,medium,0,1.608,0.00505,0
7.2,0.23,0.38,6.1,0.067,20.0,90.0,0.99496,3.17,0.79,9.7,5,white,7.81,31.304,0.2222,medium,medium,0,6.131,0.00691,0
6.9,0.44,0.42,8.5,0.048,10.0,147.0,0.9974,3.32,0.46,9.5,6,white,7.76,15.682,0.068,medium,medium,0,8.522,0.00505,0
7.1,0.28,0.19,7.8,0.04,48.0,184.0,0.99579,3.16,0.5,9.4,5,white,7.57,25.357,0.2609,medium,medium,0,7.833,0.00426,0
6.4,0.34,0.2,14.9,0.06,37.0,162.0,0.9983,3.13,0.45,9.0,4,white,6.94,18.823,0.2284,medium,low,0,14.925,0.00667,0
6.1,0.15,0.29,6.2,0.046,39.0,151.0,0.99471,3.6,0.44,10.6,6,white,6.54,40.666,0.2583,medium,high,0,6.233,0.00434,0
7.2,0.29,0.18,8.2,0.042,41.0,180.0,0.99644,3.16,0.49,9.1,5,white,7.67,24.828,0.2278,medium,medium,0,8.229,0.00462,0
6.1,0.23,0.45,10.6,0.094,49.0,169.0,0.99699,3.05,0.54,8.8,5,white,6.78,26.522,0.2899,medium,low,0,10.632,0.01068,0
6.7,0.23,0.42,11.2,0.047,52.0,171.0,0.99758,3.54,0.74,10.4,5,white,7.35,29.13,0.3041,medium,medium,0,11.227,0.00452,0
7.0,0.36,0.14,11.6,0.043,35.0,228.0,0.9977,3.13,0.51,8.9,5,white,7.5,19.444,0.1535,medium,low,0,11.627,0.00483,0
7.5,0.31,0.24,7.1,0.031,28.0,141.0,0.99397,3.16,0.38,10.6,7,white,8.05,24.193,0.1986,medium,high,0,7.143,0.00292,1
7.4,0.2,0.29,1.7,0.047,16.0,100.0,0.99243,3.28,0.45,10.6,6,white,7.89,37.0,0.16,off_dry,high,0,1.713,0.00443,0
6.3,0.27,0.18,7.7,0.048,45.0,186.0,0.9962,3.23,0.47,9.0,5,white,6.75,23.333,0.2419,medium,low,0,7.729,0.00533,0
9.2,0.34,0.54,16.05,0.06,46.0,235.0,1.00182,3.08,0.61,8.8,6,white,10.08,27.059,0.1957,medium,low,0,16.021,0.00682,0
7.4,0.18,0.29,1.4,0.042,34.0,101.0,0.99384,3.54,0.6,10.5,7,white,7.87,41.111,0.3366,off_dry,medium,0,1.409,0.004,1
7.2,0.29,0.2,7.7,0.046,51.0,174.0,0.99582,3.16,0.52,9.5,5,white,7.69,24.828,0.2931,medium,medium,0,7.732,0.00484,0
6.2,0.26,0.19,3.4,0.049,47.0,172.0,0.9924,3.14,0.43,10.4,6,white,6.65,23.846,0.2733,off_dry,medium,0,3.426,0.00471,0
7.3,0.21,0.21,1.6,0.046,35.0,133.0,0.99466,3.38,0.46,10.0,6,white,7.72,34.762,0.2632,off_dry,medium,0,1.609,0.0046,0
7.1,0.14,0.35,1.4,0.039,24.0,128.0,0.99212,2.97,0.68,10.4,5,white,7.59,50.714,0.1875,off_dry,medium,0,1.411,0.00375,0
7.2,0.39,0.54,1.4,0.10800000000000001,34.0,132.0,0.99449,3.11,0.53,9.0,6,white,8.13,18.461,0.2576,off_dry,low,0,1.408,0.012,0
7.6,0.48,0.28,10.4,0.049,57.0,205.0,0.99748,3.24,0.45,9.3,5,white,8.36,15.833,0.278,medium,medium,0,10.426,0.00527,0
6.5,0.36,0.31,4.1,0.061,20.0,134.0,0.99475,3.18,0.45,9.0,6,white,7.17,18.056,0.1493,off_dry,low,0,4.122,0.00678,0
8.5,0.25,0.31,2.8,0.032,11.0,61.0,0.99189,3.06,0.44,11.5,6,white,9.06,34.0,0.1803,off_dry,high,0,2.823,0.00278,0
6.9,0.3,0.21,15.7,0.056,49.0,159.0,0.99827,3.11,0.48,9.0,5,white,7.41,23.0,0.3082,medium,low,0,15.727,0.00622,0
6.6,0.19,0.43,10.9,0.045,53.0,154.0,0.99752,3.52,0.77,10.4,6,white,7.22,34.737,0.3442,medium,medium,0,10.927,0.00433,0
9.4,0.42,0.32,6.5,0.027,20.0,167.0,0.99479,3.08,0.43,10.6,5,white,10.14,22.381,0.1198,medium,high,0,6.534,0.00255,0
6.3,0.2,0.3,5.9,0.034,35.0,152.0,0.99642,3.47,0.4,8.5,6,white,6.8,31.5,0.2303,medium,low,0,5.921,0.004,0
8.5,0.19,0.56,16.05,0.055,47.0,169.0,1.00047,3.07,0.67,9.3,6,white,9.25,44.737,0.2781,medium,medium,0,16.042,0.00591,0
7.3,0.19,0.25,1.4,0.051,41.0,107.0,0.99382,3.53,0.66,10.5,7,white,7.74,38.421,0.3832,off_dry,medium,0,1.409,0.00486,1
6.7,0.25,0.26,13.5,0.06,50.0,156.0,0.99784,3.39,0.46,9.9,6,white,7.21,26.8,0.3205,medium,medium,0,13.529,0.00606,0
6.2,0.25,0.28,8.5,0.035,28.0,108.0,0.99486,3.4,0.42,10.4,6,white,6.73,24.8,0.2593,medium,medium,0,8.544,0.00337,0
6.1,0.46,0.32,6.2,0.053,10.0,94.0,0.99537,3.35,0.47,10.1,5,white,6.88,13.261,0.1064,medium,medium,0,6.229,0.00525,0
7.5,0.29,0.26,14.95,0.067,47.0,178.0,0.99838,3.04,0.49,9.2,4,white,8.05,25.862,0.264,medium,medium,0,14.974,0.00728,0
6.7,0.31,0.18,7.7,0.043,57.0,200.0,0.99566,3.17,0.44,9.4,6,white,7.19,21.613,0.285,medium,medium,0,7.734,0.00457,0
7.4,0.14,0.3,1.3,0.033,25.0,91.0,0.99268,3.53,0.39,10.6,6,white,7.84,52.857,0.2747,off_dry,high,0,1.31,0.00311,0
7.1,0.4,0.52,1.3,0.10800000000000001,45.0,149.0,0.99468,3.08,0.56,8.7,5,white,8.02,17.75,0.302,off_dry,low,0,1.307,0.01241,0
6.4,0.16,0.25,1.3,0.047,20.0,77.0,0.9933,3.61,0.54,10.2,6,white,6.81,40.0,0.2597,off_dry,medium,0,1.309,0.00461,0
6.3,0.16,0.22,1.3,0.046,18.0,66.0,0.99307,3.61,0.55,10.3,6,white,6.68,39.375,0.2727,off_dry,medium,0,1.309,0.00447,0
7.4,0.33,0.26,15.6,0.049,67.0,210.0,0.99907,3.06,0.68,9.5,5,white,7.99,22.424,0.319,medium,medium,0,15.615,0.00516,0
6.6,0.41,0.24,4.9,0.10800000000000001,47.0,144.0,0.99471,3.17,0.49,9.4,5,white,7.25,16.098,0.3264,off_dry,medium,0,4.926,0.01149,0
6.7,0.43,0.23,5.0,0.10800000000000001,49.0,145.0,0.99471,3.17,0.49,9.4,5,white,7.36,15.581,0.3379,off_dry,medium,0,5.027,0.01149,0
7.3,0.4,0.28,6.5,0.037,26.0,97.0,0.99148,3.16,0.58,12.6,7,white,7.98,18.25,0.268,medium,very_high,1,6.556,0.00294,1
7.4,0.18,0.24,1.4,0.047,21.0,106.0,0.99383,3.52,0.64,10.5,7,white,7.82,41.111,0.1981,off_dry,medium,0,1.409,0.00448,1
8.6,0.17,0.28,2.7,0.047,38.0,150.0,0.99365,3.1,0.56,10.8,6,white,9.05,50.588,0.2533,off_dry,high,0,2.717,0.00435,0
6.5,0.32,0.23,1.2,0.054,39.0,208.0,0.99272,3.18,0.46,9.9,6,white,7.05,20.312,0.1875,off_dry,medium,0,1.209,0.00545,0
7.0,0.32,0.31,6.4,0.031,38.0,115.0,0.99235,3.38,0.58,12.2,7,white,7.63,21.875,0.3304,medium,very_high,1,6.449,0.00254,1
7.5,0.42,0.19,6.9,0.041,62.0,150.0,0.99508,3.23,0.37,10.0,6,white,8.11,17.857,0.4133,medium,medium,0,6.934,0.0041,0
6.9,0.28,0.31,7.2,0.04,47.0,168.0,0.9946,3.29,0.57,10.6,7,white,7.49,24.643,0.2798,medium,high,0,7.239,0.00377,1
6.5,0.29,0.42,10.6,0.042,66.0,202.0,0.99674,3.24,0.53,9.5,6,white,7.21,22.414,0.3267,medium,medium,0,10.635,0.00442,0
6.3,0.41,0.18,3.5,0.027,23.0,109.0,0.99018,3.34,0.54,12.8,8,white,6.89,15.366,0.211,off_dry,very_high,1,3.535,0.00211,1
7.3,0.3,0.33,2.3,0.043,28.0,125.0,0.99084,3.34,0.44,12.6,7,white,7.93,24.333,0.224,off_dry,very_high,1,2.321,0.00341,1
6.6,0.22,0.28,12.05,0.058,25.0,125.0,0.99856,3.45,0.45,9.4,5,white,7.1,30.0,0.2,medium,medium,0,12.067,0.00617,0
6.0,0.26,0.18,7.0,0.055,50.0,194.0,0.99591,3.21,0.43,9.0,5,white,6.44,23.077,0.2577,medium,low,0,7.029,0.00611,0
6.9,0.44,0.18,11.8,0.051,26.0,126.0,0.9975,3.23,0.48,9.1,5,white,7.52,15.682,0.2063,medium,medium,0,11.83,0.0056,0
7.5,0.42,0.2,1.4,0.06,15.0,168.0,0.9944,3.06,0.4,9.4,6,white,8.12,17.857,0.0893,off_dry,medium,0,1.408,0.00638,0
7.0,0.36,0.3,5.0,0.04,40.0,143.0,0.99173,3.33,0.42,12.2,7,white,7.66,19.444,0.2797,off_dry,very_high,1,5.042,0.00328,1
5.6,0.295,0.2,2.2,0.049,18.0,134.0,0.99378,3.21,0.68,10.0,5,white,6.095,18.983,0.1343,off_dry,medium,0,2.214,0.0049,0
6.8,0.21,0.55,14.6,0.053,34.0,159.0,0.99805,2.93,0.44,9.2,5,white,7.56,32.381,0.2138,medium,medium,0,14.629,0.00576,0
9.4,0.28,0.3,1.6,0.045,36.0,139.0,0.99534,3.11,0.49,9.3,5,white,9.98,33.571,0.259,off_dry,medium,0,1.607,0.00484,0
8.1,0.28,0.34,1.3,0.035,11.0,126.0,0.99232,3.14,0.5,9.8,6,white,8.72,28.928,0.0873,off_dry,medium,0,1.31,0.00357,0
7.0,0.22,0.26,2.8,0.036,44.0,132.0,0.99078,3.34,0.41,12.0,7,white,7.48,31.818,0.3333,off_dry,high,1,2.826,0.003,1
6.8,0.32,0.3,3.3,0.029,15.0,80.0,0.99061,3.33,0.63,12.6,7,white,7.42,21.25,0.1875,off_dry,very_high,1,3.331,0.0023,1
7.0,0.19,0.33,6.3,0.032,42.0,127.0,0.99182,3.31,0.38,12.2,6,white,7.52,36.842,0.3307,medium,very_high,1,6.352,0.00262,0
7.7,0.42,0.38,8.1,0.061,49.0,144.0,0.9966,3.4,0.58,11.0,6,white,8.5,18.333,0.3403,medium,high,0,8.128,0.00555,0
7.4,0.2,0.31,1.6,0.038,34.0,116.0,0.9912,3.25,0.39,12.0,7,white,7.91,37.0,0.2931,off_dry,high,1,1.614,0.00317,1
7.5,0.24,0.62,10.6,0.045,51.0,153.0,0.99779,3.16,0.44,8.8,5,white,8.36,31.25,0.3333,medium,low,0,10.623,0.00511,0
7.5,0.26,0.59,11.8,0.046,58.0,164.0,0.99814,3.17,0.46,8.9,4,white,8.35,28.846,0.3537,medium,low,0,11.822,0.00517,0
6.6,0.4,0.32,1.7,0.035,39.0,84.0,0.99096,3.59,0.48,12.7,7,white,7.32,16.5,0.4643,off_dry,very_high,1,1.716,0.00276,1
8.0,0.2,0.3,8.1,0.037,42.0,130.0,0.99379,3.1,0.67,11.8,6,white,8.5,40.0,0.3231,medium,high,0,8.151,0.00314,0
4.6,0.445,0.0,1.4,0.053,11.0,178.0,0.99426,3.66,0.55,10.2,5,white,5.045,10.337,0.0618,off_dry,medium,0,1.408,0.0052,0
6.1,0.41,0.04,1.3,0.036,23.0,121.0,0.99228,3.24,0.61,9.9,6,white,6.55,14.878,0.1901,off_dry,medium,0,1.31,0.00364,0
7.6,0.2,0.34,1.8,0.041,42.0,148.0,0.99335,3.35,0.66,11.1,6,white,8.14,38.0,0.2838,off_dry,high,0,1.812,0.00369,0
6.9,0.3,0.21,7.2,0.045,54.0,190.0,0.99595,3.22,0.48,9.4,5,white,7.41,23.0,0.2842,medium,medium,0,7.229,0.00479,0
7.0,0.35,0.17,1.1,0.049,7.0,119.0,0.99297,3.13,0.36,9.7,6,white,7.52,20.0,0.0588,off_dry,medium,0,1.108,0.00505,0
6.9,0.35,0.55,11.95,0.038,22.0,111.0,0.99687,3.11,0.29,9.7,5,white,7.8,19.714,0.1982,medium,medium,0,11.988,0.00392,0
7.6,0.3,0.4,2.2,0.054,29.0,175.0,0.99445,3.19,0.53,9.8,5,white,8.3,25.333,0.1657,off_dry,medium,0,2.212,0.00551,0
7.5,0.38,0.29,12.7,0.05,25.0,209.0,0.9986,3.25,0.59,9.3,6,white,8.17,19.737,0.1196,medium,medium,0,12.718,0.00538,0
7.5,0.3,0.32,1.4,0.032,31.0,161.0,0.99154,2.95,0.42,10.5,5,white,8.12,25.0,0.1925,off_dry,medium,0,1.412,0.00305,0
6.3,0.4,0.32,10.6,0.049,38.0,209.0,0.9981,3.47,0.59,9.3,6,white,7.02,15.75,0.1818,medium,medium,0,10.62,0.00527,0
6.8,0.37,0.28,1.9,0.024,64.0,106.0,0.98993,3.45,0.6,12.6,8,white,7.45,18.378,0.6038,off_dry,very_high,1,1.919,0.0019,1
7.5,0.23,0.35,16.05,0.058,78.5,212.0,1.00241,3.44,0.43,8.9,5,white,8.08,32.609,0.3703,medium,low,0,16.011,0.00652,0
8.3,0.27,0.34,10.2,0.048,50.0,118.0,0.99716,3.18,0.51,10.3,5,white,8.91,30.741,0.4237,medium,medium,0,10.229,0.00466,0
6.8,0.26,0.22,4.8,0.041,78.5,198.0,0.99437,3.29,0.67,10.6,5,white,7.28,26.154,0.3965,off_dry,high,0,4.827,0.00387,0
6.5,0.28,0.35,9.8,0.067,61.0,180.0,0.9972,3.15,0.57,9.0,4,white,7.13,23.214,0.3389,medium,low,0,9.828,0.00744,0
7.2,0.34,0.3,8.4,0.051,40.0,167.0,0.99756,3.48,0.62,9.7,5,white,7.84,21.176,0.2395,medium,medium,0,8.421,0.00526,0
7.0,0.23,0.26,7.2,0.041,21.0,90.0,0.99509,3.22,0.55,9.5,6,white,7.49,30.435,0.2333,medium,medium,0,7.236,0.00432,0
7.7,0.29,0.29,4.8,0.06,27.0,156.0,0.99572,3.49,0.59,10.3,6,white,8.28,26.552,0.1731,off_dry,medium,0,4.821,0.00583,0
7.7,0.4,0.27,4.5,0.034,27.0,95.0,0.99175,3.21,0.59,12.3,8,white,8.37,19.25,0.2842,off_dry,very_high,1,4.537,0.00276,1
6.7,0.17,0.27,1.4,0.032,39.0,149.0,0.99254,3.4,0.52,10.5,5,white,7.14,39.412,0.2617,off_dry,medium,0,1.411,0.00305,0
8.1,0.24,0.26,11.0,0.043,41.0,211.0,0.99676,3.11,0.49,10.0,6,white,8.6,33.75,0.1943,medium,medium,0,11.036,0.0043,0
7.7,0.28,0.63,11.1,0.039,58.0,179.0,0.9979,3.08,0.44,8.8,4,white,8.61,27.5,0.324,medium,low,0,11.123,0.00443,0
7.5,0.23,0.29,2.6,0.031,24.0,98.0,0.99194,3.0,0.54,10.9,6,white,8.02,32.609,0.2449,off_dry,high,0,2.621,0.00284,0
8.3,0.26,0.31,2.0,0.029,14.0,141.0,0.99077,2.95,0.77,12.2,6,white,8.87,31.923,0.0993,off_dry,very_high,1,2.019,0.00238,0
7.9,0.46,0.4,10.1,0.10800000000000001,19.0,184.0,0.99782,3.06,0.62,9.5,5,white,8.76,17.174,0.1033,medium,medium,0,10.122,0.01137,0
7.9,0.31,0.22,13.3,0.048,46.0,212.0,0.99942,3.47,0.59,10.0,5,white,8.43,25.484,0.217,medium,medium,0,13.308,0.0048,0
7.9,0.25,0.34,11.4,0.04,53.0,202.0,0.99708,3.11,0.57,9.6,6,white,8.49,31.6,0.2624,medium,medium,0,11.433,0.00417,0
6.1,0.28,0.16,1.3,0.06,36.0,126.0,0.99353,3.13,0.46,8.7,6,white,6.54,21.786,0.2857,off_dry,low,0,1.308,0.0069,0
7.0,0.18,0.26,1.4,0.044,46.0,89.0,0.99256,3.39,0.48,10.7,7,white,7.44,38.889,0.5169,off_dry,high,0,1.41,0.00411,1
6.5,0.21,0.28,1.4,0.046,26.0,66.0,0.99199,3.43,0.48,11.1,6,white,6.99,30.952,0.3939,off_dry,high,0,1.411,0.00414,0
7.6,0.48,0.33,7.0,0.024,14.0,130.0,0.9918,3.25,0.45,12.5,7,white,8.41,15.833,0.1077,medium,very_high,1,7.058,0.00192,1
7.1,0.34,0.32,2.0,0.051,29.0,130.0,0.99354,3.3,0.5,10.4,6,white,7.76,20.882,0.2231,off_dry,medium,0,2.013,0.0049,0
8.9,0.21,0.37,1.2,0.028,20.0,93.0,0.99244,3.2,0.37,11.5,5,white,9.48,42.381,0.2151,off_dry,high,0,1.209,0.00243,0
7.4,0.32,0.27,12.9,0.04,60.0,221.0,0.99831,3.05,0.66,9.4,5,white,7.99,23.125,0.2715,medium,medium,0,12.922,0.00426,0
6.0,0.495,0.27,5.0,0.10800000000000001,17.0,129.0,0.99396,3.03,0.36,9.3,5,white,6.765,12.121,0.1318,off_dry,medium,0,5.03,0.01161,0
8.1,0.25,0.34,10.1,0.05,30.0,121.0,0.99724,3.17,0.49,10.1,6,white,8.69,32.4,0.2479,medium,medium,0,10.128,0.00495,0
8.2,0.25,0.46,3.75,0.05,14.0,102.0,0.99524,3.28,0.58,9.7,5,white,8.91,32.8,0.1373,off_dry,medium,0,3.768,0.00515,0
6.5,0.18,0.29,1.7,0.035,39.0,144.0,0.9927,3.49,0.5,10.5,6,white,6.97,36.111,0.2708,off_dry,medium,0,1.713,0.00333,0
6.7,0.24,0.26,12.6,0.053,44.0,182.0,0.99802,3.42,0.42,9.7,5,white,7.2,27.917,0.2418,medium,medium,0,12.625,0.00546,0
6.6,0.32,0.24,1.3,0.06,42.5,204.0,0.99512,3.59,0.51,9.2,5,white,7.16,20.625,0.2083,off_dry,medium,0,1.306,0.00652,0
7.6,0.32,0.35,1.6,0.092,24.0,138.0,0.99438,3.19,0.44,9.8,5,white,8.27,23.75,0.1739,off_dry,medium,0,1.609,0.00939,0
7.4,0.33,0.44,7.6,0.05,40.0,227.0,0.99679,3.12,0.52,9.0,5,white,8.17,22.424,0.1762,medium,low,0,7.624,0.00556,0
7.2,0.3,0.3,8.1,0.05,40.0,188.0,0.99652,3.15,0.49,9.1,6,white,7.8,24.0,0.2128,medium,medium,0,8.128,0.00549,0
7.4,0.34,0.3,14.9,0.037,70.0,169.0,0.99698,3.25,0.37,10.4,6,white,8.04,21.765,0.4142,medium,medium,0,14.945,0.00356,0
6.1,0.16,0.29,6.0,0.03,29.0,144.0,0.99474,3.66,0.46,10.7,6,white,6.55,38.125,0.2014,medium,high,0,6.032,0.0028,0
6.3,0.1,0.24,6.0,0.039,25.0,107.0,0.99511,3.59,0.49,10.5,7,white,6.64,62.999,0.2336,medium,medium,0,6.029,0.00371,1
6.2,0.45,0.6400000000000001,7.2,0.099,47.0,202.0,0.99582,3.21,0.43,9.2,5,white,7.29,13.778,0.2327,medium,medium,0,7.23,0.01076,0
6.0,0.33,0.18,3.0,0.036,5.0,85.0,0.99125,3.28,0.4,11.5,4,white,6.51,18.182,0.0588,off_dry,high,0,3.026,0.00313,0
7.6,0.48,0.37,1.2,0.034,5.0,57.0,0.99256,3.05,0.54,10.4,3,white,8.45,15.833,0.0877,off_dry,medium,0,1.209,0.00327,0
7.2,0.2,0.3,2.0,0.039,43.0,188.0,0.9911,3.3,0.41,12.0,6,white,7.7,36.0,0.2287,off_dry,high,1,2.018,0.00325,0
7.0,0.32,0.29,4.9,0.036,41.0,150.0,0.99168,3.38,0.43,12.2,6,white,7.61,21.875,0.2733,off_dry,very_high,1,4.941,0.00295,0
7.0,0.22,0.29,8.9,0.05,24.0,90.0,0.99556,3.29,0.46,9.8,6,white,7.51,31.818,0.2667,medium,medium,0,8.94,0.0051,0
9.4,0.23,0.56,16.05,0.063,52.5,272.125,1.00098,3.1,0.51,9.3,5,white,10.19,40.869,0.1929,medium,medium,0,16.034,0.00677,0
6.4,0.27,0.19,2.0,0.084,21.0,191.0,0.99516,3.49,0.63,9.6,4,white,6.86,23.704,0.1099,off_dry,medium,0,2.01,0.00875,0
6.4,0.27,0.19,1.9,0.085,21.0,196.0,0.99516,3.49,0.64,9.5,4,white,6.86,23.704,0.1071,off_dry,medium,0,1.909,0.00895,0
7.0,0.23,0.42,5.1,0.042,37.0,144.0,0.99518,3.5,0.59,10.2,6,white,7.65,30.435,0.2569,medium,medium,0,5.125,0.00412,0
6.9,0.15,0.28,4.4,0.029,14.0,107.0,0.99347,3.24,0.46,10.4,8,white,7.33,46.0,0.1308,off_dry,medium,0,4.429,0.00279,1
6.7,0.26,0.29,5.8,0.025,26.0,74.0,0.9929,3.28,0.53,11.0,6,white,7.25,25.769,0.3514,medium,high,0,5.841,0.00227,0
7.6,0.2,0.6400000000000001,12.9,0.042,56.0,160.0,0.99841,3.05,0.41,8.7,5,white,8.44,38.0,0.35,medium,low,0,12.921,0.00483,0
6.9,0.3,0.29,1.3,0.053,24.0,189.0,0.99362,3.29,0.54,9.9,4,white,7.49,23.0,0.127,off_dry,medium,0,1.308,0.00535,0
6.9,0.3,0.3,1.3,0.053,24.0,186.0,0.99361,3.29,0.54,9.9,4,white,7.5,23.0,0.129,off_dry,medium,0,1.308,0.00535,0
7.6,0.21,0.35,1.2,0.041,7.0,106.0,0.9914,3.06,0.45,11.3,4,white,8.16,36.19,0.066,off_dry,high,0,1.21,0.00363,0
6.8,0.46,0.26,2.7,0.042,28.0,83.0,0.99114,3.38,0.51,12.0,8,white,7.52,14.783,0.3373,off_dry,high,1,2.724,0.0035,1
7.0,0.28,0.26,1.7,0.042,34.0,130.0,0.9925,3.43,0.5,10.7,8,white,7.54,25.0,0.2615,off_dry,high,0,1.713,0.00393,1
6.5,0.24,0.29,8.2,0.043,32.0,156.0,0.99453,3.13,0.7,10.1,6,white,7.03,27.083,0.2051,medium,medium,0,8.245,0.00426,0
6.4,0.17,0.34,1.5,0.091,42.0,135.0,0.9938,3.25,0.49,9.6,7,white,6.91,37.647,0.3111,off_dry,medium,0,1.509,0.00948,1
6.4,0.17,0.34,1.5,0.093,43.0,136.0,0.9938,3.25,0.49,9.6,6,white,6.91,37.647,0.3162,off_dry,medium,0,1.509,0.00969,0
6.3,0.6799999999999999,0.55,12.9,0.056,58.0,252.0,0.99806,3.29,0.49,8.7,5,white,7.53,9.265,0.2302,medium,low,0,12.925,0.00644,0
7.0,0.27,0.29,3.9,0.059,28.0,199.0,0.9961,3.54,0.59,10.3,5,white,7.56,25.926,0.1407,off_dry,medium,0,3.915,0.00573,0
8.4,0.3,0.25,16.05,0.047,25.0,218.0,1.00016,2.98,0.66,9.1,5,white,8.95,28.0,0.1147,medium,medium,0,16.047,0.00516,0
6.5,0.19,0.27,4.9,0.037,13.0,101.0,0.9916,3.17,0.41,11.8,6,white,6.96,34.21,0.1287,off_dry,high,0,4.942,0.00314,0
8.0,0.36,0.39,1.6,0.024,26.0,93.0,0.99116,3.15,0.49,11.9,6,white,8.75,22.222,0.2796,off_dry,high,0,1.614,0.00202,0
6.1,0.16,0.24,1.4,0.046,17.0,77.0,0.99319,3.66,0.57,10.3,6,white,6.5,38.125,0.2208,off_dry,medium,0,1.41,0.00447,0
9.2,0.19,0.42,2.0,0.047,16.0,104.0,0.99517,3.09,0.66,10.0,4,white,9.81,48.421,0.1538,off_dry,medium,0,2.01,0.0047,0
9.2,0.16,0.49,2.0,0.044,18.0,107.0,0.99514,3.1,0.53,10.2,4,white,9.85,57.5,0.1682,off_dry,medium,0,2.01,0.00431,0
8.0,0.26,0.28,8.2,0.038,72.0,202.0,0.99566,3.12,0.56,10.0,6,white,8.54,30.769,0.3564,medium,medium,0,8.236,0.0038,0
8.8,0.33,0.36,2.1,0.034,19.0,125.0,0.99166,2.96,0.855,12.7,6,white,9.49,26.667,0.152,off_dry,very_high,1,2.118,0.00268,0
9.65,0.16,0.46,1.8,0.046,23.0,130.0,0.99587,3.04,0.67,9.6,5,white,10.27,60.312,0.1769,off_dry,medium,0,1.807,0.00479,0
6.6,0.23,0.18,8.5,0.044,59.0,188.0,0.99558,3.16,0.49,9.5,5,white,7.01,28.696,0.3138,medium,medium,0,8.538,0.00463,0
7.9,0.44,0.26,4.45,0.033,23.0,100.0,0.99117,3.17,0.52,12.7,6,white,8.6,17.955,0.23,off_dry,very_high,1,4.49,0.0026,0
7.6,0.31,0.27,5.8,0.036,23.0,109.0,0.99399,3.34,0.54,11.0,6,white,8.18,24.516,0.211,medium,high,0,5.835,0.00327,0
7.5,0.6799999999999999,0.1,13.0,0.044,44.0,214.0,0.99741,3.1,0.5,9.1,5,white,8.28,11.029,0.2056,medium,medium,0,13.034,0.00484,0
7.1,0.21,0.28,2.7,0.034,23.0,111.0,0.99405,3.35,0.64,10.2,4,white,7.59,33.809,0.2072,off_dry,medium,0,2.716,0.00333,0
7.0,0.16,0.26,7.3,0.047,30.0,220.0,0.99622,3.38,0.58,10.1,6,white,7.42,43.75,0.1364,medium,medium,0,7.328,0.00465,0
8.0,0.27,0.25,16.05,0.045,50.0,208.0,1.00051,3.05,0.5,9.2,6,white,8.52,29.63,0.2404,medium,medium,0,16.042,0.00489,0
6.3,0.38,0.17,8.8,0.08,50.0,212.0,0.99803,3.47,0.66,9.4,4,white,6.85,16.579,0.2358,medium,medium,0,8.817,0.00851,0
6.2,0.38,0.18,7.4,0.095,28.0,195.0,0.99773,3.53,0.71,9.2,4,white,6.76,16.316,0.1436,medium,medium,0,7.417,0.01033,0
8.2,0.24,0.3,2.3,0.05,23.0,106.0,0.99397,2.98,0.5,10.0,5,white,8.74,34.167,0.217,off_dry,medium,0,2.314,0.005,0
7.0,0.16,0.26,6.85,0.047,30.0,220.0,0.99622,3.38,0.58,10.1,6,white,7.42,43.75,0.1364,medium,medium,0,6.876,0.00465,0
7.3,0.6799999999999999,0.09,11.4,0.044,45.0,204.0,0.99713,3.15,0.46,9.0,5,white,8.07,10.735,0.2206,medium,low,0,11.433,0.00489,0
6.3,0.41,0.16,0.9,0.032,25.0,98.0,0.99274,3.16,0.42,9.5,5,white,6.87,15.366,0.2551,dry,medium,0,0.907,0.00337,0
6.1,0.36,0.41,16.05,0.07,67.0,207.0,1.00118,3.39,0.53,9.1,5,white,6.87,16.944,0.3237,medium,medium,0,16.031,0.00769,0
8.1,0.4,0.32,7.9,0.031,23.0,118.0,0.99176,3.05,0.46,13.3,7,white,8.82,20.25,0.1949,medium,very_high,1,7.966,0.00233,1
6.8,0.26,0.43,11.75,0.045,53.0,198.0,0.9969,3.26,0.55,9.5,5,white,7.49,26.154,0.2677,medium,medium,0,11.787,0.00474,0
6.2,0.44,0.18,7.7,0.096,28.0,210.0,0.99771,3.56,0.72,9.2,5,white,6.82,14.091,0.1333,medium,medium,0,7.718,0.01043,0
7.2,0.24,0.29,3.0,0.036,17.0,117.0,0.99411,3.36,0.68,10.1,6,white,7.73,30.0,0.1453,off_dry,medium,0,3.018,0.00356,0
7.3,0.22,0.26,1.5,0.04,32.0,172.0,0.99194,3.27,0.48,11.2,6,white,7.78,33.182,0.186,off_dry,high,0,1.512,0.00357,0
8.1,0.34,0.28,7.5,0.04,70.0,230.0,0.99558,3.14,0.55,9.8,6,white,8.72,23.823,0.3043,medium,medium,0,7.533,0.00408,0
6.4,0.28,0.17,8.3,0.042,61.0,195.0,0.99577,3.22,0.46,9.4,5,white,6.85,22.857,0.3128,medium,medium,0,8.335,0.00447,0
6.3,0.29,0.14,7.05,0.045,50.0,177.0,0.99564,3.23,0.42,9.0,5,white,6.73,21.724,0.2825,medium,low,0,7.081,0.005,0
6.4,0.27,0.17,8.4,0.044,60.0,198.0,0.99578,3.21,0.47,9.4,5,white,6.84,23.704,0.303,medium,medium,0,8.436,0.00468,0
7.4,0.35,0.2,13.9,0.054,63.0,229.0,0.99888,3.11,0.5,8.9,6,white,7.95,21.143,0.2751,medium,low,0,13.916,0.00607,0
8.3,0.28,0.27,16.05,0.045,48.0,253.0,1.00014,3.02,0.56,9.1,6,white,8.85,29.643,0.1897,medium,medium,0,16.048,0.00495,0
6.4,0.35,0.35,5.6,0.034,9.0,148.0,0.99441,3.17,0.5,9.8,4,white,7.1,18.286,0.0608,medium,medium,0,5.631,0.00347,0
6.9,0.43,0.28,9.4,0.056,29.0,183.0,0.99594,3.17,0.43,9.4,5,white,7.61,16.046,0.1585,medium,medium,0,9.438,0.00596,0
8.0,0.26,0.28,4.8,0.05,34.0,150.0,0.99437,3.13,0.5,10.0,6,white,8.54,30.769,0.2267,off_dry,medium,0,4.827,0.005,0
7.3,0.27,0.37,9.7,0.042,36.0,130.0,0.9979,3.48,0.75,9.9,6,white,7.94,27.037,0.2769,medium,medium,0,9.72,0.00424,0
6.8,0.46,0.26,6.3,0.10800000000000001,49.0,159.0,0.99434,3.14,0.47,10.0,5,white,7.52,14.783,0.3082,medium,medium,0,6.336,0.0108,0
7.2,0.2,0.28,1.6,0.028,13.0,168.0,0.99203,3.17,0.855,11.5,6,white,7.68,36.0,0.0774,off_dry,high,0,1.613,0.00243,0
7.6,0.285,0.32,14.6,0.063,32.0,201.0,0.998,3.0,0.45,9.2,5,white,8.205,26.667,0.1592,medium,medium,0,14.629,0.00685,0
6.6,0.32,0.33,2.5,0.052,40.0,219.5,0.99316,3.15,0.6,10.0,5,white,7.25,20.625,0.1822,off_dry,medium,0,2.517,0.0052,0
6.6,0.34,0.34,2.6,0.051,40.5,210.0,0.99314,3.15,0.61,10.0,5,white,7.28,19.412,0.1929,off_dry,medium,0,2.618,0.0051,0
6.6,0.32,0.33,2.5,0.052,40.0,210.0,0.99316,3.15,0.6,10.0,5,white,7.25,20.625,0.1905,off_dry,medium,0,2.517,0.0052,0
6.5,0.27,0.26,8.2,0.042,21.0,133.0,0.99612,3.43,0.64,9.8,6,white,7.03,24.074,0.1579,medium,medium,0,8.232,0.00429,0
6.6,0.26,0.27,1.5,0.04,19.0,114.0,0.99295,3.36,0.62,10.5,6,white,7.13,25.385,0.1667,off_dry,medium,0,1.511,0.00381,0
6.7,0.27,0.26,2.3,0.043,61.0,181.0,0.99394,3.45,0.63,10.6,6,white,7.23,24.815,0.337,off_dry,high,0,2.314,0.00406,0
6.6,0.56,0.15,10.0,0.037,38.0,157.0,0.99642,3.28,0.52,9.4,5,white,7.31,11.786,0.242,medium,medium,0,10.036,0.00394,0
7.3,0.19,0.27,1.6,0.027,35.0,136.0,0.99248,3.38,0.54,11.0,7,white,7.76,38.421,0.2574,off_dry,high,0,1.612,0.00245,1
6.3,0.2,0.26,1.6,0.027,36.0,141.0,0.99268,3.53,0.56,10.8,6,white,6.76,31.5,0.2553,off_dry,high,0,1.612,0.0025,0
7.1,0.29,0.3,16.0,0.036,58.0,201.0,0.99954,3.3,0.67,9.0,5,white,7.69,24.483,0.2886,medium,low,0,16.007,0.004,0
7.8,0.32,0.33,10.4,0.031,47.0,194.0,0.99692,3.07,0.58,9.6,6,white,8.45,24.375,0.2423,medium,medium,0,10.432,0.00323,0
8.1,0.33,0.36,7.4,0.037,36.0,156.0,0.99592,3.19,0.54,10.6,6,white,8.79,24.545,0.2308,medium,high,0,7.43,0.00349,0
6.6,0.33,0.24,16.05,0.045,31.0,147.0,0.99822,3.08,0.52,9.2,5,white,7.17,20.0,0.2109,medium,medium,0,16.079,0.00489,0
8.2,0.26,0.33,2.6,0.053,11.0,71.0,0.99402,2.89,0.49,9.5,5,white,8.79,31.538,0.1549,off_dry,medium,0,2.616,0.00558,0
8.3,0.25,0.33,2.5,0.053,12.0,72.0,0.99404,2.89,0.48,9.5,5,white,8.88,33.2,0.1667,off_dry,medium,0,2.515,0.00558,0
7.0,0.26,0.26,10.8,0.039,37.0,184.0,0.99787,3.47,0.58,10.3,7,white,7.52,26.923,0.2011,medium,medium,0,10.823,0.00379,1
6.0,0.26,0.15,1.2,0.053,35.0,124.0,0.99347,3.08,0.46,8.8,5,white,6.41,23.077,0.2823,off_dry,low,0,1.208,0.00602,0
7.5,0.28,0.6400000000000001,12.1,0.041,53.0,161.0,0.99838,2.98,0.44,8.7,5,white,8.42,26.786,0.3292,medium,low,0,12.12,0.00471,0
7.5,0.27,0.6400000000000001,11.95,0.04,51.0,159.0,0.99839,2.98,0.44,8.7,5,white,8.41,27.778,0.3208,medium,low,0,11.969,0.0046,0
7.0,0.28,0.32,1.7,0.038,27.0,128.0,0.99375,3.2,0.62,10.2,6,white,7.6,25.0,0.2109,off_dry,medium,0,1.711,0.00373,0
5.2,0.16,0.34,0.8,0.029,26.0,77.0,0.99155,3.25,0.51,10.1,6,white,5.7,32.5,0.3377,dry,medium,0,0.807,0.00287,0
6.8,0.34,0.1,1.4,0.049,29.0,118.0,0.9936,3.21,0.41,9.5,5,white,7.24,20.0,0.2458,off_dry,medium,0,1.409,0.00516,0
7.6,0.25,0.34,1.3,0.056,34.0,176.0,0.99434,3.1,0.51,9.5,5,white,8.19,30.4,0.1932,off_dry,medium,0,1.307,0.00589,0
5.6,0.35,0.4,6.3,0.022,23.0,174.0,0.9922,3.54,0.5,11.6,7,white,6.35,16.0,0.1322,medium,high,0,6.35,0.0019,1
8.8,0.24,0.23,10.3,0.032,12.0,97.0,0.99571,3.13,0.4,10.7,6,white,9.27,36.667,0.1237,medium,high,0,10.344,0.00299,0
6.0,0.29,0.21,15.55,0.043,20.0,142.0,0.99658,3.11,0.54,10.1,6,white,6.5,20.69,0.1408,medium,medium,0,15.603,0.00426,0
6.1,0.27,0.31,1.5,0.035,17.0,83.0,0.99076,3.32,0.44,11.1,7,white,6.68,22.593,0.2048,off_dry,high,0,1.514,0.00315,1
7.4,0.56,0.09,1.5,0.071,19.0,117.0,0.99496,3.22,0.53,9.8,5,white,8.05,13.214,0.1624,off_dry,medium,0,1.508,0.00724,0
6.8,0.29,0.49,1.4,0.10800000000000001,52.0,148.0,0.9937,3.08,0.49,9.0,6,white,7.58,23.448,0.3514,off_dry,low,0,1.409,0.012,0
6.3,0.27,0.37,7.9,0.047,58.0,215.0,0.99542,3.19,0.48,9.5,6,white,6.94,23.333,0.2698,medium,medium,0,7.936,0.00495,0
6.6,0.24,0.3,13.0,0.052,18.0,143.0,0.99825,3.37,0.49,9.4,6,white,7.14,27.5,0.1259,medium,medium,0,13.023,0.00553,0
6.8,0.32,0.3,1.0,0.049,22.0,113.0,0.99289,3.24,0.61,10.2,5,white,7.42,21.25,0.1947,dry,medium,0,1.007,0.0048,0
6.4,0.37,0.37,4.85,0.041,39.5,216.5,0.99432,3.1,0.5,9.8,6,white,7.14,17.297,0.1824,off_dry,medium,0,4.878,0.00418,0
6.2,0.26,0.37,7.1,0.047,54.0,201.0,0.99523,3.19,0.48,9.5,6,white,6.83,23.846,0.2687,medium,medium,0,7.134,0.00495,0
6.4,0.3,0.16,7.5,0.05,55.0,191.0,0.9959,3.17,0.49,9.0,5,white,6.86,21.333,0.288,medium,low,0,7.531,0.00556,0
8.0,0.28,0.32,7.6,0.045,61.0,204.0,0.99543,3.1,0.55,10.1,6,white,8.6,28.571,0.299,medium,medium,0,7.635,0.00446,0
6.7,0.24,0.32,10.3,0.079,37.0,122.0,0.99662,3.02,0.45,8.8,5,white,7.26,27.917,0.3033,medium,low,0,10.335,0.00898,0
7.9,0.27,0.27,1.7,0.034,25.0,122.0,0.99088,2.97,0.51,11.9,6,white,8.44,29.259,0.2049,off_dry,high,0,1.716,0.00286,0
6.1,0.28,0.24,16.05,0.074,32.0,174.0,0.99922,3.19,0.44,9.3,6,white,6.62,21.786,0.1839,medium,medium,0,16.063,0.00796,0
7.7,0.39,0.49,7.7,0.036,11.0,110.0,0.9966,3.33,0.76,10.0,6,white,8.58,19.744,0.1,medium,medium,0,7.726,0.0036,0
6.0,0.2,0.24,5.3,0.075,49.0,201.0,0.99466,3.21,0.43,9.5,5,white,6.44,30.0,0.2438,medium,medium,0,5.328,0.00789,0
7.6,0.31,0.23,12.7,0.054,20.0,139.0,0.99836,3.16,0.5,9.7,4,white,8.14,24.516,0.1439,medium,medium,0,12.721,0.00557,0
6.3,0.18,0.22,1.5,0.043,45.0,155.0,0.99238,3.19,0.48,10.2,5,white,6.7,35.0,0.2903,off_dry,medium,0,1.512,0.00422,0
8.6,0.23,0.25,11.3,0.031,13.0,96.0,0.99645,3.11,0.4,10.8,5,white,9.08,37.391,0.1354,medium,high,0,11.34,0.00287,0
6.8,0.21,0.36,16.05,0.046,32.0,133.0,1.0,3.27,0.48,8.8,5,white,7.37,32.381,0.2406,medium,low,0,16.05,0.00523,0
6.9,0.26,0.31,7.0,0.039,37.0,175.0,0.99376,3.32,0.49,11.4,6,white,7.47,26.538,0.2114,medium,high,0,7.044,0.00342,0
6.4,0.31,0.4,6.4,0.039,39.0,191.0,0.99513,3.14,0.52,9.8,5,white,7.11,20.645,0.2042,medium,medium,0,6.431,0.00398,0
8.6,0.34,0.36,1.4,0.045,11.0,119.0,0.99556,3.17,0.47,9.4,4,white,9.3,25.294,0.0924,off_dry,medium,0,1.406,0.00479,0
8.5,0.3,0.28,3.1,0.054,54.0,174.0,0.99543,3.21,0.43,9.4,6,white,9.08,28.333,0.3103,off_dry,medium,0,3.114,0.00574,0
7.4,0.4,0.41,14.1,0.053,37.0,194.0,0.99886,3.2,0.63,9.4,6,white,8.21,18.5,0.1907,medium,medium,0,14.116,0.00564,0
6.6,0.32,0.34,7.7,0.044,63.0,212.0,0.99526,3.22,0.48,9.7,6,white,7.26,20.625,0.2972,medium,medium,0,7.737,0.00454,0
7.1,0.34,0.31,5.2,0.032,36.0,140.0,0.99166,3.35,0.47,12.3,7,white,7.75,20.882,0.2571,medium,very_high,1,5.244,0.0026,1
6.6,0.26,0.25,11.6,0.045,45.0,178.0,0.99691,3.33,0.43,9.8,6,white,7.11,25.385,0.2528,medium,medium,0,11.636,0.00459,0
8.0,0.27,0.57,10.4,0.053,18.0,134.0,0.99732,3.12,0.68,9.0,5,white,8.84,29.63,0.1343,medium,low,0,10.428,0.00589,0
6.2,0.28,0.45,7.5,0.045,46.0,203.0,0.99573,3.26,0.46,9.2,6,white,6.93,22.143,0.2266,medium,medium,0,7.532,0.00489,0
6.2,0.3,0.49,11.2,0.058,68.0,215.0,0.99656,3.19,0.6,9.4,6,white,6.99,20.667,0.3163,medium,medium,0,11.239,0.00617,0
5.6,0.175,0.29,0.8,0.043,20.0,67.0,0.99112,3.28,0.48,9.9,6,white,6.065,32.0,0.2985,dry,medium,0,0.807,0.00434,0
6.9,0.34,0.36,1.4,0.032,13.0,145.0,0.99214,3.07,0.52,9.8,5,white,7.6,20.294,0.0897,off_dry,medium,0,1.411,0.00327,0
6.9,0.34,0.3,4.7,0.029,34.0,148.0,0.99165,3.36,0.49,12.3,7,white,7.54,20.294,0.2297,off_dry,very_high,1,4.74,0.00236,1
7.1,0.12,0.3,3.1,0.018,15.0,37.0,0.99004,3.02,0.52,11.9,7,white,7.52,59.166,0.4054,off_dry,high,0,3.131,0.00151,1
7.1,0.32,0.29,4.0,0.038,33.0,170.0,0.99463,3.27,0.64,10.2,6,white,7.71,22.187,0.1941,off_dry,medium,0,4.022,0.00373,0
7.3,0.51,0.29,11.3,0.034,61.0,224.0,0.99683,3.14,0.56,9.5,6,white,8.1,14.314,0.2723,medium,medium,0,11.336,0.00358,0
6.3,0.24,0.55,8.1,0.04,67.0,216.0,0.99596,3.24,0.5,9.2,5,white,7.09,26.25,0.3102,medium,medium,0,8.133,0.00435,0
7.5,0.41,0.23,14.8,0.054,28.0,174.0,0.99898,3.18,0.49,9.7,5,white,8.14,18.293,0.1609,medium,medium,0,14.815,0.00557,0
6.5,0.18,0.33,1.4,0.029,35.0,138.0,0.99114,3.36,0.6,11.5,7,white,7.01,36.111,0.2536,off_dry,high,0,1.413,0.00252,1
7.3,0.17,0.24,8.1,0.10800000000000001,32.0,162.0,0.99508,3.17,0.38,10.4,8,white,7.71,42.941,0.1975,medium,medium,0,8.14,0.01038,1
8.2,0.2,0.38,3.5,0.053,41.0,174.0,0.99306,3.22,0.41,11.6,5,white,8.78,41.0,0.2356,off_dry,high,0,3.524,0.00457,0
7.3,0.16,0.35,1.5,0.036,29.0,108.0,0.99342,3.27,0.51,10.2,6,white,7.81,45.625,0.2685,off_dry,medium,0,1.51,0.00353,0
6.4,0.16,0.37,1.5,0.037,27.0,109.0,0.99345,3.38,0.5,9.8,6,white,6.93,40.0,0.2477,off_dry,medium,0,1.51,0.00378,0
6.6,0.42,0.13,12.8,0.044,26.0,158.0,0.99772,3.24,0.47,9.0,5,white,7.15,15.714,0.1646,medium,low,0,12.829,0.00489,0
5.8,0.3,0.12,1.6,0.036,57.0,163.0,0.99239,3.38,0.59,10.5,6,white,6.22,19.333,0.3497,off_dry,medium,0,1.612,0.00343,0
6.7,0.54,0.27,7.1,0.049,8.0,178.0,0.99502,3.16,0.38,9.4,4,white,7.51,12.407,0.0449,medium,medium,0,7.136,0.00521,0
6.4,0.22,0.3,11.2,0.046,53.0,149.0,0.99479,3.21,0.34,10.8,5,white,6.92,29.091,0.3557,medium,high,0,11.259,0.00426,0
6.8,0.23,0.3,1.7,0.043,19.0,95.0,0.99207,3.17,0.46,10.7,7,white,7.33,29.565,0.2,off_dry,high,0,1.714,0.00402,1
9.0,0.26,0.34,6.7,0.029,21.0,162.0,0.99497,3.08,0.5,10.6,6,white,9.6,34.615,0.1296,medium,high,0,6.734,0.00274,0
6.5,0.23,0.25,16.05,0.046,15.0,110.0,0.99828,3.15,0.42,9.2,6,white,6.98,28.261,0.1364,medium,medium,0,16.078,0.005,0
5.9,0.28,0.14,8.6,0.032,30.0,142.0,0.99542,3.28,0.44,9.5,6,white,6.32,21.071,0.2113,medium,medium,0,8.64,0.00337,0
6.2,0.27,0.18,1.5,0.028,20.0,111.0,0.99228,3.41,0.5,10.0,5,white,6.65,22.963,0.1802,off_dry,medium,0,1.512,0.0028,0
9.0,0.29,0.34,12.1,0.03,34.0,177.0,0.99706,3.13,0.47,10.6,5,white,9.63,31.034,0.1921,medium,high,0,12.136,0.00283,0
8.9,0.27,0.34,10.7,0.029,19.5,166.0,0.99669,3.13,0.48,10.6,5,white,9.51,32.963,0.1175,medium,high,0,10.736,0.00274,0
6.9,0.32,0.3,1.8,0.036,28.0,117.0,0.99269,3.24,0.48,11.0,6,white,7.52,21.562,0.2393,off_dry,high,0,1.813,0.00327,0
7.2,0.22,0.24,1.4,0.041,17.0,159.0,0.99196,3.25,0.53,11.2,6,white,7.66,32.727,0.1069,off_dry,high,0,1.411,0.00366,0
6.7,0.5,0.38,7.5,0.046,26.0,175.0,0.99662,3.32,0.54,9.6,5,white,7.58,13.4,0.1486,medium,medium,0,7.525,0.00479,0
6.2,0.33,0.14,4.8,0.052,27.0,128.0,0.99475,3.21,0.48,9.4,5,white,6.67,18.788,0.2109,off_dry,medium,0,4.825,0.00553,0
6.3,0.26,0.42,7.1,0.045,62.0,209.0,0.99544,3.2,0.53,9.5,6,white,6.98,24.231,0.2967,medium,medium,0,7.133,0.00474,0
7.5,0.2,0.47,16.05,0.052,51.0,188.0,0.99944,3.09,0.62,9.3,5,white,8.17,37.5,0.2713,medium,medium,0,16.059,0.00559,0
6.6,0.36,0.52,11.3,0.046,8.0,110.0,0.9966,3.07,0.46,9.4,5,white,7.48,18.333,0.0727,medium,medium,0,11.339,0.00489,0
6.3,0.13,0.42,1.1,0.043,63.0,146.0,0.99066,3.13,0.72,11.2,7,white,6.85,48.461,0.4315,off_dry,high,0,1.11,0.00384,1
6.4,0.15,0.44,1.2,0.043,67.0,150.0,0.9907,3.14,0.73,11.2,7,white,6.99,42.666,0.4467,off_dry,high,0,1.211,0.00384,1
7.6,0.23,0.64,12.9,0.033,54.0,170.0,0.998,3.0,0.53,8.8,5,white,8.47,33.043,0.3176,medium,low,0,12.926,0.00375,0
5.7,0.255,0.6400000000000001,1.2,0.079,17.0,137.0,0.99307,3.2,0.42,9.4,5,white,6.595,22.353,0.1241,off_dry,medium,0,1.208,0.0084,0
6.9,0.32,0.26,2.3,0.03,11.0,103.0,0.99106,3.06,0.42,11.1,6,white,7.48,21.562,0.1068,off_dry,high,0,2.321,0.0027,0
6.9,0.28,0.22,10.0,0.052,36.0,131.0,0.99696,3.08,0.46,9.6,5,white,7.4,24.643,0.2748,medium,medium,0,10.03,0.00542,0
6.6,0.41,0.16,1.4,0.037,28.0,160.0,0.99167,2.95,0.45,10.6,6,white,7.17,16.098,0.175,off_dry,high,0,1.412,0.00349,0
7.3,0.37,0.16,14.9,0.048,59.0,240.0,0.99902,3.13,0.45,8.9,5,white,7.83,19.73,0.2458,medium,low,0,14.915,0.00539,0
6.9,0.21,0.24,1.8,0.021,17.0,80.0,0.98992,3.15,0.46,12.3,7,white,7.35,32.857,0.2125,off_dry,very_high,1,1.818,0.00171,1
6.6,0.24,0.28,1.8,0.028,39.0,132.0,0.99182,3.34,0.46,11.4,5,white,7.12,27.5,0.2955,off_dry,high,0,1.815,0.00246,0
6.8,0.28,0.36,7.0,0.043,60.0,207.0,0.99556,3.16,0.49,9.6,6,white,7.44,24.286,0.2899,medium,medium,0,7.031,0.00448,0
6.6,0.24,0.24,8.6,0.034,25.0,135.0,0.99582,3.33,0.59,10.3,6,white,7.08,27.5,0.1852,medium,medium,0,8.636,0.0033,0
7.0,0.16,0.32,1.1,0.032,29.0,80.0,0.98972,3.23,0.36,12.1,6,white,7.48,43.75,0.3625,off_dry,very_high,1,1.111,0.00264,0
7.0,0.14,0.28,1.3,0.026,10.0,56.0,0.99352,3.46,0.45,9.9,5,white,7.42,50.0,0.1786,off_dry,medium,0,1.308,0.00263,0
6.3,0.34,0.36,4.9,0.035,31.0,185.0,0.9946,3.15,0.49,9.7,5,white,7.0,18.529,0.1676,off_dry,medium,0,4.927,0.00361,0
6.8,0.26,0.24,1.9,0.043,70.0,154.0,0.99273,3.18,0.52,10.5,5,white,7.3,26.154,0.4545,off_dry,medium,0,1.914,0.0041,0
6.7,0.17,0.42,10.4,0.038,78.5,182.0,0.99628,3.04,0.44,8.9,6,white,7.29,39.412,0.4313,medium,low,0,10.439,0.00427,0
6.5,0.27,0.4,10.0,0.039,74.0,227.0,0.99582,3.18,0.5,9.4,5,white,7.17,24.074,0.326,medium,medium,0,10.042,0.00415,0
6.7,0.25,0.36,8.6,0.037,63.0,206.0,0.99553,3.18,0.5,9.6,5,white,7.31,26.8,0.3058,medium,medium,0,8.639,0.00385,0
5.8,0.3,0.27,1.7,0.014,45.0,104.0,0.98914,3.4,0.56,12.6,7,white,6.37,19.333,0.4327,off_dry,very_high,1,1.719,0.00111,1
6.4,0.28,0.56,1.7,0.10800000000000001,49.0,106.0,0.99354,3.1,0.37,9.2,6,white,7.24,22.857,0.4623,off_dry,medium,0,1.711,0.01174,0
7.7,0.3,0.26,16.05,0.053,36.0,174.0,0.99976,3.2,0.5,10.4,5,white,8.26,25.667,0.2069,medium,medium,0,16.054,0.0051,0
6.8,0.18,0.3,12.8,0.062,19.0,171.0,0.99808,3.0,0.52,9.0,7,white,7.28,37.778,0.1111,medium,low,0,12.825,0.00689,1
5.1,0.14,0.25,0.7,0.039,15.0,89.0,0.9919,3.22,0.43,9.2,6,white,5.49,36.428,0.1685,dry,medium,0,0.706,0.00424,0
7.2,0.615,0.1,1.4,0.068,25.0,154.0,0.99499,3.2,0.48,9.7,4,white,7.915,11.707,0.1623,off_dry,medium,0,1.407,0.00701,0
6.9,0.13,0.28,13.3,0.05,47.0,132.0,0.99655,3.34,0.42,10.1,6,white,7.31,53.077,0.3561,medium,medium,0,13.346,0.00495,0
6.7,0.34,0.3,8.5,0.059,24.0,152.0,0.99615,3.46,0.64,11.0,7,white,7.34,19.706,0.1579,medium,high,0,8.533,0.00536,1
7.3,0.32,0.29,1.5,0.038,32.0,144.0,0.99296,3.2,0.55,10.8,5,white,7.91,22.812,0.2222,off_dry,high,0,1.511,0.00352,0
6.3,0.21,0.29,11.7,0.048,49.0,147.0,0.99482,3.22,0.38,10.8,5,white,6.8,30.0,0.3333,medium,high,0,11.761,0.00444,0
5.4,0.5,0.13,5.0,0.028,12.0,107.0,0.99079,3.48,0.855,13.5,7,white,6.03,10.8,0.1121,off_dry,very_high,1,5.046,0.00207,1
8.2,0.52,0.34,1.2,0.042,18.0,167.0,0.99366,3.24,0.39,10.6,5,white,9.06,15.769,0.1078,off_dry,high,0,1.208,0.00396,0
7.8,0.28,0.31,2.1,0.046,28.0,208.0,0.99434,3.23,0.64,9.8,5,white,8.39,27.857,0.1346,off_dry,medium,0,2.112,0.00469,0
6.4,0.22,0.34,1.4,0.023,56.0,115.0,0.98958,3.18,0.7,11.7,6,white,6.96,29.091,0.487,off_dry,high,0,1.415,0.00197,0
6.9,0.32,0.27,16.0,0.034,58.0,185.0,0.99938,3.34,0.6,9.0,6,white,7.49,21.562,0.3135,medium,low,0,16.01,0.00378,0
6.8,0.11,0.42,1.1,0.042,51.0,132.0,0.99059,3.18,0.74,11.3,7,white,7.33,61.818,0.3864,off_dry,high,0,1.11,0.00372,1
6.2,0.26,0.32,15.3,0.031,64.0,185.0,0.99835,3.31,0.61,9.4,5,white,6.78,23.846,0.3459,medium,medium,0,15.325,0.0033,0
6.7,0.3,0.29,2.8,0.025,37.0,107.0,0.99159,3.31,0.63,11.3,7,white,7.29,22.333,0.3458,off_dry,high,0,2.824,0.00221,1
7.1,0.2,0.3,0.9,0.019,4.0,28.0,0.98931,3.2,0.36,12.0,6,white,7.6,35.5,0.1429,dry,high,1,0.91,0.00158,0
7.2,0.2,0.36,2.5,0.028,22.0,157.0,0.9938,3.48,0.49,10.6,6,white,7.76,36.0,0.1401,off_dry,high,0,2.516,0.00264,0
8.9,0.26,0.33,8.1,0.024,47.0,202.0,0.99558,3.13,0.46,10.8,6,white,9.49,34.231,0.2327,medium,high,0,8.136,0.00222,0
7.5,0.25,0.32,8.2,0.024,53.0,209.0,0.99563,3.12,0.46,10.8,6,white,8.07,30.0,0.2536,medium,high,0,8.236,0.00222,0
6.3,0.27,0.46,11.1,0.053,44.0,177.0,0.99691,3.18,0.67,9.4,5,white,7.03,23.333,0.2486,medium,medium,0,11.134,0.00564,0
6.5,0.3,0.39,7.8,0.038,61.0,219.0,0.9959,3.19,0.5,9.4,5,white,7.19,21.667,0.2785,medium,medium,0,7.832,0.00404,0
6.6,0.36,0.52,10.1,0.05,29.0,140.0,0.99628,3.07,0.4,9.4,5,white,7.48,18.333,0.2071,medium,medium,0,10.138,0.00532,0
6.15,0.21,0.37,3.2,0.021,20.0,80.0,0.99076,3.39,0.47,12.0,5,white,6.73,29.286,0.25,off_dry,high,1,3.23,0.00175,0
6.5,0.18,0.41,14.2,0.039,47.0,129.0,0.99678,3.28,0.72,10.3,7,white,7.09,36.111,0.3643,medium,medium,0,14.246,0.00379,1
6.6,0.26,0.21,2.9,0.026,48.0,126.0,0.99089,3.22,0.38,11.3,7,white,7.07,25.385,0.381,off_dry,high,0,2.927,0.0023,1
6.6,0.35,0.35,6.0,0.063,31.0,150.0,0.99537,3.1,0.47,9.4,6,white,7.3,18.857,0.2067,medium,medium,0,6.028,0.0067,0
6.5,0.28,0.28,16.05,0.041,40.0,144.0,1.0002,3.14,0.38,8.7,5,white,7.06,23.214,0.2778,medium,low,0,16.047,0.00471,0
4.5,0.19,0.21,0.95,0.033,78.5,159.0,0.99332,3.34,0.42,8.0,5,white,4.9,23.684,0.4937,dry,low,0,0.956,0.00412,0
8.0,0.24,0.26,1.7,0.033,36.0,136.0,0.99316,3.44,0.51,10.4,7,white,8.5,33.333,0.2647,off_dry,medium,0,1.712,0.00317,1
7.8,0.17,0.23,1.7,0.029,39.0,128.0,0.99272,3.37,0.41,10.7,7,white,8.2,45.882,0.3047,off_dry,high,0,1.712,0.00271,1
7.0,0.24,0.24,9.0,0.03,42.0,219.0,0.99636,3.47,0.46,10.2,6,white,7.48,29.167,0.1918,medium,medium,0,9.033,0.00294,0
5.8,0.6,0.0,1.3,0.044,72.0,197.0,0.99202,3.56,0.43,10.9,5,white,6.4,9.667,0.3655,off_dry,high,0,1.31,0.00404,0
5.9,0.445,0.26,1.4,0.027,23.0,109.0,0.99148,3.3,0.36,10.5,6,white,6.605,13.258,0.211,off_dry,medium,0,1.412,0.00257,0
6.7,0.28,0.28,2.4,0.012,36.0,100.0,0.99064,3.26,0.39,11.7,7,white,7.26,23.928,0.36,off_dry,high,0,2.423,0.00103,1
6.8,0.44,0.2,16.0,0.065,61.0,186.0,0.99884,3.13,0.45,8.6,5,white,7.44,15.455,0.328,medium,low,0,16.019,0.00756,0
7.2,0.24,0.27,11.4,0.034,40.0,174.0,0.99773,3.2,0.44,9.0,5,white,7.71,30.0,0.2299,medium,low,0,11.426,0.00378,0
8.7,0.31,0.6400000000000001,14.35,0.044,27.0,191.0,1.00013,2.96,0.855,8.7,5,white,9.65,28.064,0.1414,medium,low,0,14.348,0.00506,0
8.2,0.32,0.26,2.1,0.062,26.0,87.0,0.98974,3.1,0.47,12.8,6,white,8.78,25.625,0.2989,off_dry,very_high,1,2.122,0.00484,0
7.5,0.13,0.38,1.1,0.023,42.0,104.0,0.99112,3.28,0.53,11.8,6,white,8.01,57.692,0.4038,off_dry,high,0,1.11,0.00195,0
9.2,0.14,0.37,1.1,0.034,36.0,84.0,0.99136,3.05,0.55,11.6,6,white,9.71,65.714,0.4286,off_dry,high,0,1.11,0.00293,0
7.4,0.2,0.37,1.2,0.028,28.0,89.0,0.99132,3.14,0.61,11.8,6,white,7.97,37.0,0.3146,off_dry,high,0,1.211,0.00237,0
6.1,0.15,0.35,15.8,0.042,55.0,158.0,0.99642,3.24,0.37,10.6,5,white,6.6,40.666,0.3481,medium,high,0,15.857,0.00396,0
7.6,0.23,0.4,5.2,0.066,14.0,91.0,0.99488,3.17,0.8,9.7,5,white,8.23,33.043,0.1538,medium,medium,0,5.227,0.0068,0
8.1,0.33,0.22,5.2,0.047,24.0,151.0,0.99527,3.22,0.47,10.3,5,white,8.65,24.545,0.1589,medium,medium,0,5.225,0.00456,0
7.15,0.17,0.24,9.6,0.10800000000000001,56.0,178.0,0.99578,3.15,0.44,10.2,6,white,7.56,42.059,0.3146,medium,medium,0,9.641,0.01059,0
6.7,0.12,0.3,5.2,0.048,38.0,113.0,0.99352,3.33,0.44,10.1,7,white,7.12,55.833,0.3363,medium,medium,0,5.234,0.00475,1
5.7,0.18,0.36,1.2,0.046,9.0,71.0,0.99199,3.66,0.68,10.9,7,white,6.24,31.666,0.1268,off_dry,high,0,1.21,0.00422,1
5.8,0.15,0.28,0.8,0.037,43.0,127.0,0.99198,3.24,0.51,9.3,5,white,6.23,38.666,0.3386,dry,medium,0,0.806,0.00398,0
6.6,0.23,0.29,14.45,0.057,29.0,144.0,0.99756,3.33,0.54,10.2,6,white,7.12,28.696,0.2014,medium,medium,0,14.485,0.00559,0
7.0,0.34,0.39,6.9,0.066,43.0,162.0,0.99561,3.11,0.53,9.5,5,white,7.73,20.588,0.2654,medium,medium,0,6.93,0.00695,0
6.4,0.6799999999999999,0.26,3.4,0.069,25.0,146.0,0.99347,3.18,0.4,9.3,5,white,7.34,9.412,0.1712,off_dry,medium,0,3.422,0.00742,0
7.3,0.22,0.31,2.3,0.018,45.0,80.0,0.98936,3.06,0.34,12.9,7,white,7.83,33.182,0.5625,off_dry,very_high,1,2.325,0.0014,1
6.4,0.28,0.27,11.0,0.042,45.0,148.0,0.99786,3.14,0.46,8.7,5,white,6.95,22.857,0.3041,medium,low,0,11.024,0.00483,0
6.9,0.4,0.22,5.95,0.081,76.0,272.125,0.99705,3.4,0.57,9.4,5,white,7.52,17.25,0.2793,medium,medium,0,5.968,0.00862,0
6.8,0.19,0.23,5.1,0.034,71.0,204.0,0.9942,3.23,0.69,10.1,5,white,7.22,35.789,0.348,medium,medium,0,5.13,0.00337,0
7.1,0.23,0.24,5.4,0.039,60.0,196.0,0.9948,3.19,0.78,10.0,4,white,7.57,30.869,0.3061,medium,medium,0,5.428,0.0039,0
6.45,0.14,0.42,1.2,0.05,51.0,129.0,0.99116,3.27,0.69,11.1,7,white,7.01,46.071,0.3953,off_dry,high,0,1.211,0.0045,1
6.5,0.15,0.44,12.6,0.052,65.0,158.0,0.99688,3.26,0.7,10.3,7,white,7.09,43.333,0.4114,medium,medium,0,12.639,0.00505,1
7.1,0.15,0.34,1.0,0.033,27.0,73.0,0.98974,3.24,0.41,12.2,6,white,7.59,47.333,0.3699,dry,very_high,1,1.01,0.0027,0
6.7,0.33,0.34,6.6,0.067,35.0,156.0,0.99542,3.11,0.48,9.3,6,white,7.37,20.303,0.2244,medium,medium,0,6.63,0.0072,0
7.2,0.3,0.26,1.5,0.041,46.0,178.0,0.99154,3.19,0.56,11.3,6,white,7.76,24.0,0.2584,off_dry,high,0,1.513,0.00363,0
7.0,0.23,0.33,1.0,0.043,46.0,110.0,0.99118,3.04,0.65,10.8,6,white,7.56,30.435,0.4182,dry,high,0,1.009,0.00398,0
8.0,0.13,0.25,1.1,0.033,15.0,86.0,0.99044,2.98,0.39,11.2,8,white,8.38,61.538,0.1744,off_dry,high,0,1.111,0.00295,1
6.2,0.21,0.34,6.6,0.03,36.0,91.0,0.9914,3.32,0.45,12.5,7,white,6.75,29.524,0.3956,medium,very_high,1,6.657,0.0024,1
8.3,0.4,0.41,8.2,0.05,15.0,122.0,0.9979,3.39,0.49,9.3,5,white,9.11,20.75,0.123,medium,medium,0,8.217,0.00538,0
5.9,0.34,0.31,2.0,0.03,38.0,142.0,0.98892,3.4,0.41,12.9,7,white,6.55,17.353,0.2676,off_dry,very_high,1,2.022,0.00233,1
6.6,0.12,0.25,1.4,0.039,21.0,131.0,0.99114,3.2,0.45,11.2,7,white,6.97,55.0,0.1603,off_dry,high,0,1.413,0.00348,1
9.6,0.655,0.21,2.0,0.039,21.0,120.0,0.99188,3.0,0.855,12.6,6,white,10.465,14.656,0.175,off_dry,very_high,1,2.016,0.0031,0
6.8,0.26,0.4,7.5,0.046,45.0,179.0,0.99583,3.2,0.49,9.3,5,white,7.46,26.154,0.2514,medium,medium,0,7.531,0.00495,0
5.9,0.3,0.3,2.0,0.03,38.0,142.0,0.98892,3.41,0.41,12.9,7,white,6.5,19.667,0.2676,off_dry,very_high,1,2.022,0.00233,1
7.0,0.15,0.3,13.3,0.049,46.0,120.0,0.99704,3.2,0.36,9.5,7,white,7.45,46.666,0.3833,medium,medium,0,13.339,0.00516,1
7.9,0.37,0.31,2.85,0.037,5.0,24.0,0.9911,3.19,0.36,11.9,6,white,8.58,21.351,0.2083,off_dry,high,0,2.876,0.00311,0
7.2,0.35,0.25,5.6,0.032,23.0,120.0,0.99334,2.93,0.66,10.3,7,white,7.8,20.571,0.1917,medium,medium,0,5.638,0.00311,1
7.2,0.32,0.24,5.6,0.033,23.0,120.0,0.99334,2.92,0.66,10.3,7,white,7.76,22.5,0.1917,medium,medium,0,5.638,0.0032,1
7.6,0.1,0.33,1.0,0.031,33.0,93.0,0.99094,3.06,0.68,11.2,6,white,8.03,75.999,0.3548,dry,high,0,1.009,0.00277,0
6.2,0.25,0.31,3.2,0.03,32.0,150.0,0.99014,3.18,0.31,12.0,6,white,6.76,24.8,0.2133,off_dry,high,1,3.232,0.0025,0
7.1,0.31,0.17,1.0,0.042,21.0,144.0,0.99304,3.13,0.4,9.6,5,white,7.58,22.903,0.1458,dry,medium,0,1.007,0.00437,0
7.6,0.18,0.28,7.1,0.041,29.0,110.0,0.99652,3.2,0.42,9.2,6,white,8.06,42.222,0.2636,medium,medium,0,7.125,0.00446,0
8.0,0.17,0.29,2.4,0.029,52.0,119.0,0.98944,3.03,0.33,12.9,6,white,8.46,47.059,0.437,off_dry,very_high,1,2.426,0.00225,0
7.2,0.19,0.27,11.2,0.061,46.0,149.0,0.99772,2.99,0.59,9.3,6,white,7.66,37.895,0.3087,medium,medium,0,11.226,0.00656,0
7.6,0.32,0.25,9.5,0.03,15.0,136.0,0.99367,3.1,0.44,12.1,6,white,8.17,23.75,0.1103,medium,very_high,1,9.561,0.00248,0
6.6,0.21,0.29,1.8,0.026,35.0,128.0,0.99183,3.37,0.48,11.2,6,white,7.1,31.428,0.2734,off_dry,high,0,1.815,0.00232,0
7.0,0.16,0.36,2.6,0.029,28.0,98.0,0.99126,3.11,0.37,11.2,7,white,7.52,43.75,0.2857,off_dry,high,0,2.623,0.00259,1
6.6,0.24,0.38,8.0,0.042,56.0,187.0,0.99577,3.21,0.46,9.2,5,white,7.22,27.5,0.2995,medium,medium,0,8.034,0.00457,0
6.9,0.3,0.25,3.3,0.041,26.0,124.0,0.99428,3.18,0.5,9.3,6,white,7.45,23.0,0.2097,off_dry,medium,0,3.319,0.00441,0
6.2,0.28,0.27,10.3,0.03,26.0,108.0,0.99388,3.2,0.36,10.7,6,white,6.75,22.143,0.2407,medium,high,0,10.363,0.0028,0
6.9,0.31,0.32,1.2,0.024,20.0,166.0,0.99208,3.05,0.54,9.8,6,white,7.53,22.258,0.1205,off_dry,medium,0,1.21,0.00245,0
6.7,0.23,0.25,1.6,0.036,28.0,143.0,0.99256,3.3,0.54,10.3,6,white,7.18,29.13,0.1958,off_dry,medium,0,1.612,0.0035,0
5.7,0.23,0.28,9.65,0.025,26.0,121.0,0.9925,3.28,0.38,11.3,6,white,6.21,24.783,0.2149,medium,high,0,9.723,0.00221,0
6.5,0.22,0.5,16.05,0.048,36.0,182.0,0.99904,3.02,0.49,8.8,6,white,7.22,29.545,0.1978,medium,low,0,16.065,0.00545,0
7.0,0.18,0.37,1.5,0.043,16.0,104.0,0.99216,3.18,0.5,10.8,5,white,7.55,38.889,0.1538,off_dry,high,0,1.512,0.00398,0
6.5,0.46,0.31,5.0,0.027,15.0,72.0,0.99165,3.26,0.6,11.5,7,white,7.27,14.13,0.2083,off_dry,high,0,5.042,0.00235,1
6.5,0.23,0.36,16.05,0.038,43.0,133.0,0.99924,3.26,0.41,8.8,5,white,7.09,28.261,0.3233,medium,low,0,16.062,0.00432,0
6.6,0.26,0.38,6.5,0.10800000000000001,68.0,201.0,0.9956,3.19,0.38,9.4,6,white,7.24,25.385,0.3383,medium,medium,0,6.529,0.01149,0
6.7,0.26,0.39,6.4,0.10800000000000001,64.0,200.0,0.99562,3.19,0.38,9.4,6,white,7.35,25.769,0.32,medium,medium,0,6.428,0.01149,0
7.5,0.28,0.39,10.2,0.045,59.0,209.0,0.9972,3.16,0.63,9.6,6,white,8.17,26.786,0.2823,medium,medium,0,10.229,0.00469,0
6.8,0.23,0.42,7.4,0.044,56.0,189.0,0.9958,3.22,0.48,9.3,6,white,7.45,29.565,0.2963,medium,medium,0,7.431,0.00473,0
7.8,0.25,0.34,13.7,0.044,66.0,184.0,0.99976,3.22,0.75,8.9,5,white,8.39,31.2,0.3587,medium,low,0,13.703,0.00494,0
5.6,0.2,0.22,1.3,0.049,25.0,155.0,0.99296,3.66,0.43,10.0,5,white,6.02,28.0,0.1613,off_dry,medium,0,1.309,0.0049,0
6.4,0.21,0.44,7.4,0.045,47.0,182.0,0.9957,3.24,0.46,9.1,5,white,7.05,30.476,0.2582,medium,medium,0,7.432,0.00495,0
6.8,0.24,0.37,7.45,0.043,59.0,188.0,0.99579,3.2,0.5,9.4,6,white,7.41,28.333,0.3138,medium,medium,0,7.481,0.00457,0
7.8,0.25,0.28,7.2,0.04,46.0,179.0,0.99541,3.14,0.6,10.1,6,white,8.33,31.2,0.257,medium,medium,0,7.233,0.00396,0
6.8,0.16,0.29,10.4,0.046,59.0,143.0,0.99518,3.2,0.4,10.8,6,white,7.25,42.5,0.4126,medium,high,0,10.45,0.00426,0
5.2,0.28,0.29,1.1,0.028,18.0,69.0,0.99168,3.24,0.54,10.0,6,white,5.77,18.571,0.2609,off_dry,medium,0,1.109,0.0028,0
7.5,0.18,0.31,6.5,0.029,53.0,160.0,0.99276,3.03,0.38,10.9,6,white,7.99,41.666,0.3312,medium,high,0,6.547,0.00266,0
7.5,0.26,0.3,4.6,0.027,29.0,92.0,0.99085,3.15,0.38,12.0,7,white,8.06,28.846,0.3152,off_dry,high,1,4.642,0.00225,1
8.2,0.37,0.64,13.9,0.043,22.0,171.0,0.99873,2.99,0.8,9.3,5,white,9.21,22.162,0.1287,medium,medium,0,13.918,0.00462,0
7.6,0.4,0.27,5.2,0.03,32.0,101.0,0.99172,3.22,0.62,12.3,7,white,8.27,19.0,0.3168,medium,very_high,1,5.243,0.00244,1
7.5,0.26,0.25,1.7,0.038,29.0,129.0,0.99312,3.45,0.56,10.4,6,white,8.01,28.846,0.2248,off_dry,medium,0,1.712,0.00365,0
6.9,0.23,0.32,16.05,0.045,62.0,153.0,0.9972,3.22,0.42,10.5,5,white,7.45,30.0,0.4052,medium,medium,0,16.095,0.00429,0
5.3,0.2,0.31,3.6,0.036,22.0,91.0,0.99278,3.41,0.5,9.8,6,white,5.81,26.5,0.2418,off_dry,medium,0,3.626,0.00367,0
6.5,0.17,0.31,1.5,0.041,34.0,121.0,0.99092,3.06,0.46,10.5,6,white,6.98,38.235,0.281,off_dry,medium,0,1.514,0.0039,0
6.5,0.35,0.28,12.4,0.051,78.5,213.0,0.9962,3.16,0.51,9.9,6,white,7.13,18.571,0.3685,medium,medium,0,12.447,0.00515,0
6.5,0.29,0.31,1.7,0.035,24.0,79.0,0.99053,3.27,0.69,11.4,7,white,7.1,22.414,0.3038,off_dry,high,0,1.716,0.00307,1
6.8,0.3,0.22,6.2,0.06,41.0,190.0,0.99858,3.18,0.51,9.2,5,white,7.32,22.667,0.2158,medium,medium,0,6.209,0.00652,0
7.9,0.51,0.36,6.2,0.051,30.0,173.0,0.9984,3.09,0.53,9.7,5,white,8.77,15.49,0.1734,medium,medium,0,6.21,0.00526,0
7.9,0.51,0.34,2.6,0.049,13.0,135.0,0.99335,3.09,0.51,10.0,5,white,8.75,15.49,0.0963,off_dry,medium,0,2.617,0.0049,0
7.1,0.29,0.28,9.3,0.048,50.0,141.0,0.9949,3.13,0.49,10.3,6,white,7.67,24.483,0.3546,medium,medium,0,9.348,0.00466,0
7.4,0.2,0.28,9.1,0.047,29.0,95.0,0.99532,3.16,0.47,9.8,7,white,7.88,37.0,0.3053,medium,medium,0,9.143,0.0048,1
6.9,0.615,0.42,12.0,0.067,24.0,131.0,0.99727,3.19,0.34,9.3,5,white,7.935,11.219,0.1832,medium,medium,0,12.033,0.0072,0
6.8,0.32,0.28,4.8,0.034,25.0,100.0,0.99026,3.08,0.47,12.4,7,white,7.4,21.25,0.25,off_dry,very_high,1,4.847,0.00274,1
6.3,0.2,0.19,12.3,0.048,54.0,145.0,0.99668,3.16,0.42,9.3,6,white,6.69,31.5,0.3724,medium,medium,0,12.341,0.00516,0
8.0,0.23,0.28,2.7,0.048,49.0,165.0,0.9952,3.26,0.72,9.5,6,white,8.51,34.782,0.297,off_dry,medium,0,2.713,0.00505,0
6.7,0.27,0.33,3.6,0.034,9.0,45.0,0.99144,3.08,0.4,10.5,6,white,7.3,24.815,0.2,off_dry,medium,0,3.631,0.00324,0
6.7,0.44,0.22,4.3,0.032,19.0,99.0,0.99015,3.26,0.53,12.8,7,white,7.36,15.227,0.1919,off_dry,very_high,1,4.343,0.0025,1
7.0,0.34,0.3,1.8,0.045,44.0,142.0,0.9914,2.99,0.45,10.8,6,white,7.64,20.588,0.3099,off_dry,high,0,1.816,0.00417,0
7.3,0.26,0.33,11.8,0.057,48.0,127.0,0.99693,3.1,0.55,10.0,6,white,7.89,28.077,0.378,medium,medium,0,11.836,0.0057,0
5.8,0.17,0.34,1.8,0.045,78.5,170.0,0.99035,3.38,0.855,11.8,8,white,6.31,34.117,0.4618,off_dry,high,0,1.818,0.00381,1
6.8,0.17,0.36,1.4,0.036,38.0,108.0,0.99006,3.19,0.66,12.0,6,white,7.33,40.0,0.3519,off_dry,high,1,1.414,0.003,0
7.1,0.43,0.3,6.6,0.025,15.0,138.0,0.99126,3.18,0.46,12.6,6,white,7.83,16.512,0.1087,medium,very_high,1,6.658,0.00198,0
5.8,0.315,0.27,1.55,0.026,15.0,70.0,0.98994,3.37,0.4,11.9,8,white,6.385,18.413,0.2143,off_dry,high,0,1.566,0.00218,1
5.9,0.17,0.28,0.7,0.027,5.0,28.0,0.98985,3.13,0.32,10.6,5,white,6.35,34.706,0.1786,dry,high,0,0.707,0.00255,0
6.6,0.34,0.18,6.4,0.082,47.0,240.0,0.9971,3.42,0.48,9.2,5,white,7.12,19.412,0.1958,medium,medium,0,6.419,0.00891,0
8.6,0.33,0.34,11.8,0.059,42.0,240.0,0.99882,3.17,0.52,10.0,6,white,9.27,26.061,0.175,medium,medium,0,11.814,0.0059,0
5.6,0.12,0.26,4.3,0.038,18.0,97.0,0.99477,3.36,0.46,9.2,5,white,5.98,46.666,0.1856,off_dry,medium,0,4.323,0.00413,0
5.8,0.13,0.26,5.1,0.039,19.0,103.0,0.99478,3.36,0.47,9.3,6,white,6.19,44.615,0.1845,medium,medium,0,5.127,0.00419,0
7.7,0.18,0.35,5.8,0.055,25.0,144.0,0.99576,3.24,0.54,10.2,6,white,8.23,42.778,0.1736,medium,medium,0,5.825,0.00539,0
7.7,0.16,0.36,5.9,0.054,25.0,148.0,0.99578,3.25,0.54,10.2,6,white,8.22,48.125,0.1689,medium,medium,0,5.925,0.00529,0
6.0,0.26,0.15,1.3,0.06,51.0,154.0,0.99354,3.14,0.51,8.7,5,white,6.41,23.077,0.3312,off_dry,low,0,1.308,0.0069,0
7.3,0.32,0.35,1.4,0.05,8.0,163.0,0.99244,3.24,0.42,10.7,5,white,7.97,22.812,0.0491,off_dry,high,0,1.411,0.00467,0
7.7,0.3,0.34,1.2,0.048,4.0,119.0,0.99084,3.18,0.34,12.1,6,white,8.34,25.667,0.0336,off_dry,very_high,1,1.211,0.00397,0
7.9,0.16,0.3,7.4,0.05,58.0,152.0,0.99612,3.12,0.37,9.5,6,white,8.36,49.375,0.3816,medium,medium,0,7.429,0.00526,0
6.4,0.27,0.29,10.8,0.028,17.0,118.0,0.99356,3.18,0.37,11.2,6,white,6.96,23.704,0.1441,medium,high,0,10.87,0.0025,0
6.9,0.16,0.37,1.8,0.034,36.0,95.0,0.98952,2.93,0.59,12.0,6,white,7.43,43.125,0.3789,off_dry,high,1,1.819,0.00283,0
6.4,0.44,0.44,14.4,0.048,29.0,228.0,0.99955,3.26,0.54,8.8,7,white,7.28,14.545,0.1272,medium,low,0,14.406,0.00545,1
6.3,0.2,0.24,1.7,0.052,36.0,135.0,0.99374,3.66,0.66,10.8,6,white,6.74,31.5,0.2667,off_dry,high,0,1.711,0.00481,0
6.2,0.29,0.32,3.6,0.026,39.0,138.0,0.9892,3.31,0.37,13.1,7,white,6.81,21.379,0.2826,off_dry,very_high,1,3.639,0.00198,1
7.6,0.39,0.32,3.6,0.035,22.0,93.0,0.99144,3.08,0.6,12.5,7,white,8.31,19.487,0.2366,off_dry,very_high,1,3.631,0.0028,1
7.0,0.36,0.32,10.05,0.045,37.0,131.0,0.99352,3.09,0.33,11.7,8,white,7.68,19.444,0.2824,medium,high,0,10.116,0.00385,1
7.0,0.36,0.32,10.5,0.045,35.0,135.0,0.9935,3.09,0.33,11.6,8,white,7.68,19.444,0.2593,medium,high,0,10.569,0.00388,1
7.6,0.2,0.36,1.9,0.043,24.0,111.0,0.99237,3.29,0.54,11.3,6,white,8.16,38.0,0.2162,off_dry,high,0,1.915,0.00381,0
6.7,0.2,0.37,1.65,0.025,42.0,103.0,0.99022,3.11,0.45,11.4,5,white,7.27,33.5,0.4078,off_dry,high,0,1.666,0.00219,0
6.2,0.235,0.34,1.9,0.036,4.0,117.0,0.99032,3.4,0.44,12.2,5,white,6.775,26.383,0.0342,off_dry,very_high,1,1.919,0.00295,0
7.8,0.6799999999999999,0.6,16.05,0.074,8.0,160.0,1.0036250000000002,3.39,0.69,11.7,6,white,9.08,11.471,0.05,medium,high,0,15.992,0.00632,0
7.1,0.2,0.31,6.85,0.053,32.0,211.0,0.99587,3.31,0.59,10.4,6,white,7.61,35.5,0.1517,medium,medium,0,6.878,0.0051,0
7.1,0.2,0.31,7.4,0.053,32.0,211.0,0.99587,3.31,0.59,10.4,6,white,7.61,35.5,0.1517,medium,medium,0,7.431,0.0051,0
6.4,0.24,0.25,16.05,0.083,35.0,157.0,0.99976,3.17,0.5,9.1,5,white,6.89,26.667,0.2229,medium,medium,0,16.054,0.00912,0
8.0,0.3,0.36,11.0,0.034,8.0,70.0,0.99354,3.05,0.41,12.2,6,white,8.66,26.667,0.1143,medium,very_high,1,11.072,0.00279,0
6.9,0.4,0.42,6.2,0.066,41.0,176.0,0.99552,3.12,0.54,9.4,5,white,7.72,17.25,0.233,medium,medium,0,6.228,0.00702,0
6.9,0.4,0.43,6.2,0.065,42.0,178.0,0.99552,3.11,0.53,9.4,5,white,7.73,17.25,0.236,medium,medium,0,6.228,0.00691,0
6.6,0.25,0.51,8.0,0.047,61.0,189.0,0.99604,3.22,0.49,9.2,5,white,7.36,26.4,0.3228,medium,medium,0,8.032,0.00511,0
6.8,0.26,0.44,8.2,0.046,52.0,183.0,0.99584,3.2,0.51,9.4,5,white,7.5,26.154,0.2842,medium,medium,0,8.234,0.00489,0
6.5,0.37,0.3,2.2,0.033,39.0,107.0,0.98894,3.22,0.53,13.5,7,white,7.17,17.568,0.3645,off_dry,very_high,1,2.225,0.00244,1
6.8,0.35,0.53,10.1,0.053,37.0,151.0,0.9963,3.07,0.4,9.4,5,white,7.68,19.429,0.245,medium,medium,0,10.138,0.00564,0
6.4,0.22,0.32,7.2,0.028,15.0,83.0,0.993,3.13,0.55,10.9,8,white,6.94,29.091,0.1807,medium,high,0,7.251,0.00257,1
6.9,0.31,0.32,1.6,0.036,34.0,114.0,0.99068,3.19,0.45,11.4,7,white,7.53,22.258,0.2982,off_dry,high,0,1.615,0.00316,1
6.7,0.16,0.37,1.3,0.036,45.0,125.0,0.98964,3.19,0.51,12.4,7,white,7.23,41.875,0.36,off_dry,very_high,1,1.314,0.0029,1
5.6,0.15,0.31,5.3,0.038,8.0,79.0,0.9923,3.3,0.39,10.5,6,white,6.06,37.333,0.1013,medium,medium,0,5.341,0.00362,0
5.5,0.15,0.32,14.0,0.031,16.0,99.0,0.99437,3.26,0.38,11.5,8,white,5.97,36.666,0.1616,medium,high,0,14.079,0.0027,1
7.3,0.2,0.26,1.6,0.04,36.0,123.0,0.99238,3.34,0.44,10.8,6,white,7.76,36.5,0.2927,off_dry,high,0,1.612,0.0037,0
7.5,0.17,0.6400000000000001,11.8,0.038,52.0,148.0,0.99801,3.03,0.46,8.9,5,white,8.31,44.117,0.3514,medium,low,0,11.824,0.00427,0
7.5,0.18,0.6400000000000001,9.6,0.039,53.0,151.0,0.99802,3.03,0.46,8.9,5,white,8.32,41.666,0.351,medium,low,0,9.619,0.00438,0
7.0,0.27,0.48,6.1,0.042,60.0,184.0,0.99566,3.2,0.5,9.4,6,white,7.75,25.926,0.3261,medium,medium,0,6.127,0.00447,0
5.8,0.32,0.31,2.7,0.049,25.0,153.0,0.99067,3.44,0.73,12.2,7,white,6.43,18.125,0.1634,off_dry,very_high,1,2.725,0.00402,1
7.8,0.26,0.31,3.6,0.025,22.0,100.0,0.99066,2.99,0.47,12.1,7,white,8.37,30.0,0.22,off_dry,very_high,1,3.634,0.00207,1
7.4,0.3,0.32,1.7,0.03,23.0,128.0,0.9929,3.17,0.66,10.9,5,white,8.02,24.667,0.1797,off_dry,high,0,1.712,0.00275,0
6.7,0.16,0.34,1.6,0.026,27.0,109.0,0.9934,3.34,0.58,10.1,6,white,7.2,41.875,0.2477,off_dry,medium,0,1.611,0.00257,0
6.7,0.19,0.39,1.0,0.032,14.0,71.0,0.98912,3.31,0.38,13.0,7,white,7.28,35.263,0.1972,dry,very_high,1,1.011,0.00246,1
6.6,0.36,0.24,0.9,0.038,15.0,72.0,0.99066,3.23,0.39,11.0,5,white,7.2,18.333,0.2083,dry,high,0,0.908,0.00345,0
7.2,0.17,0.41,1.6,0.052,24.0,126.0,0.99228,3.19,0.49,10.8,5,white,7.78,42.353,0.1905,off_dry,high,0,1.612,0.00481,0
6.0,0.11,0.47,10.6,0.052,69.0,148.0,0.9958,2.91,0.34,9.3,4,white,6.58,54.545,0.4662,medium,medium,0,10.645,0.00559,0
6.0,0.21,0.34,2.0,0.042,63.0,123.0,0.99052,3.44,0.42,11.4,6,white,6.55,28.571,0.5122,off_dry,high,0,2.019,0.00368,0
6.7,0.325,0.6400000000000001,1.2,0.10800000000000001,49.0,120.0,0.99312,2.99,0.38,9.2,5,white,7.665,20.615,0.4083,off_dry,medium,0,1.208,0.01174,0
6.6,0.4,0.46,6.2,0.056,42.0,241.0,0.9968,3.5,0.6,9.9,5,white,7.46,16.5,0.1743,medium,medium,0,6.22,0.00566,0
6.5,0.2,0.24,9.2,0.044,25.0,150.0,0.99502,3.22,0.44,10.5,5,white,6.94,32.5,0.1667,medium,medium,0,9.246,0.00419,0
7.6,0.27,0.34,5.0,0.04,18.0,56.0,0.99084,3.06,0.48,12.4,6,white,8.21,28.148,0.3214,off_dry,very_high,1,5.046,0.00323,0
7.2,0.26,0.4,6.3,0.047,52.0,172.0,0.99573,3.18,0.53,9.5,6,white,7.86,27.692,0.3023,medium,medium,0,6.327,0.00495,0
6.3,0.25,0.22,3.3,0.048,41.0,161.0,0.99256,3.16,0.5,10.5,6,white,6.77,25.2,0.2547,off_dry,medium,0,3.325,0.00457,0
6.5,0.22,0.45,8.0,0.053,52.0,196.0,0.9959,3.23,0.48,9.1,6,white,7.17,29.545,0.2653,medium,medium,0,8.033,0.00582,0
6.4,0.14,0.31,1.2,0.034,53.0,138.0,0.99084,3.38,0.35,11.5,7,white,6.85,45.714,0.3841,off_dry,high,0,1.211,0.00296,1
7.1,0.26,0.32,16.05,0.044,31.0,170.0,0.99644,3.17,0.37,11.2,5,white,7.68,27.308,0.1824,medium,high,0,16.107,0.00393,0
6.6,0.22,0.34,11.6,0.05,59.0,140.0,0.99526,3.22,0.4,10.8,5,white,7.16,30.0,0.4214,medium,high,0,11.655,0.00463,0
6.6,0.45,0.43,7.2,0.064,31.0,186.0,0.9954,3.12,0.44,9.4,5,white,7.48,14.667,0.1667,medium,medium,0,7.233,0.00681,0
6.6,0.17,0.3,1.1,0.031,13.0,73.0,0.99095,3.17,0.58,11.0,6,white,7.07,38.823,0.1781,off_dry,high,0,1.11,0.00282,0
7.2,0.44,0.28,3.4,0.048,22.0,112.0,0.99188,3.21,0.37,11.3,7,white,7.92,16.364,0.1964,off_dry,high,0,3.428,0.00425,1
6.2,0.15,0.27,1.4,0.041,51.0,117.0,0.9909,3.28,0.38,11.2,6,white,6.62,41.333,0.4359,off_dry,high,0,1.413,0.00366,0
7.3,0.26,0.3,9.3,0.05,35.0,154.0,0.99581,3.21,0.5,10.4,6,white,7.86,28.077,0.2273,medium,medium,0,9.339,0.00481,0
6.9,0.15,0.29,2.3,0.033,14.0,82.0,0.99132,3.1,0.58,11.2,7,white,7.34,46.0,0.1707,off_dry,high,0,2.32,0.00295,1
5.8,0.22,0.29,0.9,0.034,34.0,89.0,0.98936,3.14,0.36,11.1,7,white,6.31,26.364,0.382,dry,high,0,0.91,0.00306,1
6.5,0.37,0.33,3.5,0.036,23.0,92.0,0.99136,3.18,0.38,11.2,6,white,7.2,17.568,0.25,off_dry,high,0,3.531,0.00321,0
5.5,0.375,0.38,1.7,0.036,17.0,98.0,0.99142,3.29,0.39,10.5,6,white,6.255,14.667,0.1735,off_dry,medium,0,1.715,0.00343,0
5.9,0.2,0.4,1.3,0.047,23.0,92.0,0.99232,3.2,0.45,10.0,6,white,6.5,29.5,0.25,off_dry,medium,0,1.31,0.0047,0
5.9,0.22,0.38,1.3,0.046,24.0,90.0,0.99232,3.2,0.47,10.0,6,white,6.5,26.818,0.2667,off_dry,medium,0,1.31,0.0046,0
8.0,0.22,0.31,5.6,0.049,24.0,97.0,0.993,3.1,0.42,10.9,5,white,8.53,36.363,0.2474,medium,high,0,5.639,0.0045,0
6.5,0.22,0.29,7.4,0.028,16.0,87.0,0.99311,3.15,0.56,10.9,7,white,7.01,29.545,0.1839,medium,high,0,7.451,0.00257,1
5.8,0.2,0.34,1.0,0.035,40.0,86.0,0.98993,3.5,0.42,11.7,5,white,6.34,29.0,0.4651,dry,high,0,1.01,0.00299,0
6.6,0.31,0.07,1.5,0.033,55.0,144.0,0.99208,3.16,0.42,10.0,5,white,6.98,21.29,0.3819,off_dry,medium,0,1.512,0.0033,0
7.7,0.43,0.37,10.0,0.10800000000000001,22.0,210.0,0.99776,3.02,0.64,9.5,5,white,8.5,17.907,0.1048,medium,medium,0,10.022,0.01137,0
6.7,0.24,0.29,14.9,0.053,55.0,136.0,0.99839,3.03,0.52,9.0,5,white,7.23,27.917,0.4044,medium,low,0,14.924,0.00589,0
7.3,0.23,0.34,9.3,0.052,19.0,86.0,0.99574,3.04,0.56,10.0,5,white,7.87,31.739,0.2209,medium,medium,0,9.34,0.0052,0
7.9,0.2,0.39,1.0,0.041,37.0,154.0,0.99093,3.08,0.43,11.9,5,white,8.49,39.5,0.2403,dry,high,0,1.009,0.00345,0
5.3,0.16,0.39,1.0,0.028,40.0,101.0,0.99156,3.57,0.59,10.6,6,white,5.85,33.125,0.396,dry,high,0,1.009,0.00264,0
6.4,0.21,0.28,5.9,0.047,29.0,101.0,0.99278,3.15,0.4,11.0,6,white,6.89,30.476,0.2871,medium,high,0,5.943,0.00427,0
6.9,0.33,0.26,5.0,0.027,46.0,143.0,0.9924,3.25,0.43,11.2,7,white,7.49,20.909,0.3217,off_dry,high,0,5.038,0.00241,1
5.6,0.18,0.58,1.25,0.034,29.0,129.0,0.98984,3.51,0.6,12.0,7,white,6.36,31.111,0.2248,off_dry,high,1,1.263,0.00283,1
6.6,0.29,0.31,3.9,0.027,39.0,96.0,0.99035,3.24,0.6,12.6,8,white,7.2,22.759,0.4062,off_dry,very_high,1,3.938,0.00214,1
6.6,0.21,0.36,0.8,0.034,48.0,113.0,0.99165,3.24,0.68,10.5,6,white,7.17,31.428,0.4248,dry,medium,0,0.807,0.00324,0
7.3,0.21,0.33,1.0,0.037,66.0,144.0,0.9923,3.11,0.52,10.2,6,white,7.84,34.762,0.4583,dry,medium,0,1.008,0.00363,0
5.1,0.11,0.32,1.6,0.028,12.0,90.0,0.99008,3.57,0.52,12.2,6,white,5.53,46.363,0.1333,off_dry,very_high,1,1.616,0.0023,0
6.5,0.15,0.32,1.3,0.036,19.0,76.0,0.98964,3.18,0.41,12.3,6,white,6.97,43.333,0.25,off_dry,very_high,1,1.314,0.00293,0
5.6,0.19,0.46,1.1,0.032,33.0,115.0,0.9909,3.36,0.5,10.4,6,white,6.25,29.474,0.287,off_dry,medium,0,1.11,0.00308,0
6.7,0.48,0.32,1.4,0.021,22.0,121.0,0.9889,3.15,0.53,12.7,7,white,7.5,13.958,0.1818,off_dry,very_high,1,1.416,0.00165,1
6.2,0.23,0.23,1.2,0.018,18.0,128.0,0.99178,3.05,0.28,10.6,5,white,6.66,26.956,0.1406,off_dry,high,0,1.21,0.0017,0
6.0,0.17,0.29,5.0,0.028,25.0,108.0,0.99076,3.14,0.34,12.3,6,white,6.46,35.294,0.2315,off_dry,very_high,1,5.047,0.00228,0
6.7,0.15,0.38,1.7,0.037,20.0,84.0,0.99046,3.09,0.53,11.4,6,white,7.23,44.666,0.2381,off_dry,high,0,1.716,0.00325,0
4.450000000000001,0.17,0.36,1.8,0.029,78.5,161.0,0.98999,3.65,0.855,12.0,7,white,4.98,26.176,0.4876,off_dry,high,1,1.818,0.00242,1
5.8,0.21,0.32,1.6,0.045,38.0,95.0,0.98946,3.23,0.855,12.4,8,white,6.33,27.619,0.4,off_dry,very_high,1,1.617,0.00363,1
5.4,0.23,0.36,1.5,0.03,74.0,121.0,0.98976,3.24,0.855,12.1,7,white,5.99,23.478,0.6116,off_dry,very_high,1,1.516,0.00248,1
6.4,0.22,0.31,13.9,0.04,57.0,135.0,0.99672,3.21,0.38,10.7,5,white,6.93,29.091,0.4222,medium,high,0,13.946,0.00374,0
6.5,0.15,0.55,5.9,0.045,75.0,162.0,0.99482,2.97,0.4,9.3,5,white,7.2,43.333,0.463,medium,medium,0,5.931,0.00484,0
5.9,0.32,0.33,2.1,0.027,35.0,138.0,0.98945,3.37,0.42,12.7,6,white,6.55,18.437,0.2536,off_dry,very_high,1,2.122,0.00213,0
5.7,0.37,0.3,1.1,0.029,24.0,88.0,0.98883,3.18,0.39,11.7,6,white,6.37,15.405,0.2727,off_dry,high,0,1.112,0.00248,0
7.9,0.25,0.35,6.7,0.039,22.0,64.0,0.99362,2.93,0.49,10.7,5,white,8.5,31.6,0.3437,medium,high,0,6.743,0.00364,0
7.2,0.21,0.28,2.7,0.033,38.0,94.0,0.99075,2.99,0.43,11.8,7,white,7.69,34.286,0.4043,off_dry,high,0,2.725,0.0028,1
7.0,0.24,0.3,6.7,0.039,37.0,125.0,0.99436,3.2,0.39,9.9,5,white,7.54,29.167,0.296,medium,medium,0,6.738,0.00394,0
6.8,0.475,0.33,3.95,0.047,16.0,81.0,0.98988,3.23,0.53,13.4,7,white,7.605,14.316,0.1975,off_dry,very_high,1,3.99,0.00351,1
7.0,0.28,0.32,7.75,0.032,30.0,114.0,0.99158,3.12,0.64,12.8,7,white,7.6,25.0,0.2632,medium,very_high,1,7.816,0.0025,1
6.9,0.4,0.3,10.6,0.033,24.0,87.0,0.99265,3.15,0.45,12.8,6,white,7.6,17.25,0.2759,medium,very_high,1,10.678,0.00258,0
6.6,0.41,0.31,1.6,0.042,18.0,101.0,0.99195,3.13,0.41,10.5,5,white,7.32,16.098,0.1782,off_dry,medium,0,1.613,0.004,0
6.4,0.2,0.28,2.5,0.032,24.0,84.0,0.99168,3.31,0.55,11.5,5,white,6.88,32.0,0.2857,off_dry,high,0,2.521,0.00278,0
8.5,0.22,0.34,0.7,0.04,5.0,25.0,0.9918,3.04,0.37,10.5,4,white,9.06,38.636,0.2,dry,medium,0,0.706,0.00381,0
8.4,0.36,0.36,11.1,0.032,21.0,132.0,0.99313,2.95,0.39,13.0,6,white,9.12,23.333,0.1591,medium,very_high,1,11.177,0.00246,0
5.2,0.285,0.29,5.15,0.035,64.0,138.0,0.9895,3.19,0.34,12.4,8,white,5.775,18.246,0.4638,medium,very_high,1,5.205,0.00282,1
6.9,0.2,0.3,4.7,0.041,40.0,148.0,0.9932,3.16,0.35,10.2,6,white,7.4,34.5,0.2703,off_dry,medium,0,4.732,0.00402,0
6.7,0.42,0.46,9.7,0.054,67.0,234.0,0.99848,3.23,0.5,9.0,5,white,7.58,15.952,0.2863,medium,low,0,9.715,0.006,0
6.2,0.16,0.34,1.7,0.038,78.5,153.0,0.9909,3.33,0.855,12.0,7,white,6.7,38.75,0.5131,off_dry,high,1,1.716,0.00317,1
6.4,0.125,0.36,1.4,0.044,22.0,68.0,0.99014,3.15,0.5,11.7,7,white,6.885,51.2,0.3235,off_dry,high,0,1.414,0.00376,1
6.4,0.44,0.26,2.0,0.054,20.0,180.0,0.9952,3.58,0.57,10.0,5,white,7.1,14.545,0.1111,off_dry,medium,0,2.01,0.0054,0
7.0,0.31,0.39,7.5,0.055,42.0,218.0,0.99652,3.37,0.54,10.3,5,white,7.7,22.581,0.1927,medium,medium,0,7.526,0.00534,0
8.6,0.18,0.28,0.8,0.032,25.0,78.0,0.99104,2.99,0.38,11.1,5,white,9.06,47.778,0.3205,dry,high,0,0.807,0.00288,0
6.2,0.21,0.26,13.1,0.05,59.0,150.0,0.99772,3.31,0.46,9.0,5,white,6.67,29.524,0.3933,medium,low,0,13.13,0.00556,0
6.1,0.16,0.37,1.1,0.031,37.0,97.0,0.9922,3.4,0.58,10.5,6,white,6.63,38.125,0.3814,off_dry,medium,0,1.109,0.00295,0
6.5,0.22,0.32,2.2,0.028,36.0,92.0,0.99076,3.27,0.59,11.9,7,white,7.04,29.545,0.3913,off_dry,high,0,2.221,0.00235,1
6.2,0.36,0.14,8.9,0.036,38.0,155.0,0.99622,3.27,0.5,9.4,5,white,6.7,17.222,0.2452,medium,medium,0,8.934,0.00383,0
5.7,0.21,0.25,1.1,0.035,26.0,81.0,0.9902,3.31,0.52,11.4,6,white,6.16,27.143,0.321,off_dry,high,0,1.111,0.00307,0
6.4,0.25,0.32,0.9,0.034,40.0,114.0,0.99114,3.31,0.58,10.8,7,white,6.97,25.6,0.3509,dry,high,0,0.908,0.00315,1
7.6,0.31,0.26,1.7,0.073,40.0,157.0,0.9938,3.1,0.46,9.8,5,white,8.17,24.516,0.2548,off_dry,medium,0,1.711,0.00745,0
6.6,0.26,0.46,6.9,0.047,59.0,183.0,0.99594,3.2,0.45,9.3,5,white,7.32,25.385,0.3224,medium,medium,0,6.928,0.00505,0
6.2,0.2,0.31,1.0,0.031,22.0,73.0,0.99035,3.24,0.52,11.3,6,white,6.71,31.0,0.3014,dry,high,0,1.01,0.00274,0
6.2,0.18,0.3,1.0,0.031,23.0,73.0,0.99032,3.23,0.52,11.3,6,white,6.68,34.444,0.3151,dry,high,0,1.01,0.00274,0
6.1,0.37,0.2,7.6,0.031,49.0,170.0,0.99558,3.22,0.48,9.5,5,white,6.67,16.486,0.2882,medium,medium,0,7.634,0.00326,0
7.7,0.18,0.3,1.2,0.046,49.0,199.0,0.99413,3.03,0.38,9.3,5,white,8.18,42.778,0.2462,off_dry,medium,0,1.207,0.00495,0
6.9,0.14,0.38,1.0,0.041,22.0,81.0,0.99043,3.03,0.54,11.4,6,white,7.42,49.285,0.2716,dry,high,0,1.01,0.0036,0
6.0,0.44,0.26,3.1,0.053,57.0,128.0,0.98982,3.22,0.39,12.7,6,white,6.7,13.636,0.4453,off_dry,very_high,1,3.132,0.00417,0
7.1,0.36,0.4,1.95,0.033,26.0,118.0,0.98934,3.2,0.45,13.5,7,white,7.86,19.722,0.2203,off_dry,very_high,1,1.971,0.00244,1
5.7,0.28,0.28,2.2,0.019,15.0,65.0,0.9902,3.06,0.52,11.2,6,white,6.26,20.357,0.2308,off_dry,high,0,2.222,0.0017,0
6.4,0.16,0.32,8.75,0.038,38.0,118.0,0.99449,3.19,0.41,10.7,5,white,6.88,40.0,0.322,medium,high,0,8.798,0.00355,0
7.4,0.28,0.4,11.9,0.032,13.0,92.0,0.99629,3.01,0.46,10.8,4,white,8.08,26.428,0.1413,medium,high,0,11.944,0.00296,0
6.7,0.39,0.31,2.7,0.054,27.0,202.0,0.9948,3.46,0.57,10.5,6,white,7.4,17.179,0.1337,off_dry,medium,0,2.714,0.00514,0
6.5,0.44,0.47,5.45,0.014,44.0,137.0,0.98984,3.13,0.32,13.0,8,white,7.41,14.773,0.3212,medium,very_high,1,5.506,0.00108,1
6.9,0.22,0.31,6.3,0.029,41.0,131.0,0.99326,3.08,0.49,10.8,6,white,7.43,31.363,0.313,medium,high,0,6.343,0.00269,0
6.6,0.22,0.29,14.4,0.046,39.0,118.0,0.99834,3.05,0.5,9.1,6,white,7.11,30.0,0.3305,medium,medium,0,14.424,0.00505,0
7.7,0.25,0.3,7.8,0.038,67.0,196.0,0.99555,3.1,0.5,10.1,5,white,8.25,30.8,0.3418,medium,medium,0,7.835,0.00376,0
5.2,0.155,0.33,1.6,0.028,13.0,59.0,0.98975,3.3,0.84,11.9,8,white,5.685,33.548,0.2203,off_dry,high,0,1.617,0.00235,1
7.0,0.31,0.31,9.1,0.036,45.0,140.0,0.99216,2.98,0.31,12.0,7,white,7.62,22.581,0.3214,medium,high,1,9.172,0.003,1
5.6,0.21,0.4,1.3,0.041,78.5,147.0,0.9901,3.22,0.855,11.6,8,white,6.21,26.667,0.534,off_dry,high,0,1.313,0.00353,1
6.4,0.25,0.32,11.3,0.038,69.0,192.0,0.99573,3.14,0.5,10.2,6,white,6.97,25.6,0.3594,medium,medium,0,11.348,0.00373,0
5.3,0.21,0.29,0.7,0.028,11.0,66.0,0.99215,3.3,0.4,9.8,5,white,5.8,25.238,0.1667,dry,medium,0,0.706,0.00286,0
7.1,0.27,0.28,1.25,0.023,3.0,89.0,0.98993,2.95,0.3,11.4,4,white,7.65,26.296,0.0337,off_dry,high,0,1.263,0.00202,0
5.2,0.17,0.27,0.7,0.03,11.0,68.0,0.99218,3.3,0.41,9.8,5,white,5.64,30.588,0.1618,dry,medium,0,0.706,0.00306,0
7.0,0.12,0.29,10.3,0.039,41.0,98.0,0.99564,3.19,0.38,9.8,8,white,7.41,58.333,0.4184,medium,medium,0,10.345,0.00398,1
7.1,0.29,0.34,7.8,0.036,49.0,128.0,0.99397,3.21,0.4,10.7,6,white,7.73,24.483,0.3828,medium,high,0,7.847,0.00336,0
7.2,0.3,0.3,8.7,0.022,14.0,111.0,0.99576,3.11,0.61,10.6,5,white,7.8,24.0,0.1261,medium,high,0,8.737,0.00208,0
6.8,0.26,0.46,8.3,0.037,49.0,173.0,0.99601,3.17,0.47,9.3,5,white,7.52,26.154,0.2832,medium,medium,0,8.333,0.00398,0
4.9,0.33,0.31,1.2,0.016,39.0,150.0,0.98713,3.33,0.59,14.0,8,white,5.54,14.848,0.26,off_dry,very_high,1,1.216,0.00114,1
5.1,0.29,0.28,8.3,0.026,27.0,107.0,0.99308,3.36,0.37,11.0,6,white,5.67,17.586,0.2523,medium,high,0,8.358,0.00236,0
6.8,0.26,0.48,6.2,0.049,55.0,182.0,0.99582,3.21,0.45,9.4,6,white,7.54,26.154,0.3022,medium,medium,0,6.226,0.00521,0
6.0,0.28,0.52,5.0,0.078,30.0,139.0,0.99494,3.1,0.36,9.0,6,white,6.8,21.428,0.2158,off_dry,low,0,5.025,0.00867,0
6.0,0.28,0.25,1.8,0.042,8.0,108.0,0.9929,3.08,0.55,9.0,5,white,6.53,21.428,0.0741,off_dry,low,0,1.813,0.00467,0
7.2,0.2,0.22,1.6,0.044,17.0,101.0,0.99471,3.37,0.53,10.0,5,white,7.62,36.0,0.1683,off_dry,medium,0,1.609,0.0044,0
6.1,0.27,0.25,1.8,0.041,9.0,109.0,0.9929,3.08,0.54,9.0,5,white,6.62,22.593,0.0826,off_dry,low,0,1.813,0.00456,0
6.4,0.29,0.3,2.9,0.036,25.0,79.0,0.99037,3.29,0.6,12.4,7,white,6.99,22.069,0.3165,off_dry,very_high,1,2.928,0.0029,1
7.4,0.35,0.24,6.0,0.042,28.0,123.0,0.99304,3.14,0.44,11.3,5,white,7.99,21.143,0.2276,medium,high,0,6.042,0.00372,0
8.1,0.12,0.38,0.9,0.034,36.0,86.0,0.99026,2.8,0.55,12.0,6,white,8.6,67.499,0.4186,dry,high,1,0.909,0.00283,0
6.4,0.12,0.3,1.1,0.031,37.0,94.0,0.98986,3.01,0.56,11.7,6,white,6.82,53.333,0.3936,off_dry,high,0,1.111,0.00265,0
7.3,0.4,0.26,5.45,0.016,26.0,90.0,0.98951,2.84,0.54,13.2,7,white,7.96,18.25,0.2889,medium,very_high,1,5.508,0.00121,1
7.7,0.11,0.34,14.05,0.04,41.0,114.0,0.99634,3.07,0.59,11.0,7,white,8.15,69.999,0.3596,medium,high,0,14.102,0.00364,1
6.9,0.23,0.41,8.0,0.03,30.0,114.0,0.99368,3.22,0.54,11.0,6,white,7.54,30.0,0.2632,medium,high,0,8.051,0.00273,0
6.9,0.38,0.38,13.1,0.10800000000000001,14.0,94.0,0.99792,3.02,0.48,9.2,5,white,7.66,18.158,0.1489,medium,medium,0,13.127,0.01174,0
7.5,0.38,0.29,4.9,0.021,38.0,113.0,0.99026,3.08,0.48,13.0,7,white,8.17,19.737,0.3363,off_dry,very_high,1,4.948,0.00162,1
5.8,0.19,0.24,1.3,0.044,38.0,128.0,0.99362,3.66,0.6,10.6,5,white,6.23,30.526,0.2969,off_dry,high,0,1.308,0.00415,0
5.5,0.34,0.26,2.2,0.021,31.0,119.0,0.98919,3.55,0.49,13.0,8,white,6.1,16.176,0.2605,off_dry,very_high,1,2.224,0.00162,1
6.6,0.23,0.3,14.9,0.051,33.0,118.0,0.99835,3.04,0.54,9.0,6,white,7.13,28.696,0.2797,medium,low,0,14.925,0.00567,0
8.4,0.31,0.31,0.95,0.021,52.0,148.0,0.99038,2.93,0.32,11.5,5,white,9.02,27.097,0.3514,dry,high,0,0.959,0.00183,0
6.7,0.2,0.3,1.4,0.025,17.0,76.0,0.99104,3.11,0.44,11.0,6,white,7.2,33.5,0.2237,off_dry,high,0,1.413,0.00227,0
7.3,0.26,0.24,1.7,0.05,10.0,112.0,0.99286,3.11,0.43,9.9,5,white,7.8,28.077,0.0893,off_dry,medium,0,1.712,0.00505,0
6.3,0.22,0.22,5.6,0.039,31.0,128.0,0.99296,3.12,0.46,10.4,6,white,6.74,28.636,0.2422,medium,medium,0,5.64,0.00375,0
7.5,0.19,0.4,7.1,0.056,50.0,110.0,0.9954,3.06,0.52,9.9,6,white,8.09,39.473,0.4545,medium,medium,0,7.133,0.00566,0
8.0,0.14,0.33,1.2,0.045,71.0,162.0,0.9914,3.07,0.47,11.0,6,white,8.47,57.142,0.4383,off_dry,high,0,1.21,0.00409,0
6.8,0.32,0.39,9.6,0.026,34.0,124.0,0.99286,3.18,0.35,12.1,6,white,7.51,21.25,0.2742,medium,very_high,1,9.669,0.00215,0
6.6,0.23,0.2,11.4,0.044,45.0,131.0,0.99604,2.96,0.51,9.7,6,white,7.03,28.696,0.3435,medium,medium,0,11.445,0.00454,0
6.7,0.36,0.26,7.9,0.034,39.0,123.0,0.99119,2.99,0.3,12.2,7,white,7.32,18.611,0.3171,medium,very_high,1,7.97,0.00279,1
6.1,0.38,0.42,5.0,0.016,31.0,113.0,0.99007,3.15,0.31,12.4,7,white,6.9,16.053,0.2743,off_dry,very_high,1,5.05,0.00129,1
8.5,0.23,0.28,11.1,0.033,30.0,97.0,0.99507,3.03,0.39,10.5,7,white,9.01,36.956,0.3093,medium,medium,0,11.155,0.00314,1
7.0,0.2,0.31,8.0,0.05,29.0,213.0,0.99596,3.28,0.57,10.4,6,white,7.51,35.0,0.1362,medium,medium,0,8.032,0.00481,0
6.0,0.26,0.32,3.8,0.029,48.0,180.0,0.99011,3.15,0.34,12.0,6,white,6.58,23.077,0.2667,off_dry,high,1,3.838,0.00242,0
6.9,0.3,0.3,10.55,0.037,4.0,28.0,0.99184,3.07,0.32,12.7,6,white,7.5,23.0,0.1429,medium,very_high,1,10.637,0.00291,0
6.7,0.18,0.28,10.2,0.039,29.0,115.0,0.99469,3.11,0.45,10.9,7,white,7.16,37.222,0.2522,medium,high,0,10.254,0.00358,1
6.8,0.18,0.28,9.8,0.039,29.0,113.0,0.99406,3.11,0.45,10.9,7,white,7.26,37.778,0.2566,medium,high,0,9.859,0.00358,1
7.2,0.19,0.31,6.3,0.034,17.0,103.0,0.99305,3.15,0.52,11.4,7,white,7.7,37.895,0.165,medium,high,0,6.344,0.00298,1
6.2,0.16,0.32,1.1,0.036,74.0,184.0,0.99096,3.22,0.41,11.0,6,white,6.68,38.75,0.4022,off_dry,high,0,1.11,0.00327,0
5.0,0.27,0.32,4.5,0.032,58.0,178.0,0.98956,3.45,0.31,12.6,7,white,5.59,18.518,0.3258,off_dry,very_high,1,4.547,0.00254,1
6.3,0.37,0.28,6.3,0.034,45.0,152.0,0.9921,3.29,0.46,11.6,7,white,6.95,17.027,0.2961,medium,high,0,6.35,0.00293,1
6.6,0.2,0.27,10.9,0.038,29.0,130.0,0.99496,3.11,0.44,10.5,7,white,7.07,33.0,0.2231,medium,medium,0,10.955,0.00362,1
6.6,0.28,0.34,0.8,0.037,42.0,119.0,0.9888,3.03,0.37,12.5,6,white,7.22,23.571,0.3529,dry,very_high,1,0.809,0.00296,0
6.5,0.35,0.36,0.8,0.034,32.0,111.0,0.98942,3.11,0.5,12.1,8,white,7.21,18.571,0.2883,dry,very_high,1,0.809,0.00281,1
6.9,0.25,0.33,1.2,0.035,35.0,158.0,0.99082,3.02,0.58,11.3,6,white,7.48,27.6,0.2215,off_dry,high,0,1.211,0.0031,0
6.0,0.32,0.3,1.3,0.025,18.0,112.0,0.98802,3.07,0.64,13.3,7,white,6.62,18.75,0.1607,off_dry,very_high,1,1.316,0.00188,1
6.3,0.18,0.36,1.2,0.034,26.0,111.0,0.99074,3.16,0.51,11.0,6,white,6.84,35.0,0.2342,off_dry,high,0,1.211,0.00309,0
6.9,0.3,0.36,0.9,0.037,40.0,156.0,0.98968,3.08,0.36,12.1,6,white,7.56,23.0,0.2564,dry,very_high,1,0.909,0.00306,0
5.0,0.3,0.33,3.7,0.03,54.0,173.0,0.9887,3.36,0.3,13.0,7,white,5.63,16.667,0.3121,off_dry,very_high,1,3.742,0.00231,1
6.5,0.2,0.5,16.05,0.054,50.0,221.0,0.99941,2.94,0.64,8.8,6,white,7.2,32.5,0.2262,medium,low,0,16.059,0.00614,0
6.7,0.25,0.31,1.35,0.061,30.5,218.0,0.99388,3.16,0.53,9.5,5,white,7.26,26.8,0.1399,off_dry,medium,0,1.358,0.00642,0
6.6,0.22,0.36,5.5,0.029,30.0,105.0,0.99206,3.2,0.47,11.8,6,white,7.18,30.0,0.2857,medium,high,0,5.544,0.00246,0
6.8,0.25,0.37,3.1,0.026,29.0,93.0,0.99035,3.14,0.45,12.2,6,white,7.42,27.2,0.3118,off_dry,very_high,1,3.13,0.00213,0
7.0,0.13,0.37,12.85,0.042,36.0,105.0,0.99581,3.05,0.55,10.7,6,white,7.5,53.846,0.3429,medium,high,0,12.904,0.00393,0
7.0,0.45,0.34,16.05,0.04,12.0,67.0,0.9976,3.07,0.38,11.0,6,white,7.79,15.556,0.1791,medium,high,0,16.089,0.00364,0
7.2,0.32,0.3,8.25,0.02,14.0,104.0,0.99362,2.99,0.44,11.4,6,white,7.82,22.5,0.1346,medium,high,0,8.303,0.00175,0
5.9,0.34,0.3,3.8,0.035,57.0,135.0,0.99016,3.09,0.34,12.0,6,white,6.54,17.353,0.4222,off_dry,high,1,3.838,0.00292,0
6.8,0.22,0.31,6.9,0.037,33.0,121.0,0.99176,3.02,0.39,11.9,8,white,7.33,30.909,0.2727,medium,high,0,6.957,0.00311,1
8.4,0.32,0.35,11.7,0.029,3.0,46.0,0.99439,3.02,0.34,11.8,6,white,9.07,26.25,0.0652,medium,high,0,11.766,0.00246,0
6.8,0.27,0.29,4.6,0.046,6.0,88.0,0.99458,3.34,0.48,10.6,4,white,7.36,25.185,0.0682,off_dry,high,0,4.625,0.00434,0
8.0,0.6799999999999999,0.21,4.0,0.05,24.0,133.0,0.99418,3.06,0.38,9.7,5,white,8.89,11.765,0.1805,off_dry,medium,0,4.023,0.00515,0
5.4,0.22,0.29,1.2,0.045,69.0,152.0,0.99178,3.66,0.63,11.0,7,white,5.91,24.545,0.4539,off_dry,high,0,1.21,0.00409,1
8.4,0.22,0.3,8.9,0.024,17.0,118.0,0.99456,2.99,0.34,10.5,6,white,8.92,38.182,0.1441,medium,medium,0,8.949,0.00229,0
7.4,0.32,0.22,11.7,0.035,44.0,150.0,0.99578,3.1,0.45,10.4,5,white,7.94,23.125,0.2933,medium,medium,0,11.75,0.00337,0
7.5,0.18,0.37,6.2,0.05,21.0,138.0,0.99546,3.2,0.55,10.5,6,white,8.05,41.666,0.1522,medium,medium,0,6.228,0.00476,0
7.1,0.47,0.29,14.8,0.024,22.0,142.0,0.99518,3.12,0.48,12.0,8,white,7.86,15.106,0.1549,medium,high,1,14.872,0.002,1
5.8,0.19,0.25,10.8,0.042,33.0,124.0,0.99646,3.22,0.41,9.2,6,white,6.24,30.526,0.2661,medium,medium,0,10.838,0.00457,0
6.7,0.14,0.46,1.6,0.036,15.0,92.0,0.99264,3.37,0.49,10.9,5,white,7.3,47.857,0.163,off_dry,high,0,1.612,0.0033,0
6.8,0.24,0.38,8.3,0.045,50.0,185.0,0.99578,3.15,0.5,9.5,6,white,7.42,28.333,0.2703,medium,medium,0,8.335,0.00474,0
6.9,0.25,0.47,8.4,0.042,36.0,156.0,0.99604,3.15,0.55,9.4,6,white,7.62,27.6,0.2308,medium,medium,0,8.433,0.00447,0
6.0,0.24,0.33,2.5,0.026,31.0,85.0,0.99014,3.13,0.5,11.3,7,white,6.57,25.0,0.3647,off_dry,high,0,2.525,0.0023,1
6.8,0.29,0.34,3.5,0.054,26.0,189.0,0.99489,3.42,0.58,10.4,5,white,7.43,23.448,0.1376,off_dry,medium,0,3.518,0.00519,0
6.3,0.33,0.42,16.05,0.037,57.0,170.0,0.99884,3.26,0.57,9.4,6,white,7.05,19.091,0.3353,medium,medium,0,16.069,0.00394,0
6.5,0.23,0.45,2.1,0.027,43.0,104.0,0.99054,3.02,0.52,11.3,6,white,7.18,28.261,0.4135,off_dry,high,0,2.12,0.00239,0
6.3,0.27,0.29,12.2,0.044,59.0,196.0,0.99782,3.14,0.4,8.8,6,white,6.86,23.333,0.301,medium,low,0,12.227,0.005,0
6.3,0.2,0.37,11.8,0.045,58.0,130.0,0.99519,3.2,0.35,10.8,5,white,6.87,31.5,0.4462,medium,high,0,11.857,0.00417,0
6.2,0.33,0.41,16.05,0.037,58.0,173.0,0.99882,3.25,0.57,9.4,6,white,6.94,18.788,0.3353,medium,medium,0,16.069,0.00394,0
7.2,0.21,0.6400000000000001,1.1,0.10800000000000001,46.0,114.0,0.9931,2.95,0.43,9.2,6,white,8.05,34.286,0.4035,off_dry,medium,0,1.108,0.01174,0
6.0,0.27,0.3,14.7,0.044,15.0,144.0,0.99666,3.12,0.53,10.3,6,white,6.57,22.222,0.1042,medium,medium,0,14.749,0.00427,0
5.7,0.12,0.26,5.5,0.034,21.0,99.0,0.99324,3.09,0.57,9.9,6,white,6.08,47.5,0.2121,medium,medium,0,5.537,0.00343,0
6.9,0.24,0.37,6.1,0.027,38.0,112.0,0.99086,3.19,0.34,12.4,6,white,7.51,28.75,0.3393,medium,very_high,1,6.156,0.00218,0
7.7,0.18,0.53,1.2,0.041,42.0,167.0,0.9908,3.11,0.44,11.9,5,white,8.41,42.778,0.2515,off_dry,high,0,1.211,0.00345,0
7.1,0.17,0.43,1.3,0.023,33.0,132.0,0.99067,3.11,0.56,11.7,6,white,7.7,41.764,0.25,off_dry,high,0,1.312,0.00197,0
7.5,0.33,0.38,8.7,0.10800000000000001,49.0,199.0,0.99711,2.98,0.57,9.4,5,white,8.21,22.727,0.2462,medium,medium,0,8.725,0.01149,0
6.2,0.255,0.24,1.7,0.039,78.5,272.0,0.99452,3.53,0.53,9.6,4,white,6.695,24.314,0.2886,off_dry,medium,0,1.709,0.00406,0
5.6,0.2,0.6400000000000001,10.2,0.043,78.0,175.0,0.9945,2.98,0.43,10.4,7,white,6.44,28.0,0.4457,medium,medium,0,10.256,0.00413,1
7.6,0.17,0.36,4.5,0.042,26.0,102.0,0.99427,3.09,0.47,9.5,5,white,8.13,44.706,0.2549,off_dry,medium,0,4.526,0.00442,0
5.8,0.15,0.31,5.9,0.036,7.0,73.0,0.99152,3.2,0.43,11.9,6,white,6.26,38.666,0.0959,medium,high,0,5.95,0.00303,0
6.3,0.25,0.44,1.7,0.024,36.0,116.0,0.98935,3.18,0.4,12.5,6,white,6.99,25.2,0.3103,off_dry,very_high,1,1.718,0.00192,0
6.9,0.28,0.41,1.4,0.016,6.0,55.0,0.98876,3.16,0.4,13.4,5,white,7.59,24.643,0.1091,off_dry,very_high,1,1.416,0.00119,0
7.2,0.27,0.37,5.4,0.026,27.0,114.0,0.99174,3.13,0.84,12.7,5,white,7.84,26.667,0.2368,medium,very_high,1,5.445,0.00205,0
6.2,0.25,0.38,7.9,0.045,54.0,208.0,0.99572,3.17,0.46,9.1,5,white,6.83,24.8,0.2596,medium,medium,0,7.934,0.00495,0
8.5,0.19,0.48,1.1,0.026,23.0,58.0,0.99184,2.9,0.5,10.5,6,white,9.17,44.737,0.3966,off_dry,medium,0,1.109,0.00248,0
6.2,0.25,0.54,7.0,0.046,58.0,176.0,0.99454,3.19,0.7,10.4,5,white,6.99,24.8,0.3295,medium,medium,0,7.038,0.00442,0
6.8,0.28,0.43,7.6,0.03,30.0,110.0,0.99164,3.08,0.59,12.5,8,white,7.51,24.286,0.2727,medium,very_high,1,7.664,0.0024,1
7.4,0.21,0.6400000000000001,12.3,0.038,77.0,183.0,0.99778,2.95,0.48,9.0,5,white,8.25,35.238,0.4208,medium,low,0,12.327,0.00422,0
7.0,0.15,0.38,15.3,0.045,54.0,120.0,0.9975,3.18,0.42,9.8,6,white,7.53,46.666,0.45,medium,medium,0,15.338,0.00459,0
7.3,0.28,0.42,1.2,0.033,29.0,142.0,0.99205,3.17,0.43,10.7,4,white,8.0,26.071,0.2042,off_dry,high,0,1.21,0.00308,0
6.1,0.18,0.38,2.3,0.033,28.0,111.0,0.98962,3.16,0.49,12.4,6,white,6.66,33.889,0.2523,off_dry,very_high,1,2.324,0.00266,0
7.0,0.53,0.43,6.1,0.029,6.0,76.0,0.99118,3.08,0.5,12.5,8,white,7.96,13.208,0.0789,medium,very_high,1,6.154,0.00232,1
6.5,0.36,0.38,10.2,0.028,20.0,82.0,0.99274,3.1,0.43,12.1,7,white,7.24,18.056,0.2439,medium,very_high,1,10.275,0.00231,1
7.5,0.25,0.47,4.1,0.041,78.5,163.0,0.99184,2.92,0.59,11.3,6,white,8.22,30.0,0.4816,off_dry,high,0,4.134,0.00363,0
6.7,0.24,0.41,2.9,0.039,48.0,122.0,0.99052,3.25,0.43,12.0,5,white,7.35,27.917,0.3934,off_dry,high,1,2.928,0.00325,0
6.6,0.25,0.33,8.5,0.042,29.0,141.0,0.99546,3.28,0.6,10.4,5,white,7.18,26.4,0.2057,medium,medium,0,8.539,0.00404,0
6.4,0.15,0.4,1.5,0.042,23.0,87.0,0.98972,3.11,0.46,12.2,7,white,6.95,42.666,0.2644,off_dry,very_high,1,1.516,0.00344,1
6.3,0.28,0.3,3.1,0.039,24.0,115.0,0.9942,3.05,0.43,8.6,5,white,6.88,22.5,0.2087,off_dry,low,0,3.118,0.00453,0
7.1,0.28,0.35,3.5,0.028,35.0,91.0,0.99022,2.96,0.33,12.1,5,white,7.73,25.357,0.3846,off_dry,very_high,1,3.535,0.00231,0
6.6,0.35,0.34,4.9,0.032,9.0,125.0,0.99253,3.32,0.81,12.0,5,white,7.29,18.857,0.072,off_dry,high,1,4.937,0.00267,0
6.0,0.35,0.51,1.2,0.029,10.0,102.0,0.9903,3.46,0.42,11.9,6,white,6.86,17.143,0.098,off_dry,high,0,1.212,0.00244,0
5.8,0.31,0.32,4.5,0.024,28.0,94.0,0.98906,3.25,0.52,13.7,7,white,6.43,18.71,0.2979,off_dry,very_high,1,4.55,0.00175,1
6.6,0.17,0.35,2.6,0.03,33.0,78.0,0.99146,3.22,0.72,11.3,6,white,7.12,38.823,0.4231,off_dry,high,0,2.622,0.00265,0
8.5,0.23,0.4,9.9,0.036,24.0,88.0,0.9951,3.02,0.42,10.5,6,white,9.13,36.956,0.2727,medium,medium,0,9.949,0.00343,0
6.1,0.2,0.34,9.5,0.041,38.0,201.0,0.995,3.14,0.44,10.1,3,white,6.64,30.5,0.1891,medium,medium,0,9.548,0.00406,0
6.3,0.37,0.37,1.5,0.024,12.0,76.0,0.98876,2.94,0.39,12.3,6,white,7.04,17.027,0.1579,off_dry,very_high,1,1.517,0.00195,0
6.2,0.36,0.38,3.2,0.031,20.0,89.0,0.98956,3.06,0.33,12.0,7,white,6.94,17.222,0.2247,off_dry,high,1,3.234,0.00258,1
6.3,0.28,0.47,11.2,0.04,61.0,183.0,0.99592,3.12,0.51,9.5,6,white,7.05,22.5,0.3333,medium,medium,0,11.246,0.00421,0
7.6,0.27,0.52,3.2,0.043,28.0,152.0,0.99129,3.02,0.53,11.4,6,white,8.39,28.148,0.1842,off_dry,high,0,3.228,0.00377,0
7.0,0.25,0.45,2.3,0.045,40.0,118.0,0.99064,3.16,0.48,11.9,7,white,7.7,28.0,0.339,off_dry,high,0,2.322,0.00378,1
9.65,0.24,0.49,4.9,0.032,3.0,18.0,0.99368,2.85,0.54,10.0,6,white,10.38,40.208,0.1667,off_dry,medium,0,4.931,0.0032,0
6.8,0.13,0.39,1.4,0.034,19.0,102.0,0.99121,3.23,0.6,11.3,7,white,7.32,52.307,0.1863,off_dry,high,0,1.412,0.00301,1
6.6,0.6799999999999999,0.5,1.5,0.045,30.0,133.0,0.99104,3.25,0.48,11.7,5,white,7.78,9.706,0.2256,off_dry,high,0,1.514,0.00385,0
5.1,0.33,0.27,6.7,0.022,44.0,129.0,0.99221,3.36,0.39,11.0,7,white,5.7,15.454,0.3411,medium,high,0,6.753,0.002,1
6.7,0.34,0.4,2.1,0.033,34.0,111.0,0.98924,2.97,0.48,12.2,7,white,7.44,19.706,0.3063,off_dry,very_high,1,2.123,0.0027,1
6.7,0.14,0.51,4.3,0.028,57.0,124.0,0.99176,2.91,0.54,10.7,7,white,7.35,47.857,0.4597,off_dry,high,0,4.336,0.00262,1
7.0,0.26,0.34,10.9,0.038,25.0,84.0,0.99432,3.11,0.34,10.9,6,white,7.6,26.923,0.2976,medium,high,0,10.962,0.00349,0
6.5,0.29,0.26,7.0,0.04,18.0,113.0,0.99366,3.17,0.38,10.2,6,white,7.05,22.414,0.1593,medium,medium,0,7.045,0.00392,0
7.6,0.21,0.49,2.5,0.047,20.0,130.0,0.99178,3.15,0.48,11.1,5,white,8.3,36.19,0.1538,off_dry,high,0,2.521,0.00423,0
7.7,0.26,0.51,2.6,0.045,26.0,159.0,0.99126,3.0,0.5,11.2,6,white,8.47,29.615,0.1635,off_dry,high,0,2.623,0.00402,0
7.7,0.25,0.49,2.5,0.047,31.0,169.0,0.99252,3.07,0.57,10.6,6,white,8.44,30.8,0.1834,off_dry,high,0,2.519,0.00443,0
7.6,0.35,0.46,14.7,0.047,33.0,151.0,0.99709,3.03,0.53,10.3,5,white,8.41,21.714,0.2185,medium,medium,0,14.743,0.00456,0
6.9,0.3,0.36,4.5,0.054,31.0,203.0,0.99513,3.4,0.57,10.4,4,white,7.56,23.0,0.1527,off_dry,medium,0,4.522,0.00519,0
6.7,0.24,0.46,2.2,0.033,19.0,111.0,0.99045,3.1,0.62,11.9,6,white,7.4,27.917,0.1712,off_dry,high,0,2.221,0.00277,0
6.5,0.23,0.39,1.9,0.036,41.0,98.0,0.99,3.19,0.43,11.9,7,white,7.12,28.261,0.4184,off_dry,high,0,1.919,0.00303,1
7.6,0.23,0.34,1.6,0.043,24.0,129.0,0.99305,3.12,0.7,10.4,5,white,8.17,33.043,0.186,off_dry,medium,0,1.611,0.00413,0
6.5,0.24,0.39,16.05,0.052,22.0,126.0,0.99888,3.11,0.47,9.2,6,white,7.13,27.083,0.1746,medium,medium,0,16.068,0.00565,0
6.3,0.17,0.32,4.2,0.04,37.0,117.0,0.99182,3.24,0.43,11.3,6,white,6.79,37.059,0.3162,off_dry,high,0,4.235,0.00354,0
6.7,0.21,0.37,2.5,0.034,35.0,89.0,0.9913,3.25,0.5,11.0,7,white,7.28,31.905,0.3933,off_dry,high,0,2.522,0.00309,1
5.9,0.28,0.39,1.4,0.031,47.0,147.0,0.98836,3.08,0.64,12.9,7,white,6.57,21.071,0.3197,off_dry,very_high,1,1.416,0.0024,1
5.9,0.19,0.37,0.8,0.027,3.0,21.0,0.9897,3.09,0.31,10.8,5,white,6.46,31.052,0.1429,dry,high,0,0.808,0.0025,0
6.2,0.25,0.42,8.0,0.049,53.0,206.0,0.99586,3.16,0.47,9.1,6,white,6.87,24.8,0.2573,medium,medium,0,8.033,0.00538,0
5.6,0.18,0.27,1.7,0.03,31.0,103.0,0.98892,3.35,0.37,12.9,6,white,6.05,31.111,0.301,off_dry,very_high,1,1.719,0.00233,0
5.5,0.18,0.22,5.5,0.037,10.0,86.0,0.99156,3.46,0.44,12.2,5,white,5.9,30.555,0.1163,medium,very_high,1,5.547,0.00303,0
7.4,0.23,0.38,8.6,0.052,41.0,150.0,0.99534,3.06,0.46,10.3,5,white,8.01,32.174,0.2733,medium,medium,0,8.64,0.00505,0
7.2,0.17,0.37,6.9,0.059,47.0,128.0,0.99322,3.08,0.46,11.0,7,white,7.74,42.353,0.3672,medium,high,0,6.947,0.00536,1
7.6,0.3,0.38,2.1,0.043,10.0,98.0,0.99296,3.17,0.65,11.0,5,white,8.28,25.333,0.102,off_dry,high,0,2.115,0.00391,0
5.0,0.24,0.21,2.2,0.039,31.0,100.0,0.99098,3.66,0.62,11.7,6,white,5.45,20.833,0.31,off_dry,high,0,2.22,0.00333,0
6.1,0.21,0.38,1.5,0.039,37.0,122.0,0.98972,3.2,0.43,12.0,6,white,6.69,29.047,0.3033,off_dry,high,1,1.516,0.00325,0
6.5,0.33,0.38,2.5,0.047,30.0,148.0,0.98964,3.17,0.43,12.7,6,white,7.21,19.697,0.2027,off_dry,very_high,1,2.526,0.0037,0
6.3,0.35,0.26,16.05,0.061,59.0,198.0,0.99918,3.11,0.49,8.8,5,white,6.91,18.0,0.298,medium,low,0,16.063,0.00693,0
6.6,0.25,0.35,2.9,0.034,38.0,121.0,0.99008,3.19,0.4,12.8,6,white,7.2,26.4,0.314,off_dry,very_high,1,2.929,0.00266,0
6.5,0.16,0.33,4.8,0.043,45.0,114.0,0.992,3.18,0.44,11.2,6,white,6.99,40.625,0.3947,off_dry,high,0,4.839,0.00384,0
6.6,0.39,0.39,11.9,0.057,51.0,221.0,0.99851,3.26,0.51,8.9,6,white,7.38,16.923,0.2308,medium,low,0,11.918,0.0064,0
5.6,0.19,0.27,0.9,0.04,52.0,103.0,0.99026,3.5,0.39,11.2,5,white,6.06,29.474,0.5049,dry,high,0,0.909,0.00357,0
6.2,0.25,0.39,1.3,0.051,42.0,135.0,0.9906,3.23,0.4,11.1,6,white,6.84,24.8,0.3111,off_dry,high,0,1.312,0.00459,0
6.9,0.22,0.43,6.4,0.042,34.0,115.0,0.99293,3.05,0.51,10.8,6,white,7.55,31.363,0.2957,medium,high,0,6.446,0.00389,0
6.2,0.19,0.29,4.3,0.045,33.0,126.0,0.99658,3.18,0.42,9.3,6,white,6.68,32.631,0.2619,off_dry,medium,0,4.315,0.00484,0
5.9,0.33,0.32,8.1,0.038,9.0,34.0,0.9911,3.22,0.36,12.7,7,white,6.55,17.879,0.2647,medium,very_high,1,8.173,0.00299,1
7.8,0.17,0.5,1.3,0.045,35.0,140.0,0.9904,3.16,0.4,12.0,6,white,8.47,45.882,0.25,off_dry,high,1,1.313,0.00375,0
5.5,0.19,0.27,0.9,0.04,52.0,103.0,0.99026,3.5,0.39,11.2,5,white,5.96,28.947,0.5049,dry,high,0,0.909,0.00357,0
6.2,0.23,0.36,16.05,0.039,37.0,130.0,0.99946,3.23,0.43,8.8,6,white,6.79,26.956,0.2846,medium,low,0,16.059,0.00443,0
7.2,0.32,0.4,8.7,0.038,45.0,154.0,0.99568,3.2,0.47,10.4,6,white,7.92,22.5,0.2922,medium,medium,0,8.738,0.00365,0
5.8,0.39,0.47,7.5,0.027,12.0,88.0,0.9907,3.38,0.45,14.0,6,white,6.66,14.872,0.1364,medium,very_high,1,7.57,0.00193,0
7.6,0.25,0.6400000000000001,4.6,0.035,51.0,272.125,0.99018,3.03,0.43,13.1,6,white,8.49,30.4,0.1874,off_dry,very_high,1,4.646,0.00267,0
5.8,0.29,0.33,3.7,0.029,30.0,88.0,0.98994,3.25,0.42,12.3,6,white,6.42,20.0,0.3409,off_dry,very_high,1,3.738,0.00236,0
7.2,0.4,0.38,2.2,0.03,40.0,109.0,0.99075,3.27,0.46,12.6,6,white,7.98,18.0,0.367,off_dry,very_high,1,2.221,0.00238,0
6.8,0.39,0.34,7.4,0.02,38.0,133.0,0.99212,3.18,0.44,12.0,7,white,7.53,17.436,0.2857,medium,high,1,7.459,0.00167,1
6.1,0.17,0.42,15.1,0.033,28.0,124.0,0.99684,2.87,0.47,9.5,5,white,6.69,35.882,0.2258,medium,medium,0,15.148,0.00347,0
7.1,0.36,0.37,4.8,0.019,39.0,114.0,0.99036,3.08,0.49,12.7,7,white,7.83,19.722,0.3421,off_dry,very_high,1,4.847,0.0015,1
6.9,0.19,0.32,7.9,0.042,30.0,130.0,0.99456,3.4,0.39,10.5,6,white,7.41,36.316,0.2308,medium,medium,0,7.943,0.004,0
6.5,0.34,0.46,1.0,0.023,6.0,80.0,0.98865,3.15,0.54,12.9,6,white,7.3,19.118,0.075,dry,very_high,1,1.011,0.00178,0
7.8,0.3,0.36,4.6,0.024,20.0,198.0,0.99222,3.06,0.66,11.9,6,white,8.46,26.0,0.101,off_dry,high,0,4.636,0.00202,0
6.1,0.6799999999999999,0.52,1.4,0.037,32.0,123.0,0.99022,3.24,0.45,12.0,6,white,7.3,8.971,0.2602,off_dry,high,1,1.414,0.00308,0
5.2,0.34,0.37,6.2,0.031,42.0,133.0,0.99076,3.25,0.41,12.5,6,white,5.91,15.294,0.3158,medium,very_high,1,6.258,0.00248,0
5.6,0.28,0.4,6.1,0.034,36.0,118.0,0.99144,3.21,0.43,12.1,7,white,6.28,20.0,0.3051,medium,very_high,1,6.153,0.00281,1
6.2,0.19,0.38,5.1,0.019,22.0,82.0,0.98961,3.05,0.36,12.5,6,white,6.77,32.631,0.2683,medium,very_high,1,5.154,0.00152,0
5.7,0.16,0.26,6.3,0.043,28.0,113.0,0.9936,3.06,0.58,9.9,6,white,6.12,35.625,0.2478,medium,medium,0,6.341,0.00434,0
7.6,0.17,0.46,0.9,0.036,63.0,147.0,0.99126,3.02,0.41,10.7,6,white,8.23,44.706,0.4286,dry,high,0,0.908,0.00336,0
7.3,0.2,0.39,2.3,0.048,24.0,87.0,0.99044,2.94,0.35,12.0,6,white,7.89,36.5,0.2759,off_dry,high,1,2.322,0.004,0
6.7,0.33,0.36,6.6,0.042,34.0,116.0,0.99123,2.97,0.31,12.2,8,white,7.39,20.303,0.2931,medium,very_high,1,6.658,0.00344,1
6.7,0.33,0.34,7.5,0.036,39.0,124.0,0.99123,2.99,0.32,12.4,8,white,7.37,20.303,0.3145,medium,very_high,1,7.566,0.0029,1
6.9,0.36,0.35,8.6,0.038,37.0,125.0,0.9916,3.0,0.32,12.4,8,white,7.61,19.167,0.296,medium,very_high,1,8.673,0.00306,1
7.8,0.21,0.34,11.9,0.039,55.0,140.0,0.9959,3.02,0.31,10.3,6,white,8.35,37.143,0.3929,medium,medium,0,11.949,0.00379,0
5.6,0.41,0.22,7.1,0.05,44.0,154.0,0.9931,3.3,0.4,10.5,5,white,6.23,13.659,0.2857,medium,medium,0,7.149,0.00476,0
7.6,0.15,0.35,4.3,0.051,23.0,98.0,0.99422,3.1,0.44,9.5,6,white,8.1,50.666,0.2347,off_dry,medium,0,4.325,0.00537,0
8.5,0.2,0.4,1.1,0.046,31.0,106.0,0.99194,3.0,0.35,10.5,4,white,9.1,42.5,0.2925,off_dry,medium,0,1.109,0.00438,0
6.5,0.24,0.38,1.0,0.027,31.0,90.0,0.98926,3.24,0.36,12.3,6,white,7.12,27.083,0.3444,dry,very_high,1,1.011,0.0022,0
8.3,0.16,0.37,7.9,0.025,38.0,107.0,0.99306,2.93,0.37,11.9,6,white,8.83,51.875,0.3551,medium,high,0,7.955,0.0021,0
5.5,0.12,0.33,1.0,0.038,23.0,131.0,0.99164,3.25,0.45,9.8,5,white,5.95,45.833,0.1756,dry,medium,0,1.008,0.00388,0
6.2,0.1,0.41,1.0,0.04,17.0,76.0,0.98988,3.14,0.56,11.4,7,white,6.71,61.999,0.2237,dry,high,0,1.01,0.00351,1
6.5,0.21,0.4,7.3,0.041,49.0,115.0,0.99268,3.21,0.43,11.0,6,white,7.11,30.952,0.4261,medium,high,0,7.354,0.00373,0
8.7,0.3,0.59,1.7,0.046,10.0,70.0,0.99373,3.06,0.56,10.8,4,white,9.59,29.0,0.1429,off_dry,high,0,1.711,0.00426,0
6.7,0.18,0.37,1.3,0.027,42.0,125.0,0.98939,3.24,0.37,12.8,7,white,7.25,37.222,0.336,off_dry,very_high,1,1.314,0.00211,1
7.0,0.17,0.36,6.4,0.055,42.0,123.0,0.99318,3.11,0.5,11.0,8,white,7.53,41.176,0.3415,medium,high,0,6.444,0.005,1
6.6,0.19,0.33,1.8,0.035,42.0,148.0,0.99196,3.15,0.36,10.2,5,white,7.12,34.737,0.2838,off_dry,medium,0,1.815,0.00343,0
5.8,0.28,0.3,1.5,0.026,31.0,114.0,0.98952,3.32,0.6,12.5,7,white,6.38,20.714,0.2719,off_dry,very_high,1,1.516,0.00208,1
7.6,0.24,0.44,3.8,0.037,49.0,146.0,0.9911,3.06,0.37,11.6,6,white,8.28,31.667,0.3356,off_dry,high,0,3.834,0.00319,0
5.7,0.16,0.32,1.2,0.036,7.0,89.0,0.99111,3.26,0.48,11.0,5,white,6.18,35.625,0.0787,off_dry,high,0,1.211,0.00327,0
7.0,0.21,0.42,5.3,0.037,36.0,123.0,0.99321,3.14,0.52,10.9,6,white,7.63,33.333,0.2927,medium,high,0,5.336,0.00339,0
6.4,0.22,0.38,9.1,0.044,35.0,127.0,0.99326,2.97,0.3,11.0,7,white,7.0,29.091,0.2756,medium,high,0,9.162,0.004,1
7.9,0.34,0.44,6.5,0.027,47.0,126.0,0.99124,2.96,0.37,12.5,6,white,8.68,23.235,0.373,medium,very_high,1,6.557,0.00216,0
6.8,0.21,0.4,6.3,0.032,40.0,121.0,0.99214,3.18,0.53,12.0,7,white,7.41,32.381,0.3306,medium,high,1,6.35,0.00267,1
5.2,0.31,0.36,5.1,0.031,46.0,145.0,0.9897,3.14,0.31,12.4,7,white,5.87,16.774,0.3172,medium,very_high,1,5.153,0.0025,1
5.6,0.42,0.34,2.4,0.022,34.0,97.0,0.98915,3.22,0.38,12.8,7,white,6.36,13.333,0.3505,off_dry,very_high,1,2.426,0.00172,1
6.8,0.28,0.34,7.5,0.035,34.0,177.0,0.99692,3.33,0.43,9.1,5,white,7.42,24.286,0.1921,medium,medium,0,7.523,0.00385,0
6.8,0.45,0.36,5.0,0.033,28.0,156.0,0.991,3.11,0.4,12.4,7,white,7.61,15.111,0.1795,off_dry,very_high,1,5.045,0.00266,1
6.6,0.29,0.39,6.75,0.031,22.0,98.0,0.9913,3.15,0.8,12.9,7,white,7.28,22.759,0.2245,medium,very_high,1,6.809,0.0024,1
6.8,0.21,0.42,1.2,0.045,24.0,126.0,0.99234,3.09,0.855,10.9,6,white,7.43,32.381,0.1905,off_dry,high,0,1.209,0.00413,0
6.8,0.25,0.24,1.6,0.045,39.0,164.0,0.99402,3.53,0.58,10.8,5,white,7.29,27.2,0.2378,off_dry,high,0,1.61,0.00417,0
6.4,0.21,0.34,16.05,0.04,56.0,142.0,0.99678,3.11,0.38,10.6,5,white,6.95,30.476,0.3944,medium,high,0,16.102,0.00377,0
5.8,0.33,0.23,5.0,0.053,29.0,106.0,0.99458,3.13,0.52,9.0,5,white,6.36,17.576,0.2736,off_dry,low,0,5.027,0.00589,0
8.2,0.3,0.44,12.4,0.043,52.0,154.0,0.99452,3.04,0.33,12.0,6,white,8.94,27.333,0.3377,medium,high,1,12.468,0.00358,0
6.4,0.24,0.32,0.95,0.041,23.0,131.0,0.99033,3.25,0.35,11.8,5,white,6.96,26.667,0.1756,dry,high,0,0.959,0.00347,0
7.5,0.18,0.45,4.6,0.041,67.0,158.0,0.9927,3.01,0.38,10.6,6,white,8.13,41.666,0.4241,off_dry,high,0,4.634,0.00387,0
5.2,0.335,0.2,1.7,0.033,17.0,74.0,0.99002,3.34,0.48,12.3,6,white,5.735,15.522,0.2297,off_dry,very_high,1,1.717,0.00268,0
7.1,0.14,0.33,1.0,0.104,20.0,54.0,0.99057,3.19,0.64,11.5,6,white,7.57,50.714,0.3704,dry,high,0,1.01,0.00904,0
7.2,0.13,0.46,1.3,0.044,48.0,111.0,0.99127,2.97,0.45,11.1,5,white,7.79,55.384,0.4324,off_dry,high,0,1.311,0.00396,0
6.5,0.29,0.25,2.5,0.10800000000000001,8.0,111.0,0.9927,3.0,0.44,9.9,4,white,7.04,22.414,0.0721,off_dry,medium,0,2.518,0.01091,0
6.2,0.35,0.31,2.6,0.036,37.0,92.0,0.98938,3.27,0.53,12.8,7,white,6.86,17.714,0.4022,off_dry,very_high,1,2.628,0.00281,1
9.0,0.38,0.53,2.1,0.102,19.0,76.0,0.99001,2.93,0.57,12.9,5,white,9.91,23.684,0.25,off_dry,very_high,1,2.121,0.00791,0
6.6,0.24,0.38,12.75,0.034,8.0,74.0,0.99386,3.1,0.57,12.9,6,white,7.22,27.5,0.1081,medium,very_high,1,12.829,0.00264,0
6.6,0.16,0.34,1.1,0.037,41.0,115.0,0.9899,3.01,0.68,12.0,6,white,7.1,41.25,0.3565,off_dry,high,1,1.111,0.00308,0
5.7,0.15,0.28,3.7,0.045,57.0,151.0,0.9913,3.22,0.27,11.2,6,white,6.13,38.0,0.3775,off_dry,high,0,3.732,0.00402,0
6.6,0.33,0.4,2.65,0.041,35.0,86.0,0.98916,3.11,0.39,13.3,7,white,7.33,20.0,0.407,off_dry,very_high,1,2.679,0.00308,1
5.7,0.2,0.3,2.5,0.046,38.0,125.0,0.99276,3.34,0.5,9.9,6,white,6.2,28.5,0.304,off_dry,medium,0,2.518,0.00465,0
6.8,0.27,0.37,8.2,0.055,52.0,192.0,0.99586,3.11,0.52,9.5,6,white,7.44,25.185,0.2708,medium,medium,0,8.234,0.00579,0
6.8,0.27,0.42,7.3,0.054,58.0,200.0,0.99556,3.12,0.49,9.4,6,white,7.49,25.185,0.29,medium,medium,0,7.333,0.00574,0
6.2,0.2,0.26,1.1,0.047,42.0,119.0,0.99158,3.48,0.6,11.0,7,white,6.66,31.0,0.3529,off_dry,high,0,1.109,0.00427,1
6.7,0.13,0.57,6.6,0.056,60.0,150.0,0.99548,2.96,0.43,9.4,6,white,7.4,51.538,0.4,medium,medium,0,6.63,0.00596,0
6.8,0.21,0.37,7.0,0.038,27.0,107.0,0.99206,2.98,0.82,11.5,6,white,7.38,32.381,0.2523,medium,high,0,7.056,0.0033,0
6.7,0.31,0.32,14.5,0.038,6.0,79.0,0.99412,3.14,0.34,12.5,5,white,7.33,21.613,0.0759,medium,very_high,1,14.586,0.00304,0
6.2,0.2,0.29,11.8,0.035,21.0,93.0,0.99364,3.18,0.34,11.9,6,white,6.69,31.0,0.2258,medium,high,0,11.876,0.00294,0
6.6,0.25,0.34,3.0,0.054,22.0,141.0,0.99338,3.26,0.47,10.4,6,white,7.19,26.4,0.156,off_dry,medium,0,3.02,0.00519,0
6.9,0.22,0.39,6.0,0.035,44.0,141.0,0.99123,3.11,0.33,12.5,6,white,7.51,31.363,0.3121,medium,very_high,1,6.053,0.0028,0
6.4,0.23,0.35,4.6,0.039,43.0,147.0,0.99216,3.18,0.4,11.0,7,white,6.98,27.826,0.2925,off_dry,high,0,4.636,0.00355,1
7.6,0.27,0.29,2.5,0.059,37.0,115.0,0.99328,3.09,0.37,9.8,5,white,8.16,28.148,0.3217,off_dry,medium,0,2.517,0.00602,0
6.6,0.34,0.24,3.3,0.034,29.0,99.0,0.99031,3.1,0.4,12.3,7,white,7.18,19.412,0.2929,off_dry,very_high,1,3.332,0.00276,1
6.4,0.16,0.42,1.0,0.036,29.0,113.0,0.9908,3.18,0.52,11.0,6,white,6.98,40.0,0.2566,dry,high,0,1.009,0.00327,0
5.8,0.3,0.42,1.1,0.036,19.0,113.0,0.98871,3.1,0.46,12.6,7,white,6.52,19.333,0.1681,off_dry,very_high,1,1.113,0.00286,1
7.0,0.29,0.35,1.4,0.036,42.0,109.0,0.99119,3.31,0.62,11.6,6,white,7.64,24.138,0.3853,off_dry,high,0,1.412,0.0031,0
6.7,0.21,0.36,8.55,0.02,20.0,86.0,0.99146,3.19,0.22,13.4,7,white,7.27,31.905,0.2326,medium,very_high,1,8.624,0.00149,1
6.8,0.22,0.41,6.7,0.034,39.0,116.0,0.99245,3.18,0.46,11.5,6,white,7.43,30.909,0.3362,medium,high,0,6.751,0.00296,0
7.7,0.27,0.49,3.8,0.037,46.0,139.0,0.99116,3.04,0.38,11.6,6,white,8.46,28.518,0.3309,off_dry,high,0,3.834,0.00319,0
6.4,0.25,0.37,4.5,0.039,41.0,147.0,0.9921,3.18,0.4,11.1,7,white,7.02,25.6,0.2789,off_dry,high,0,4.536,0.00351,1
6.7,0.13,0.45,4.2,0.043,52.0,131.0,0.99162,3.06,0.54,11.3,6,white,7.28,51.538,0.3969,off_dry,high,0,4.235,0.00381,0
6.7,0.24,0.37,11.3,0.043,64.0,173.0,0.99632,3.08,0.53,9.9,6,white,7.31,27.917,0.3699,medium,medium,0,11.342,0.00434,0
7.1,0.26,0.37,5.5,0.025,31.0,105.0,0.99082,3.06,0.33,12.6,8,white,7.73,27.308,0.2952,medium,very_high,1,5.551,0.00198,1
5.3,0.3,0.16,4.2,0.029,37.0,100.0,0.9905,3.3,0.36,11.8,8,white,5.76,17.667,0.37,off_dry,high,0,4.24,0.00246,1
7.1,0.38,0.4,2.2,0.042,54.0,201.0,0.99177,3.03,0.5,11.4,5,white,7.88,18.684,0.2687,off_dry,high,0,2.218,0.00368,0
7.4,0.19,0.31,14.5,0.045,39.0,193.0,0.9986,3.1,0.5,9.2,6,white,7.9,38.947,0.2021,medium,medium,0,14.52,0.00489,0
6.3,0.32,0.32,1.5,0.03,24.0,101.0,0.98923,3.21,0.42,13.0,5,white,6.94,19.687,0.2376,off_dry,very_high,1,1.516,0.00231,0
7.6,0.19,0.32,16.05,0.047,32.0,193.0,1.00014,3.1,0.5,9.3,7,white,8.11,40.0,0.1658,medium,medium,0,16.048,0.00505,1
6.5,0.26,0.31,3.6,0.03,36.0,92.0,0.99026,3.22,0.62,12.6,8,white,7.07,25.0,0.3913,off_dry,very_high,1,3.635,0.00238,1
5.9,0.24,0.12,1.4,0.035,60.0,247.0,0.99358,3.34,0.44,9.6,6,white,6.26,24.583,0.2429,off_dry,medium,0,1.409,0.00365,0
4.450000000000001,0.215,0.23,5.1,0.041,64.0,157.0,0.99688,3.42,0.44,8.0,3,white,4.895,20.698,0.4076,medium,low,0,5.116,0.00512,0
8.1,0.24,0.32,10.5,0.03,34.0,105.0,0.99407,3.11,0.42,11.8,6,white,8.66,33.75,0.3238,medium,high,0,10.563,0.00254,0
5.8,0.23,0.2,2.0,0.043,39.0,154.0,0.99226,3.21,0.39,10.2,6,white,6.23,25.217,0.2532,off_dry,medium,0,2.016,0.00422,0
7.5,0.33,0.36,2.6,0.051,26.0,126.0,0.99097,3.32,0.53,12.7,6,white,8.19,22.727,0.2063,off_dry,very_high,1,2.624,0.00402,0
6.6,0.38,0.36,9.2,0.061,42.0,214.0,0.9976,3.31,0.56,9.4,5,white,7.34,17.368,0.1963,medium,medium,0,9.222,0.00649,0
6.4,0.15,0.29,1.8,0.044,21.0,115.0,0.99166,3.1,0.38,10.2,5,white,6.84,42.666,0.1826,off_dry,medium,0,1.815,0.00431,0
6.5,0.32,0.34,5.7,0.044,27.0,91.0,0.99184,3.28,0.6,12.0,7,white,7.16,20.312,0.2967,medium,high,1,5.747,0.00367,1
7.5,0.22,0.32,2.4,0.045,29.0,100.0,0.99135,3.08,0.6,11.3,7,white,8.04,34.091,0.29,off_dry,high,0,2.421,0.00398,1
6.4,0.23,0.32,1.9,0.038,40.0,118.0,0.99074,3.32,0.53,11.8,7,white,6.95,27.826,0.339,off_dry,high,0,1.918,0.00322,1
6.1,0.22,0.31,1.4,0.039,40.0,129.0,0.99193,3.45,0.59,10.9,5,white,6.63,27.727,0.3101,off_dry,high,0,1.411,0.00358,0
6.5,0.48,0.02,0.9,0.043,32.0,99.0,0.99226,3.14,0.47,9.8,4,white,7.0,13.542,0.3232,dry,medium,0,0.907,0.00439,0
6.6,0.23,0.3,4.6,0.06,29.0,154.0,0.99142,3.23,0.49,12.2,8,white,7.13,28.696,0.1883,off_dry,very_high,1,4.64,0.00492,1
6.4,0.16,0.25,1.4,0.057,21.0,125.0,0.99091,3.23,0.44,11.1,7,white,6.81,40.0,0.168,off_dry,high,0,1.413,0.00514,1
7.4,0.16,0.32,1.4,0.065,23.0,140.0,0.99134,3.06,0.47,11.4,6,white,7.88,46.25,0.1643,off_dry,high,0,1.412,0.0057,0
6.5,0.32,0.3,2.3,0.051,20.0,127.0,0.98964,3.13,0.52,12.8,6,white,7.12,20.312,0.1575,off_dry,very_high,1,2.324,0.00398,0
6.7,0.12,0.36,2.3,0.039,43.0,125.0,0.99229,3.07,0.67,10.1,7,white,7.18,55.833,0.344,off_dry,medium,0,2.318,0.00386,1
6.6,0.2,0.14,4.4,0.10800000000000001,35.0,168.0,0.99396,2.93,0.45,9.4,6,white,6.94,33.0,0.2083,off_dry,medium,0,4.427,0.01149,0
8.0,0.34,0.25,6.4,0.035,38.0,103.0,0.99148,2.91,0.23,12.2,6,white,8.59,23.529,0.3689,medium,very_high,1,6.455,0.00287,0
6.8,0.21,0.31,2.9,0.046,40.0,121.0,0.9913,3.07,0.65,10.9,7,white,7.32,32.381,0.3306,off_dry,high,0,2.925,0.00422,1
6.8,0.23,0.31,2.8,0.047,40.0,122.0,0.99126,3.06,0.64,10.9,7,white,7.34,29.565,0.3279,off_dry,high,0,2.825,0.00431,1
6.6,0.28,0.42,8.2,0.044,60.0,196.0,0.99562,3.14,0.48,9.4,5,white,7.3,23.571,0.3061,medium,medium,0,8.236,0.00468,0
7.8,0.25,0.37,1.0,0.043,10.0,80.0,0.99128,3.08,0.38,11.4,5,white,8.42,31.2,0.125,dry,high,0,1.009,0.00377,0
5.6,0.12,0.33,2.9,0.044,21.0,73.0,0.98896,3.17,0.32,12.9,8,white,6.05,46.666,0.2877,off_dry,very_high,1,2.932,0.00341,1
6.6,0.28,0.41,7.0,0.046,59.0,194.0,0.99558,3.14,0.48,9.4,5,white,7.29,23.571,0.3041,medium,medium,0,7.031,0.00489,0
6.8,0.17,0.35,1.8,0.04,29.0,84.0,0.98961,2.91,0.57,12.0,7,white,7.32,40.0,0.3452,off_dry,high,1,1.819,0.00333,1
7.3,0.25,0.28,1.5,0.043,19.0,113.0,0.99338,3.38,0.56,10.1,6,white,7.83,29.2,0.1681,off_dry,medium,0,1.51,0.00426,0
6.5,0.25,0.5,7.6,0.047,54.0,184.0,0.99572,3.17,0.45,9.2,5,white,7.25,26.0,0.2935,medium,medium,0,7.633,0.00511,0
6.3,0.24,0.35,2.3,0.039,43.0,109.0,0.99056,3.34,0.44,11.8,6,white,6.89,26.25,0.3945,off_dry,high,0,2.322,0.00331,0
6.8,0.32,0.32,8.7,0.029,31.0,105.0,0.99146,3.0,0.34,12.3,7,white,7.44,21.25,0.2952,medium,very_high,1,8.775,0.00236,1
6.6,0.24,0.28,6.7,0.032,26.0,91.0,0.99172,3.13,0.32,12.3,6,white,7.12,27.5,0.2857,medium,very_high,1,6.756,0.0026,0
6.3,0.22,0.34,5.0,0.032,36.0,93.0,0.99012,3.27,0.36,13.5,7,white,6.86,28.636,0.3871,off_dry,very_high,1,5.05,0.00237,1
6.0,0.32,0.3,1.9,0.033,41.0,142.0,0.98912,3.29,0.42,12.8,7,white,6.62,18.75,0.2887,off_dry,very_high,1,1.921,0.00258,1
6.3,0.19,0.29,2.0,0.022,33.0,96.0,0.98902,3.04,0.54,12.8,7,white,6.78,33.158,0.3437,off_dry,very_high,1,2.022,0.00172,1
9.4,0.24,0.29,8.5,0.037,78.5,208.0,0.99395,2.9,0.38,11.0,3,white,9.93,39.167,0.3774,medium,high,0,8.552,0.00336,0
6.4,0.35,0.28,12.6,0.039,19.0,124.0,0.99539,3.2,0.43,10.6,6,white,7.03,18.286,0.1532,medium,high,0,12.658,0.00368,0
6.7,0.46,0.27,5.2,0.039,35.0,96.0,0.99129,3.16,0.44,12.4,7,white,7.43,14.565,0.3646,medium,very_high,1,5.246,0.00315,1
6.3,0.3,0.29,2.1,0.048,33.0,142.0,0.98956,3.22,0.46,12.9,7,white,6.89,21.0,0.2324,off_dry,very_high,1,2.122,0.00372,1
6.0,0.19,0.29,1.1,0.047,67.0,152.0,0.9916,3.54,0.59,11.1,7,white,6.48,31.579,0.4408,off_dry,high,0,1.109,0.00423,1
5.9,0.24,0.28,1.3,0.032,36.0,95.0,0.98889,3.08,0.64,12.9,7,white,6.42,24.583,0.3789,off_dry,very_high,1,1.315,0.00248,1
7.3,0.145,0.33,1.1,0.042,14.0,64.0,0.99012,3.1,0.37,11.8,7,white,7.775,50.344,0.2187,off_dry,high,0,1.111,0.00356,1
6.6,0.435,0.38,9.2,0.058,66.0,243.0,0.99833,3.23,0.54,9.1,6,white,7.415,15.172,0.2716,medium,medium,0,9.215,0.00637,0
5.8,0.18,0.37,1.2,0.036,19.0,74.0,0.98853,3.09,0.49,12.7,7,white,6.35,32.222,0.2568,off_dry,very_high,1,1.214,0.00283,1
5.8,0.18,0.37,1.1,0.036,31.0,96.0,0.98942,3.16,0.48,12.0,6,white,6.35,32.222,0.3229,off_dry,high,1,1.112,0.003,0
5.6,0.32,0.32,8.3,0.043,32.0,105.0,0.99266,3.24,0.47,11.2,6,white,6.24,17.5,0.3048,medium,high,0,8.361,0.00384,0
6.6,0.16,0.35,1.8,0.042,26.0,105.0,0.98962,3.19,0.75,12.4,7,white,7.11,41.25,0.2476,off_dry,very_high,1,1.819,0.00339,1
5.1,0.21,0.28,1.4,0.047,48.0,148.0,0.99168,3.5,0.49,10.4,5,white,5.59,24.286,0.3243,off_dry,medium,0,1.412,0.00452,0
7.5,0.29,0.36,15.7,0.05,29.0,124.0,0.9968,3.06,0.54,10.4,5,white,8.15,25.862,0.2339,medium,medium,0,15.75,0.00481,0
6.0,0.26,0.33,4.35,0.04,15.0,80.0,0.98934,3.29,0.5,12.7,6,white,6.59,23.077,0.1875,off_dry,very_high,1,4.397,0.00315,0
5.7,0.26,0.3,1.8,0.039,30.0,105.0,0.98995,3.48,0.52,12.5,7,white,6.26,21.923,0.2857,off_dry,very_high,1,1.818,0.00312,1
7.1,0.17,0.31,1.6,0.037,15.0,103.0,0.991,3.14,0.5,12.0,6,white,7.58,41.764,0.1456,off_dry,high,1,1.615,0.00308,0
6.9,0.17,0.3,2.0,0.047,13.0,117.0,0.99152,3.16,0.51,11.6,6,white,7.37,40.588,0.1111,off_dry,high,0,2.017,0.00405,0
6.8,0.25,0.28,5.0,0.035,42.0,126.0,0.99048,3.12,0.38,12.6,7,white,7.33,27.2,0.3333,off_dry,very_high,1,5.048,0.00278,1
6.6,0.17,0.28,1.8,0.042,62.0,178.0,0.99204,3.15,0.42,10.2,5,white,7.05,38.823,0.3483,off_dry,medium,0,1.814,0.00412,0
5.8,0.17,0.36,1.3,0.036,11.0,70.0,0.99202,3.43,0.68,10.4,7,white,6.33,34.117,0.1571,off_dry,medium,0,1.31,0.00346,1
6.4,0.24,0.29,1.0,0.038,18.0,122.0,0.9906,3.3,0.42,11.5,5,white,6.93,26.667,0.1475,dry,high,0,1.009,0.0033,0
6.7,0.21,0.34,1.4,0.049,36.0,112.0,0.99091,3.02,0.5,11.0,6,white,7.25,31.905,0.3214,off_dry,high,0,1.413,0.00445,0
6.7,0.23,0.33,8.1,0.048,45.0,176.0,0.99472,3.11,0.52,10.1,6,white,7.26,29.13,0.2557,medium,medium,0,8.143,0.00475,0
6.8,0.23,0.32,8.6,0.046,47.0,159.0,0.99452,3.08,0.52,10.5,6,white,7.35,29.565,0.2956,medium,medium,0,8.647,0.00438,0
6.5,0.22,0.28,3.7,0.059,29.0,151.0,0.99177,3.23,0.41,12.1,7,white,7.0,29.545,0.1921,off_dry,very_high,1,3.731,0.00488,1
5.1,0.165,0.22,5.7,0.047,42.0,146.0,0.9934,3.18,0.55,9.9,6,white,5.485,30.909,0.2877,medium,medium,0,5.738,0.00475,0
6.6,0.425,0.25,2.35,0.034,23.0,87.0,0.99082,3.05,0.41,11.4,6,white,7.275,15.529,0.2644,off_dry,high,0,2.372,0.00298,0
6.9,0.38,0.29,13.65,0.048,52.0,189.0,0.99784,3.0,0.6,9.5,6,white,7.57,18.158,0.2751,medium,medium,0,13.68,0.00505,0
7.2,0.27,0.28,15.2,0.046,6.0,41.0,0.99665,3.17,0.39,10.9,6,white,7.75,26.667,0.1463,medium,high,0,15.251,0.00422,0
7.6,0.17,0.27,4.6,0.05,23.0,98.0,0.99422,3.08,0.47,9.5,6,white,8.04,44.706,0.2347,off_dry,medium,0,4.627,0.00526,0
6.2,0.3,0.31,1.2,0.048,19.0,125.0,0.98999,3.32,0.54,12.6,6,white,6.81,20.667,0.152,off_dry,very_high,1,1.212,0.00381,0
6.5,0.26,0.32,6.65,0.059,34.0,104.0,0.99254,3.18,0.42,11.1,5,white,7.08,25.0,0.3269,medium,high,0,6.7,0.00532,0
6.9,0.36,0.28,13.55,0.048,51.0,189.0,0.99782,3.0,0.6,9.5,7,white,7.54,19.167,0.2698,medium,medium,0,13.58,0.00505,1
6.8,0.18,0.24,9.8,0.058,64.0,188.0,0.9952,3.13,0.51,10.6,6,white,7.22,37.778,0.3404,medium,high,0,9.847,0.00547,0
6.7,0.18,0.24,10.3,0.057,64.0,185.0,0.99519,3.12,0.5,10.6,6,white,7.12,37.222,0.3459,medium,high,0,10.35,0.00538,0
6.6,0.16,0.21,6.7,0.055,43.0,157.0,0.99384,3.15,0.52,10.8,6,white,6.97,41.25,0.2739,medium,high,0,6.742,0.00509,0
6.4,0.17,0.27,9.9,0.047,26.0,101.0,0.99596,3.34,0.5,9.9,6,white,6.84,37.647,0.2574,medium,medium,0,9.94,0.00475,0
7.2,0.22,0.28,7.2,0.06,41.0,132.0,0.9935,3.08,0.59,11.3,6,white,7.7,32.727,0.3106,medium,high,0,7.247,0.00531,0
6.0,0.22,0.28,1.1,0.034,47.0,90.0,0.98862,3.22,0.38,12.6,6,white,6.5,27.273,0.5222,off_dry,very_high,1,1.113,0.0027,0
6.7,0.36,0.28,8.3,0.034,29.0,81.0,0.99151,2.96,0.39,12.5,6,white,7.34,18.611,0.358,medium,very_high,1,8.371,0.00272,0
6.5,0.43,0.28,11.25,0.032,31.0,87.0,0.9922,3.02,0.38,12.4,6,white,7.21,15.116,0.3563,medium,very_high,1,11.338,0.00258,0
5.9,0.2,0.28,12.8,0.038,29.0,132.0,0.99426,3.31,0.57,11.8,7,white,6.38,29.5,0.2197,medium,high,0,12.874,0.00322,1
5.3,0.32,0.23,9.65,0.026,26.0,119.0,0.99168,3.18,0.53,12.2,6,white,5.85,16.562,0.2185,medium,very_high,1,9.731,0.00213,0
6.8,0.2,0.28,12.6,0.048,54.0,136.0,0.99556,3.19,0.37,10.7,6,white,7.28,34.0,0.3971,medium,high,0,12.656,0.00449,0
6.0,0.22,0.33,12.2,0.033,25.0,97.0,0.99356,3.17,0.42,11.3,7,white,6.55,27.273,0.2577,medium,high,0,12.279,0.00292,1
7.1,0.18,0.49,1.3,0.033,12.0,72.0,0.99072,3.05,0.53,11.3,7,white,7.77,39.444,0.1667,off_dry,high,0,1.312,0.00292,1
6.0,0.2,0.26,1.1,0.033,38.0,67.0,0.98954,3.14,0.38,11.5,6,white,6.46,30.0,0.5672,off_dry,high,0,1.112,0.00287,0
7.6,0.2,0.26,4.8,0.033,26.0,76.0,0.99076,2.98,0.49,12.3,7,white,8.06,38.0,0.3421,off_dry,very_high,1,4.845,0.00268,1
6.2,0.3,0.21,1.1,0.032,31.0,111.0,0.9889,2.97,0.42,12.2,6,white,6.71,20.667,0.2793,off_dry,very_high,1,1.112,0.00262,0
6.0,0.29,0.25,1.4,0.033,30.0,114.0,0.98794,3.08,0.43,13.2,6,white,6.54,20.69,0.2632,off_dry,very_high,1,1.417,0.0025,0
6.6,0.18,0.28,1.7,0.041,53.0,161.0,0.99207,3.13,0.45,10.2,6,white,7.06,36.666,0.3292,off_dry,medium,0,1.714,0.00402,0
7.0,0.22,0.28,10.6,0.039,32.0,117.0,0.99355,3.05,0.55,11.5,7,white,7.5,31.818,0.2735,medium,high,0,10.669,0.00339,1
5.6,0.15,0.26,5.55,0.051,51.0,139.0,0.99336,3.47,0.5,11.0,6,white,6.01,37.333,0.3669,medium,high,0,5.587,0.00464,0
6.9,0.28,0.24,2.1,0.034,49.0,121.0,0.98882,2.98,0.43,13.2,7,white,7.42,24.643,0.405,off_dry,very_high,1,2.124,0.00258,1
5.9,0.19,0.21,1.7,0.045,57.0,135.0,0.99341,3.32,0.44,9.5,5,white,6.3,31.052,0.4222,off_dry,medium,0,1.711,0.00474,0
7.8,0.22,0.26,9.0,0.047,38.0,132.0,0.997,3.25,0.53,10.2,6,white,8.28,35.454,0.2879,medium,medium,0,9.027,0.00461,0
7.0,0.4,0.25,1.8,0.05,51.0,189.0,0.99174,3.0,0.55,11.4,6,white,7.65,17.5,0.2698,off_dry,high,0,1.815,0.00439,0
6.1,0.28,0.27,4.7,0.03,56.0,140.0,0.99042,3.16,0.42,12.5,8,white,6.65,21.786,0.4,off_dry,very_high,1,4.745,0.0024,1
7.6,0.36,0.49,11.3,0.046,78.5,221.0,0.9984,3.01,0.43,9.2,5,white,8.45,21.111,0.3552,medium,medium,0,11.318,0.005,0
6.5,0.28,0.34,3.6,0.04,29.0,121.0,0.99111,3.28,0.48,12.1,7,white,7.12,23.214,0.2397,off_dry,very_high,1,3.632,0.00331,1
6.9,0.19,0.35,6.9,0.045,51.0,125.0,0.9933,3.1,0.44,10.7,7,white,7.44,36.316,0.408,medium,high,0,6.947,0.00421,1
6.4,0.22,0.32,4.9,0.046,50.0,156.0,0.99316,3.38,0.55,11.2,6,white,6.94,29.091,0.3205,off_dry,high,0,4.934,0.00411,0
6.8,0.23,0.3,6.95,0.044,42.0,179.0,0.9946,3.25,0.56,10.6,6,white,7.33,29.565,0.2346,medium,high,0,6.988,0.00415,0
6.4,0.32,0.31,1.9,0.037,34.0,126.0,0.99,3.06,0.45,11.8,6,white,7.03,20.0,0.2698,off_dry,high,0,1.919,0.00314,0
8.8,0.39,0.35,1.8,0.096,22.0,80.0,0.99016,2.95,0.54,12.6,6,white,9.54,22.564,0.275,off_dry,very_high,1,1.818,0.00762,0
6.6,0.24,0.3,11.3,0.026,11.0,77.0,0.99381,3.13,0.55,12.8,7,white,7.14,27.5,0.1429,medium,very_high,1,11.37,0.00203,1
6.9,0.29,0.3,8.2,0.026,35.0,112.0,0.99144,3.0,0.37,12.3,6,white,7.49,23.793,0.3125,medium,very_high,1,8.271,0.00211,0
6.9,0.28,0.3,8.3,0.026,37.0,113.0,0.99139,2.99,0.38,12.3,8,white,7.48,24.643,0.3274,medium,very_high,1,8.372,0.00211,1
6.7,0.38,0.26,9.55,0.036,35.0,91.0,0.9919,2.98,0.37,12.4,6,white,7.34,17.632,0.3846,medium,very_high,1,9.628,0.0029,0
8.0,0.28,0.3,8.4,0.03,35.0,115.0,0.99192,2.93,0.42,12.3,6,white,8.58,28.571,0.3043,medium,very_high,1,8.468,0.00244,0
6.5,0.25,0.45,7.8,0.048,52.0,188.0,0.99576,3.2,0.53,9.1,5,white,7.2,26.0,0.2766,medium,medium,0,7.833,0.00527,0
6.6,0.26,0.46,7.8,0.047,48.0,186.0,0.9958,3.2,0.54,9.1,5,white,7.32,25.385,0.2581,medium,medium,0,7.833,0.00516,0
7.4,0.29,0.28,10.2,0.032,43.0,138.0,0.9951,3.1,0.47,10.6,6,white,7.97,25.517,0.3116,medium,high,0,10.25,0.00302,0
6.3,0.19,0.29,5.5,0.042,44.0,189.0,0.99304,3.19,0.47,10.3,6,white,6.78,33.158,0.2328,medium,medium,0,5.539,0.00408,0
6.1,0.33,0.32,7.8,0.052,52.0,183.0,0.99657,3.39,0.65,9.5,5,white,6.75,18.485,0.2842,medium,medium,0,7.827,0.00547,0
5.6,0.32,0.33,7.4,0.037,25.0,95.0,0.99268,3.25,0.49,11.1,6,white,6.25,17.5,0.2632,medium,high,0,7.455,0.00333,0
7.7,0.46,0.18,3.3,0.054,18.0,143.0,0.99392,3.12,0.51,10.8,6,white,8.34,16.739,0.1259,off_dry,high,0,3.32,0.005,0
8.8,0.19,0.3,5.0,0.028,34.0,120.0,0.99242,2.94,0.47,11.2,5,white,9.29,46.316,0.2833,off_dry,high,0,5.038,0.0025,0
8.8,0.27,0.25,5.0,0.024,52.0,99.0,0.9925,2.87,0.49,11.4,5,white,9.32,32.592,0.5253,off_dry,high,0,5.038,0.00211,0
5.8,0.18,0.28,1.3,0.034,9.0,94.0,0.99092,3.21,0.52,11.2,6,white,6.26,32.222,0.0957,off_dry,high,0,1.312,0.00304,0
5.8,0.15,0.32,1.2,0.037,14.0,119.0,0.99137,3.19,0.5,10.2,6,white,6.27,38.666,0.1176,off_dry,medium,0,1.21,0.00363,0
7.1,0.32,0.3,9.9,0.041,63.0,192.0,0.99642,3.12,0.49,10.2,6,white,7.72,22.187,0.3281,medium,medium,0,9.936,0.00402,0
6.2,0.23,0.35,0.7,0.051,24.0,111.0,0.9916,3.37,0.43,11.0,3,white,6.78,26.956,0.2162,dry,high,0,0.706,0.00464,0
8.9,0.3,0.35,4.6,0.032,32.0,148.0,0.99458,3.15,0.45,11.5,7,white,9.55,29.667,0.2162,off_dry,high,0,4.625,0.00278,1
6.0,0.14,0.17,5.6,0.036,37.0,127.0,0.99373,3.05,0.57,9.8,6,white,6.31,42.857,0.2913,medium,medium,0,5.635,0.00367,0
6.8,0.24,0.29,9.5,0.042,56.0,157.0,0.99586,3.11,0.51,10.1,6,white,7.33,28.333,0.3567,medium,medium,0,9.539,0.00416,0
6.7,0.21,0.48,14.8,0.05,31.0,195.0,0.99942,2.95,0.75,8.8,6,white,7.39,31.905,0.159,medium,low,0,14.809,0.00568,0
6.1,0.3,0.3,2.1,0.031,50.0,163.0,0.9895,3.39,0.43,12.7,7,white,6.7,20.333,0.3067,off_dry,very_high,1,2.122,0.00244,1
7.2,0.37,0.4,11.6,0.032,34.0,214.0,0.9963,3.1,0.51,9.8,6,white,7.97,19.459,0.1589,medium,medium,0,11.643,0.00327,0
6.7,0.64,0.3,1.2,0.03,18.0,76.0,0.9892,3.16,0.6,12.9,4,white,7.64,10.469,0.2368,off_dry,very_high,1,1.213,0.00233,0
7.6,0.28,0.49,16.05,0.06,30.0,145.0,1.00196,3.01,0.44,8.5,5,white,8.37,27.143,0.2069,medium,low,0,16.019,0.00706,0
6.3,0.29,0.28,4.7,0.059,28.0,81.0,0.99036,3.24,0.56,12.7,8,white,6.87,21.724,0.3457,off_dry,very_high,1,4.746,0.00465,1
6.2,0.28,0.28,4.3,0.026,22.0,105.0,0.989,2.98,0.64,13.1,8,white,6.76,22.143,0.2095,off_dry,very_high,1,4.348,0.00198,1
7.1,0.18,0.39,14.5,0.051,48.0,156.0,0.99947,3.35,0.78,9.1,5,white,7.67,39.444,0.3077,medium,medium,0,14.508,0.0056,0
6.4,0.32,0.27,4.9,0.034,18.0,122.0,0.9916,3.36,0.71,12.5,6,white,6.99,20.0,0.1475,off_dry,very_high,1,4.942,0.00272,0
7.1,0.17,0.4,14.55,0.047,47.0,156.0,0.99945,3.34,0.78,9.1,6,white,7.67,41.764,0.3013,medium,medium,0,14.558,0.00516,0
5.8,0.24,0.26,10.05,0.039,63.0,162.0,0.99375,3.33,0.5,11.2,6,white,6.3,24.167,0.3889,medium,high,0,10.113,0.00348,0
7.1,0.18,0.39,15.25,0.047,45.0,158.0,0.99946,3.34,0.77,9.1,6,white,7.67,39.444,0.2848,medium,medium,0,15.258,0.00516,0
7.8,0.29,0.29,3.15,0.044,41.0,117.0,0.99153,3.24,0.35,11.5,5,white,8.38,26.896,0.3504,off_dry,high,0,3.177,0.00383,0
6.2,0.255,0.27,1.3,0.037,30.0,86.0,0.98834,3.05,0.59,12.9,7,white,6.725,24.314,0.3488,off_dry,very_high,1,1.315,0.00287,1
8.2,0.34,0.29,5.2,0.076,19.0,92.0,0.99138,2.95,0.39,12.5,6,white,8.83,24.118,0.2065,medium,very_high,1,5.245,0.00608,0
6.5,0.24,0.28,1.1,0.034,26.0,83.0,0.98928,3.25,0.33,12.3,6,white,7.02,27.083,0.3133,off_dry,very_high,1,1.112,0.00276,0
6.9,0.24,0.23,7.1,0.041,20.0,97.0,0.99246,3.1,0.85,11.4,6,white,7.37,28.75,0.2062,medium,high,0,7.154,0.0036,0
6.7,0.4,0.22,8.8,0.052,24.0,113.0,0.99576,3.22,0.45,9.4,5,white,7.32,16.75,0.2124,medium,medium,0,8.837,0.00553,0
6.7,0.3,0.44,16.05,0.057,65.0,224.0,0.99956,3.11,0.53,9.1,5,white,7.44,22.333,0.2902,medium,medium,0,16.057,0.00626,0
6.8,0.17,0.32,1.4,0.04,35.0,106.0,0.99026,3.16,0.66,12.0,5,white,7.29,40.0,0.3302,off_dry,high,1,1.414,0.00333,0
7.1,0.25,0.28,1.2,0.04,31.0,111.0,0.99174,3.18,0.53,11.1,5,white,7.63,28.4,0.2793,off_dry,high,0,1.21,0.0036,0
5.9,0.27,0.27,5.0,0.035,14.0,97.0,0.99058,3.1,0.33,11.8,7,white,6.44,21.852,0.1443,off_dry,high,0,5.048,0.00297,1
6.0,0.16,0.22,1.6,0.042,36.0,106.0,0.9905,3.24,0.32,11.4,6,white,6.38,37.5,0.3396,off_dry,high,0,1.615,0.00368,0
6.7,0.3,0.44,16.05,0.057,65.0,224.0,0.99956,3.11,0.53,9.1,5,white,7.44,22.333,0.2902,medium,medium,0,16.057,0.00626,0
6.6,0.15,0.32,6.0,0.033,59.0,128.0,0.99192,3.19,0.71,12.1,8,white,7.07,44.0,0.4609,medium,very_high,1,6.049,0.00273,1
7.3,0.34,0.3,9.4,0.057,34.0,178.0,0.99554,3.15,0.44,10.4,6,white,7.94,21.471,0.191,medium,medium,0,9.442,0.00548,0
6.0,0.17,0.29,9.7,0.044,33.0,98.0,0.99536,3.12,0.36,9.2,6,white,6.46,35.294,0.3367,medium,medium,0,9.745,0.00478,0
6.7,0.47,0.29,4.75,0.034,29.0,134.0,0.99056,3.29,0.46,13.0,7,white,7.46,14.255,0.2164,off_dry,very_high,1,4.795,0.00262,1
6.6,0.21,0.29,5.35,0.029,43.0,106.0,0.99112,2.93,0.43,11.5,7,white,7.1,31.428,0.4057,medium,high,0,5.398,0.00252,1
8.0,0.24,0.48,6.8,0.047,13.0,134.0,0.99616,3.23,0.7,10.0,5,white,8.72,33.333,0.097,medium,medium,0,6.826,0.0047,0
5.6,0.34,0.3,6.9,0.038,23.0,89.0,0.99266,3.25,0.49,11.1,6,white,6.24,16.471,0.2584,medium,high,0,6.951,0.00342,0
5.8,0.54,0.0,1.4,0.033,40.0,107.0,0.98918,3.26,0.35,12.4,5,white,6.34,10.741,0.3738,off_dry,very_high,1,1.415,0.00266,0
7.3,0.23,0.24,0.9,0.031,29.0,86.0,0.98926,2.9,0.38,12.2,6,white,7.77,31.739,0.3372,dry,very_high,1,0.91,0.00254,0
6.0,0.39,0.13,1.2,0.042,60.0,172.0,0.99114,3.06,0.52,10.6,5,white,6.52,15.385,0.3488,off_dry,high,0,1.211,0.00396,0
6.1,0.105,0.31,1.3,0.037,55.0,145.0,0.9912,3.41,0.41,11.1,7,white,6.515,58.095,0.3793,off_dry,high,0,1.312,0.00333,1
5.8,0.32,0.2,2.6,0.027,17.0,123.0,0.98936,3.36,0.78,13.9,7,white,6.32,18.125,0.1382,off_dry,very_high,1,2.628,0.00194,1
7.6,0.22,0.28,12.0,0.056,68.0,143.0,0.9983,2.99,0.3,9.2,6,white,8.1,34.545,0.4755,medium,medium,0,12.02,0.00609,0
6.8,0.19,0.4,9.85,0.055,41.0,103.0,0.99532,2.98,0.56,10.5,6,white,7.39,35.789,0.3981,medium,medium,0,9.896,0.00524,0
6.7,0.24,0.3,3.85,0.042,78.5,179.0,0.99189,3.04,0.59,11.3,8,white,7.24,27.917,0.4385,off_dry,high,0,3.881,0.00372,1
6.8,0.17,0.34,2.0,0.04,38.0,111.0,0.99,3.24,0.45,12.9,6,white,7.31,40.0,0.3423,off_dry,very_high,1,2.02,0.0031,0
6.2,0.3,0.31,1.6,0.035,40.0,106.0,0.98914,3.26,0.39,12.9,7,white,6.81,20.667,0.3774,off_dry,very_high,1,1.618,0.00271,1
6.9,0.29,0.41,7.8,0.046,52.0,171.0,0.99537,3.12,0.51,9.6,5,white,7.6,23.793,0.3041,medium,medium,0,7.836,0.00479,0
6.8,0.19,0.34,1.9,0.04,41.0,108.0,0.99,3.25,0.45,12.9,6,white,7.33,35.789,0.3796,off_dry,very_high,1,1.919,0.0031,0
6.6,0.24,0.27,10.3,0.047,54.0,219.0,0.99742,3.04,0.45,8.8,5,white,7.11,27.5,0.2466,medium,low,0,10.327,0.00534,0
6.6,0.16,0.36,1.1,0.031,27.0,93.0,0.98884,3.23,0.34,13.2,8,white,7.12,41.25,0.2903,off_dry,very_high,1,1.112,0.00235,1
6.7,0.16,0.36,2.0,0.045,24.0,131.0,0.99284,3.3,0.59,10.5,6,white,7.22,41.875,0.1832,off_dry,medium,0,2.014,0.00429,0
6.5,0.3,0.27,4.0,0.038,37.0,97.0,0.99026,3.2,0.6,12.6,8,white,7.07,21.667,0.3814,off_dry,very_high,1,4.039,0.00302,1
6.5,0.22,0.19,1.1,0.064,36.0,191.0,0.99297,3.05,0.5,9.5,6,white,6.91,29.545,0.1885,off_dry,medium,0,1.108,0.00674,0
6.2,0.36,0.45,10.4,0.06,22.0,184.0,0.99711,3.31,0.56,9.8,6,white,7.01,17.222,0.1196,medium,medium,0,10.43,0.00612,0
6.2,0.37,0.24,6.1,0.032,19.0,86.0,0.98934,3.04,0.26,13.4,8,white,6.81,16.757,0.2209,medium,very_high,1,6.166,0.00239,1
7.6,0.31,0.24,1.8,0.037,39.0,150.0,0.9913,3.05,0.44,11.8,7,white,8.15,24.516,0.26,off_dry,high,0,1.816,0.00314,1
5.9,0.32,0.28,4.7,0.039,34.0,94.0,0.98964,3.22,0.57,13.1,7,white,6.5,18.437,0.3617,off_dry,very_high,1,4.749,0.00298,1
5.8,0.22,0.3,1.1,0.047,36.0,131.0,0.992,3.26,0.45,10.4,5,white,6.32,26.364,0.2748,off_dry,medium,0,1.109,0.00452,0
5.4,0.45,0.27,6.4,0.033,20.0,102.0,0.98944,3.22,0.27,13.4,8,white,6.12,12.0,0.1961,medium,very_high,1,6.468,0.00246,1
6.1,0.36,0.26,8.15,0.035,14.0,88.0,0.99031,3.06,0.27,13.0,7,white,6.72,16.944,0.1591,medium,very_high,1,8.23,0.00269,1
7.5,0.21,0.32,4.8,0.056,39.0,113.0,0.99393,3.11,0.52,10.2,7,white,8.03,35.714,0.3451,off_dry,medium,0,4.829,0.00549,1
6.9,0.28,0.33,1.2,0.039,16.0,98.0,0.9904,3.07,0.39,11.7,6,white,7.51,24.643,0.1633,off_dry,high,0,1.212,0.00333,0
7.8,0.2,0.2,1.4,0.036,25.0,83.0,0.99088,3.03,0.46,11.7,6,white,8.2,39.0,0.3012,off_dry,high,0,1.413,0.00308,0
6.7,0.28,0.31,7.4,0.041,7.0,81.0,0.99254,3.04,0.47,11.4,8,white,7.29,23.928,0.0864,medium,high,0,7.456,0.0036,1
8.0,0.2,0.44,1.0,0.057,24.0,111.0,0.99158,3.09,0.32,11.2,6,white,8.64,40.0,0.2162,dry,high,0,1.008,0.00509,0
6.0,0.28,0.27,15.5,0.036,31.0,134.0,0.99408,3.19,0.44,13.0,7,white,6.55,21.428,0.2313,medium,very_high,1,15.592,0.00277,1
6.7,0.24,0.36,8.4,0.042,42.0,123.0,0.99473,3.34,0.52,10.9,6,white,7.3,27.917,0.3415,medium,high,0,8.445,0.00385,0
6.3,0.22,0.28,2.4,0.042,38.0,102.0,0.98998,3.14,0.37,11.6,7,white,6.8,28.636,0.3725,off_dry,high,0,2.424,0.00362,1
6.0,0.24,0.28,3.95,0.038,61.0,134.0,0.99146,3.3,0.54,11.3,7,white,6.52,25.0,0.4552,off_dry,high,0,3.984,0.00336,1
7.7,0.43,0.6400000000000001,16.05,0.032,42.0,164.0,0.99742,3.29,0.5,12.0,6,white,8.77,17.907,0.2561,medium,high,1,16.092,0.00267,0
6.4,0.3,0.36,2.0,0.052,18.0,141.0,0.99273,3.38,0.53,10.5,6,white,7.06,21.333,0.1277,off_dry,medium,0,2.015,0.00495,0
6.1,0.33,0.3,3.0,0.036,30.0,124.0,0.98922,3.31,0.4,13.1,7,white,6.73,18.485,0.2419,off_dry,very_high,1,3.033,0.00275,1
6.7,0.29,0.45,14.3,0.054,30.0,181.0,0.99869,3.14,0.57,9.1,5,white,7.44,23.103,0.1657,medium,medium,0,14.319,0.00593,0
6.9,0.33,0.31,4.2,0.04,21.0,93.0,0.9896,3.18,0.48,13.4,7,white,7.54,20.909,0.2258,off_dry,very_high,1,4.244,0.00299,1
6.5,0.16,0.34,1.4,0.029,29.0,133.0,0.99108,3.33,0.64,11.5,7,white,7.0,40.625,0.218,off_dry,high,0,1.413,0.00252,1
6.0,0.2,0.32,3.0,0.031,26.0,118.0,0.99134,3.38,0.68,11.2,7,white,6.52,30.0,0.2203,off_dry,high,0,3.026,0.00277,1
7.5,0.33,0.28,4.9,0.042,21.0,155.0,0.99385,3.36,0.57,10.9,6,white,8.11,22.727,0.1355,off_dry,high,0,4.93,0.00385,0
7.1,0.36,0.28,2.4,0.036,35.0,115.0,0.98936,3.19,0.44,13.5,7,white,7.74,19.722,0.3043,off_dry,very_high,1,2.426,0.00267,1
6.4,0.26,0.25,10.7,0.046,66.0,179.0,0.99606,3.17,0.55,9.9,6,white,6.91,24.615,0.3687,medium,medium,0,10.742,0.00465,0
7.0,0.22,0.24,11.0,0.041,75.0,167.0,0.99508,2.98,0.56,10.5,6,white,7.46,31.818,0.4491,medium,medium,0,11.054,0.0039,0
6.5,0.19,0.28,1.4,0.046,22.0,90.0,0.99038,3.18,0.51,11.7,7,white,6.97,34.21,0.2444,off_dry,high,0,1.414,0.00393,1
6.3,0.21,0.31,1.2,0.043,30.0,117.0,0.99158,3.49,0.68,11.0,6,white,6.82,30.0,0.2564,off_dry,high,0,1.21,0.00391,0
7.9,0.35,0.28,12.9,0.032,13.0,63.0,0.9932,2.99,0.43,13.0,6,white,8.53,22.571,0.2063,medium,very_high,1,12.988,0.00246,0
7.7,0.38,0.23,10.8,0.03,28.0,95.0,0.99164,2.93,0.41,13.6,6,white,8.31,20.263,0.2947,medium,very_high,1,10.891,0.00221,0
6.8,0.19,0.33,1.3,0.031,22.0,87.0,0.98987,3.08,0.62,12.3,7,white,7.32,35.789,0.2529,off_dry,very_high,1,1.313,0.00252,1
7.2,0.33,0.34,2.0,0.044,61.0,171.0,0.98947,3.25,0.53,13.3,7,white,7.87,21.818,0.3567,off_dry,very_high,1,2.021,0.00331,1
6.6,0.29,0.29,1.8,0.036,38.0,102.0,0.98819,3.08,0.42,13.7,7,white,7.18,22.759,0.3725,off_dry,very_high,1,1.822,0.00263,1
7.5,0.2,0.41,1.2,0.05,26.0,131.0,0.99133,3.19,0.52,11.1,5,white,8.11,37.5,0.1985,off_dry,high,0,1.21,0.0045,0
6.9,0.33,0.62,7.5,0.038,46.0,132.0,0.99143,3.23,0.43,13.4,7,white,7.85,20.909,0.3485,medium,very_high,1,7.565,0.00284,1
6.0,0.23,0.15,9.7,0.048,78.5,207.0,0.99571,3.05,0.3,9.1,5,white,6.38,26.087,0.3792,medium,medium,0,9.742,0.00527,0
5.9,0.23,0.24,3.8,0.038,61.0,152.0,0.99139,3.31,0.5,11.3,7,white,6.37,25.652,0.4013,off_dry,high,0,3.833,0.00336,1
6.6,0.32,0.41,7.2,0.048,55.0,178.0,0.99537,3.2,0.46,9.4,5,white,7.33,20.625,0.309,medium,medium,0,7.233,0.00511,0
5.3,0.36,0.27,6.3,0.028,40.0,132.0,0.99186,3.37,0.4,11.6,6,white,5.93,14.722,0.303,medium,high,0,6.352,0.00241,0
8.9,0.27,0.28,0.8,0.024,29.0,128.0,0.98984,3.01,0.35,12.4,6,white,9.45,32.963,0.2266,dry,very_high,1,0.808,0.00194,0
7.6,0.23,0.29,8.6,0.053,65.0,146.0,0.9963,3.11,0.32,9.8,6,white,8.12,33.043,0.4452,medium,medium,0,8.632,0.00541,0
6.9,0.6799999999999999,0.13,6.3,0.036,19.0,50.0,0.99312,3.09,0.25,11.1,4,white,7.71,10.147,0.38,medium,high,0,6.344,0.00324,0
7.1,0.35,0.27,3.1,0.034,28.0,134.0,0.9897,3.26,0.38,13.1,7,white,7.72,20.286,0.209,off_dry,very_high,1,3.132,0.0026,1
7.2,0.31,0.35,7.2,0.046,45.0,178.0,0.9955,3.14,0.53,9.7,5,white,7.86,23.226,0.2528,medium,medium,0,7.233,0.00474,0
6.4,0.28,0.44,7.1,0.048,49.0,179.0,0.99528,3.15,0.48,9.2,5,white,7.12,22.857,0.2737,medium,medium,0,7.134,0.00522,0
7.2,0.23,0.46,6.4,0.036,17.0,85.0,0.99279,3.1,0.78,11.7,6,white,7.89,31.304,0.2,medium,high,0,6.446,0.00308,0
6.6,0.22,0.3,14.7,0.045,50.0,136.0,0.99704,3.14,0.37,10.6,6,white,7.12,30.0,0.3676,medium,high,0,14.744,0.00425,0
7.2,0.24,0.28,1.9,0.032,30.0,92.0,0.9914,3.1,0.39,10.9,6,white,7.72,30.0,0.3261,off_dry,high,0,1.916,0.00294,0
6.2,0.27,0.47,1.2,0.10800000000000001,28.0,105.0,0.99224,3.23,0.51,10.1,5,white,6.94,22.963,0.2667,off_dry,medium,0,1.209,0.01069,0
6.5,0.28,0.25,4.8,0.029,54.0,128.0,0.99074,3.17,0.44,12.2,7,white,7.03,23.214,0.4219,off_dry,very_high,1,4.845,0.00238,1
7.2,0.27,0.31,1.2,0.031,27.0,80.0,0.98892,3.03,0.33,12.7,6,white,7.78,26.667,0.3375,off_dry,very_high,1,1.213,0.00244,0
7.8,0.28,0.25,3.4,0.024,27.0,99.0,0.98959,2.98,0.37,13.0,6,white,8.33,27.857,0.2727,off_dry,very_high,1,3.436,0.00185,0
8.1,0.26,0.27,4.3,0.03,43.0,123.0,0.99212,3.16,0.33,11.2,6,white,8.63,31.154,0.3496,off_dry,high,0,4.334,0.00268,0
6.6,0.23,0.37,8.5,0.036,46.0,153.0,0.99576,3.2,0.48,9.4,6,white,7.2,28.696,0.3007,medium,medium,0,8.536,0.00383,0
6.0,0.33,0.2,1.8,0.031,49.0,159.0,0.9919,3.41,0.53,11.0,6,white,6.53,18.182,0.3082,off_dry,high,0,1.815,0.00282,0
7.3,0.2,0.29,16.05,0.039,69.0,237.0,1.00037,3.1,0.48,9.2,6,white,7.79,36.5,0.2911,medium,medium,0,16.044,0.00424,0
7.3,0.2,0.29,16.05,0.039,69.0,237.0,1.00037,3.1,0.48,9.2,6,white,7.79,36.5,0.2911,medium,medium,0,16.044,0.00424,0
6.2,0.47,0.19,8.3,0.029,24.0,142.0,0.992,3.22,0.45,12.3,6,white,6.86,13.191,0.169,medium,very_high,1,8.367,0.00236,0
7.2,0.14,0.32,1.1,0.022,48.0,116.0,0.99218,3.04,0.67,10.0,6,white,7.66,51.428,0.4138,off_dry,medium,0,1.109,0.0022,0
5.7,0.22,0.22,16.05,0.044,39.0,110.0,0.99855,3.24,0.48,9.0,6,white,6.14,25.909,0.3545,medium,low,0,16.073,0.00489,0
8.1,0.2,0.28,0.9,0.023,49.0,87.0,0.99062,2.92,0.36,11.1,6,white,8.58,40.5,0.5632,dry,high,0,0.909,0.00207,0
5.8,0.14,0.15,6.1,0.042,27.0,123.0,0.99362,3.06,0.6,9.9,6,white,6.09,41.428,0.2195,medium,medium,0,6.139,0.00424,0
4.8,0.21,0.21,10.2,0.037,17.0,112.0,0.99324,3.66,0.48,12.2,7,white,5.22,22.857,0.1518,medium,very_high,1,10.269,0.00303,1
7.5,0.34,0.24,3.85,0.031,5.0,34.0,0.99098,3.01,0.36,11.8,4,white,8.08,22.059,0.1471,off_dry,high,0,3.885,0.00263,0
6.6,0.64,0.28,4.4,0.032,19.0,78.0,0.99036,3.11,0.62,12.9,6,white,7.52,10.312,0.2436,off_dry,very_high,1,4.443,0.00248,0
7.0,0.48,0.12,4.5,0.05,23.0,86.0,0.99398,2.86,0.35,9.0,5,white,7.6,14.583,0.2674,off_dry,low,0,4.527,0.00556,0
7.6,0.37,0.34,3.2,0.028,42.0,162.0,0.9903,3.01,0.33,12.4,6,white,8.31,20.54,0.2593,off_dry,very_high,1,3.231,0.00226,0
8.0,0.25,0.27,9.7,0.036,15.0,85.0,0.99406,2.99,0.36,11.2,6,white,8.52,32.0,0.1765,medium,high,0,9.758,0.00321,0
7.6,0.38,0.28,4.2,0.029,7.0,112.0,0.9906,3.0,0.41,12.6,6,white,8.26,20.0,0.0625,off_dry,very_high,1,4.24,0.0023,0
6.9,0.26,0.27,4.2,0.031,20.0,80.0,0.99089,3.12,0.39,11.5,6,white,7.43,26.538,0.25,off_dry,high,0,4.239,0.0027,0
7.8,0.15,0.34,1.1,0.035,31.0,93.0,0.99096,3.07,0.72,11.3,7,white,8.29,52.0,0.3333,off_dry,high,0,1.11,0.0031,1
5.9,0.655,0.0,5.6,0.033,8.0,31.0,0.9936,3.32,0.51,10.5,4,white,6.555,9.008,0.2581,medium,medium,0,5.636,0.00314,0
7.8,0.31,0.4,1.6,0.027,20.0,87.0,0.9911,3.15,0.48,11.9,6,white,8.51,25.161,0.2299,off_dry,high,0,1.614,0.00227,0
8.1,0.17,0.21,1.6,0.036,24.0,119.0,0.99396,3.18,0.52,10.1,6,white,8.48,47.647,0.2017,off_dry,medium,0,1.61,0.00356,0
6.8,0.18,0.28,1.1,0.027,32.0,112.0,0.99089,3.15,0.45,11.0,7,white,7.26,37.778,0.2857,off_dry,high,0,1.11,0.00245,1
7.4,0.28,0.36,14.6,0.048,35.0,161.0,0.9968,3.14,0.56,10.6,5,white,8.04,26.428,0.2174,medium,high,0,14.647,0.00453,0
7.3,0.23,0.27,2.6,0.035,39.0,120.0,0.99138,3.04,0.59,11.3,7,white,7.8,31.739,0.325,off_dry,high,0,2.623,0.0031,1
6.7,0.22,0.22,1.2,0.038,5.0,124.0,0.99098,3.1,0.37,11.2,4,white,7.14,30.454,0.0403,off_dry,high,0,1.211,0.00339,0
7.4,0.25,0.28,7.25,0.028,14.0,78.0,0.99238,2.94,0.37,11.5,7,white,7.93,29.6,0.1795,medium,high,0,7.306,0.00243,1
7.5,0.3,0.21,6.55,0.026,33.0,143.0,0.99244,2.92,0.35,11.1,5,white,8.01,25.0,0.2308,medium,high,0,6.6,0.00234,0
7.2,0.26,0.24,7.0,0.023,19.0,130.0,0.99176,3.14,0.49,12.8,7,white,7.7,27.692,0.1462,medium,very_high,1,7.058,0.0018,1
6.3,0.32,0.32,1.5,0.037,12.0,76.0,0.98993,3.3,0.46,12.3,6,white,6.94,19.687,0.1579,off_dry,very_high,1,1.515,0.00301,0
7.7,0.24,0.3,1.4,0.041,15.0,102.0,0.9929,3.26,0.53,10.4,6,white,8.24,32.083,0.1471,off_dry,medium,0,1.41,0.00394,0
7.0,0.24,0.35,1.0,0.032,42.0,104.0,0.98988,3.16,0.37,11.7,7,white,7.59,29.167,0.4038,dry,high,0,1.01,0.00274,1
5.8,0.28,0.28,4.2,0.044,52.0,158.0,0.992,3.35,0.44,10.7,7,white,6.36,20.714,0.3291,off_dry,high,0,4.234,0.00411,1
6.8,0.19,0.6400000000000001,16.05,0.042,21.0,114.0,0.99784,2.85,0.5,9.5,6,white,7.63,35.789,0.1842,medium,medium,0,16.085,0.00442,0
6.6,0.19,0.35,1.5,0.037,37.0,107.0,0.99006,3.18,0.68,12.0,7,white,7.14,34.737,0.3458,off_dry,high,1,1.515,0.00308,1
6.4,0.28,0.36,1.3,0.053,28.0,186.0,0.99211,3.31,0.45,10.8,5,white,7.04,22.857,0.1505,off_dry,high,0,1.31,0.00491,0
5.6,0.28,0.27,3.9,0.043,52.0,158.0,0.99202,3.35,0.44,10.7,7,white,6.15,20.0,0.3291,off_dry,high,0,3.931,0.00402,1
5.6,0.28,0.28,4.2,0.044,52.0,158.0,0.992,3.35,0.44,10.7,7,white,6.16,20.0,0.3291,off_dry,high,0,4.234,0.00411,1
6.8,0.19,0.32,7.6,0.049,37.0,107.0,0.99332,3.12,0.44,10.7,7,white,7.31,35.789,0.3458,medium,high,0,7.651,0.00458,1
7.2,0.16,0.29,1.0,0.031,40.0,123.0,0.98958,3.12,0.4,12.1,7,white,7.65,45.0,0.3252,dry,very_high,1,1.011,0.00256,1
6.6,0.17,0.28,1.1,0.034,55.0,108.0,0.98939,3.0,0.52,11.9,7,white,7.05,38.823,0.5093,off_dry,high,0,1.112,0.00286,1
6.6,0.19,0.28,11.8,0.042,54.0,137.0,0.99492,3.18,0.37,10.8,6,white,7.07,34.737,0.3942,medium,high,0,11.86,0.00389,0
5.8,0.2,0.24,1.4,0.033,65.0,169.0,0.99043,3.59,0.56,12.3,7,white,6.24,29.0,0.3846,off_dry,very_high,1,1.414,0.00268,1
6.6,0.39,0.38,9.7,0.053,49.0,226.0,0.99787,3.3,0.57,9.4,6,white,7.37,16.923,0.2168,medium,medium,0,9.721,0.00564,0
6.8,0.12,0.3,12.9,0.049,32.0,88.0,0.99654,3.2,0.35,9.9,6,white,7.22,56.666,0.3636,medium,medium,0,12.945,0.00495,0
6.6,0.295,0.24,1.6,0.039,29.0,140.0,0.99304,3.35,0.61,10.4,7,white,7.135,22.373,0.2071,off_dry,medium,0,1.611,0.00375,1
6.6,0.26,0.24,7.2,0.038,28.0,137.0,0.9952,3.35,0.6,10.4,6,white,7.1,25.385,0.2044,medium,medium,0,7.235,0.00365,0
7.0,0.32,0.27,7.1,0.027,37.0,122.0,0.99165,3.15,0.6,12.6,7,white,7.59,21.875,0.3033,medium,very_high,1,7.16,0.00214,1
7.4,0.36,0.23,1.9,0.017,31.0,69.0,0.9892,2.93,0.36,12.5,6,white,7.99,20.555,0.4493,off_dry,very_high,1,1.921,0.00136,0
6.7,0.35,0.48,8.8,0.056,35.0,167.0,0.99628,3.04,0.47,9.4,5,white,7.53,19.143,0.2096,medium,medium,0,8.833,0.00596,0
6.4,0.38,0.24,7.2,0.047,41.0,151.0,0.99604,3.11,0.6,9.2,5,white,7.02,16.842,0.2715,medium,medium,0,7.229,0.00511,0
6.8,0.14,0.18,1.4,0.047,30.0,90.0,0.99164,3.27,0.54,11.2,6,white,7.12,48.571,0.3333,off_dry,high,0,1.412,0.0042,0
7.0,0.16,0.25,14.3,0.044,27.0,149.0,0.998,2.91,0.46,9.2,6,white,7.41,43.75,0.1812,medium,medium,0,14.329,0.00478,0
6.8,0.16,0.18,1.8,0.046,31.0,114.0,0.99226,3.27,0.55,10.8,6,white,7.14,42.5,0.2719,off_dry,high,0,1.814,0.00426,0
7.2,0.24,0.3,1.2,0.037,11.0,95.0,0.98914,2.96,0.36,12.5,6,white,7.74,30.0,0.1158,off_dry,very_high,1,1.213,0.00296,0
7.7,0.32,0.61,11.8,0.041,66.0,188.0,0.99794,3.0,0.54,9.3,5,white,8.63,24.062,0.3511,medium,medium,0,11.824,0.00441,0
7.0,0.29,0.33,0.9,0.041,20.0,117.0,0.99048,3.21,0.5,11.4,5,white,7.62,24.138,0.1709,dry,high,0,0.909,0.0036,0
7.1,0.27,0.24,12.6,0.044,48.0,118.0,0.99726,3.04,0.56,10.0,7,white,7.61,26.296,0.4068,medium,medium,0,12.635,0.0044,1
6.8,0.45,0.28,16.05,0.031,27.0,122.0,1.00295,3.06,0.42,10.6,6,white,7.53,15.111,0.2213,medium,high,0,16.003,0.00292,0
6.3,0.2,0.26,4.7,0.04,78.5,168.0,0.99278,3.07,0.75,10.7,7,white,6.76,31.5,0.4673,off_dry,high,0,4.734,0.00374,1
6.6,0.36,0.28,6.1,0.029,12.0,93.0,0.99054,3.19,0.27,12.8,7,white,7.24,18.333,0.129,medium,very_high,1,6.158,0.00227,1
6.4,0.37,0.2,5.6,0.10800000000000001,61.0,183.0,0.99459,3.24,0.43,9.5,5,white,6.97,17.297,0.3333,medium,medium,0,5.63,0.01137,0
6.4,0.38,0.2,5.3,0.10800000000000001,57.0,181.0,0.99459,3.24,0.43,9.5,6,white,6.98,16.842,0.3149,medium,medium,0,5.329,0.01137,0
6.4,0.36,0.2,5.7,0.10800000000000001,61.0,172.0,0.9946,3.24,0.43,9.5,6,white,6.96,17.778,0.3547,medium,medium,0,5.731,0.01137,0
6.6,0.3,0.25,8.0,0.036,21.0,124.0,0.99362,3.06,0.38,10.8,6,white,7.15,22.0,0.1694,medium,high,0,8.051,0.00333,0
6.5,0.21,0.51,16.05,0.045,34.0,125.0,0.99966,3.2,0.47,8.8,6,white,7.22,30.952,0.272,medium,low,0,16.055,0.00511,0
7.6,0.31,0.27,8.8,0.021,57.0,156.0,0.99442,3.08,0.38,11.0,7,white,8.18,24.516,0.3654,medium,high,0,8.849,0.00191,1
5.8,0.58,0.0,1.5,0.02,33.0,96.0,0.98918,3.29,0.38,12.4,6,white,6.38,10.0,0.3437,off_dry,very_high,1,1.516,0.00161,0
6.5,0.26,0.39,1.4,0.02,12.0,66.0,0.99089,3.25,0.75,11.3,7,white,7.15,25.0,0.1818,off_dry,high,0,1.413,0.00177,1
8.7,0.3,0.34,4.8,0.018,23.0,127.0,0.99474,3.12,0.49,11.2,7,white,9.34,29.0,0.1811,off_dry,high,0,4.825,0.00161,1
6.4,0.29,0.32,2.4,0.014,34.0,89.0,0.99008,3.24,0.66,12.5,7,white,7.01,22.069,0.382,off_dry,very_high,1,2.424,0.00112,1
6.7,0.13,0.32,3.7,0.017,32.0,99.0,0.99348,3.12,0.44,10.0,6,white,7.15,51.538,0.3232,off_dry,medium,0,3.724,0.0017,0
6.8,0.19,0.33,4.9,0.047,42.0,130.0,0.99283,3.12,0.56,11.0,6,white,7.32,35.789,0.3231,off_dry,high,0,4.935,0.00427,0
6.0,0.25,0.4,5.7,0.052,56.0,152.0,0.99398,3.16,0.855,10.5,6,white,6.65,24.0,0.3684,medium,medium,0,5.735,0.00495,0
6.4,0.24,0.23,2.0,0.046,30.0,133.0,0.9908,3.12,0.54,11.4,7,white,6.87,26.667,0.2256,off_dry,high,0,2.019,0.00404,1
5.9,0.18,0.28,5.1,0.039,50.0,139.0,0.99165,3.16,0.44,11.3,6,white,6.36,32.778,0.3597,medium,high,0,5.143,0.00345,0
7.2,0.33,0.22,4.5,0.031,10.0,73.0,0.99076,2.97,0.52,12.2,7,white,7.75,21.818,0.137,off_dry,very_high,1,4.542,0.00254,1
6.4,0.29,0.24,3.2,0.037,31.0,95.0,0.98942,2.9,0.66,12.6,7,white,6.93,22.069,0.3263,off_dry,very_high,1,3.234,0.00294,1
7.3,0.31,0.25,6.65,0.032,30.0,138.0,0.99244,2.9,0.37,11.1,5,white,7.86,23.548,0.2174,medium,high,0,6.701,0.00288,0
7.0,0.29,0.37,1.6,0.035,34.0,126.0,0.99058,3.26,0.47,12.3,6,white,7.66,24.138,0.2698,off_dry,very_high,1,1.615,0.00285,0
6.9,0.19,0.6,4.0,0.037,6.0,122.0,0.99255,2.92,0.59,10.4,4,white,7.69,36.316,0.0492,off_dry,medium,0,4.03,0.00356,0
6.3,0.32,0.17,16.05,0.06,51.0,190.0,0.99916,3.13,0.48,8.8,6,white,6.79,19.687,0.2684,medium,low,0,16.063,0.00682,0
6.6,0.085,0.33,1.4,0.036,17.0,109.0,0.99306,3.27,0.61,9.5,6,white,7.015,77.646,0.156,off_dry,medium,0,1.41,0.00379,0
6.8,0.18,0.32,7.2,0.047,17.0,109.0,0.99498,3.42,0.44,10.4,6,white,7.3,37.778,0.156,medium,medium,0,7.236,0.00452,0
6.8,0.52,0.26,5.7,0.038,27.0,130.0,0.99,3.11,0.27,13.0,7,white,7.58,13.077,0.2077,medium,very_high,1,5.758,0.00292,1
7.1,0.28,0.28,8.5,0.03,25.0,191.0,0.99338,3.16,0.46,12.2,7,white,7.66,25.357,0.1309,medium,very_high,1,8.557,0.00246,1
5.7,0.15,0.47,11.4,0.035,49.0,128.0,0.99456,3.03,0.34,10.5,8,white,6.32,38.0,0.3828,medium,medium,0,11.462,0.00333,1
5.8,0.275,0.3,5.4,0.043,41.0,149.0,0.9926,3.33,0.42,10.8,7,white,6.375,21.091,0.2752,medium,high,0,5.44,0.00398,1
5.4,0.53,0.16,2.7,0.036,34.0,128.0,0.98856,3.2,0.53,13.2,8,white,6.09,10.189,0.2656,off_dry,very_high,1,2.731,0.00273,1
5.8,0.32,0.28,4.3,0.032,46.0,115.0,0.98946,3.16,0.57,13.0,8,white,6.4,18.125,0.4,off_dry,very_high,1,4.346,0.00246,1
6.7,0.22,0.39,1.2,0.049,26.0,152.0,0.99346,3.5,0.47,10.0,6,white,7.31,30.454,0.1711,off_dry,medium,0,1.208,0.0049,0
6.1,0.6,0.12,1.8,0.05,11.0,76.0,0.99268,3.42,0.48,10.4,4,white,6.82,10.167,0.1447,off_dry,medium,0,1.813,0.00481,0
6.5,0.26,0.31,1.3,0.034,59.0,145.0,0.98944,3.16,0.54,12.4,6,white,7.07,25.0,0.4069,off_dry,very_high,1,1.314,0.00274,0
5.0,0.29,0.54,5.7,0.035,54.0,155.0,0.98976,3.27,0.34,12.9,8,white,5.83,17.241,0.3484,medium,very_high,1,5.759,0.00271,1
6.8,0.21,0.26,11.7,0.038,61.0,152.0,0.99523,3.02,0.56,10.5,7,white,7.27,32.381,0.4013,medium,medium,0,11.756,0.00362,1
6.5,0.27,0.26,11.0,0.03,2.0,82.0,0.99402,3.07,0.36,11.2,5,white,7.03,24.074,0.0244,medium,high,0,11.066,0.00268,0
5.9,0.37,0.32,1.6,0.029,41.0,102.0,0.98916,3.41,0.55,12.7,7,white,6.59,15.946,0.402,off_dry,very_high,1,1.618,0.00228,1
6.2,0.21,0.18,11.6,0.044,61.0,155.0,0.99655,3.14,0.52,9.4,6,white,6.59,29.524,0.3935,medium,medium,0,11.64,0.00468,0
6.8,0.3,0.29,6.2,0.025,29.0,95.0,0.99071,3.03,0.32,12.9,7,white,7.39,22.667,0.3053,medium,very_high,1,6.258,0.00194,1
7.3,0.41,0.29,1.8,0.032,26.0,74.0,0.98889,2.96,0.35,13.0,8,white,8.0,17.805,0.3514,off_dry,very_high,1,1.82,0.00246,1
5.4,0.3,0.3,1.2,0.029,25.0,93.0,0.98742,3.31,0.4,13.6,7,white,6.0,18.0,0.2688,off_dry,very_high,1,1.215,0.00213,1
6.6,0.34,0.2,1.0,0.053,26.0,112.0,0.99336,3.32,0.55,9.1,5,white,7.14,19.412,0.2321,dry,medium,0,1.007,0.00582,0
5.6,0.25,0.19,2.4,0.049,42.0,166.0,0.992,3.25,0.43,10.4,6,white,6.04,22.4,0.253,off_dry,medium,0,2.419,0.00471,0
5.3,0.3,0.3,1.2,0.029,25.0,93.0,0.98742,3.31,0.4,13.6,7,white,5.9,17.667,0.2688,off_dry,very_high,1,1.215,0.00213,1
6.9,0.58,0.58,8.2,0.032,29.0,169.0,0.99275,3.28,0.44,12.2,6,white,8.06,11.897,0.1716,medium,very_high,1,8.26,0.00262,0
7.2,0.23,0.25,16.05,0.085,19.0,111.0,1.00044,3.1,0.51,8.7,5,white,7.68,31.304,0.1712,medium,low,0,16.043,0.00977,0
7.1,0.2,0.27,9.6,0.037,19.0,105.0,0.99444,3.04,0.37,10.5,7,white,7.57,35.5,0.181,medium,medium,0,9.654,0.00352,1
6.8,0.15,0.41,12.9,0.044,78.5,183.0,0.99742,3.24,0.78,10.2,6,white,7.36,45.333,0.429,medium,medium,0,12.933,0.00431,0
7.0,0.22,0.26,9.2,0.027,37.0,122.0,0.99228,3.06,0.34,12.5,8,white,7.48,31.818,0.3033,medium,very_high,1,9.272,0.00216,1
6.4,0.16,0.44,1.2,0.051,39.0,122.0,0.99058,3.11,0.75,11.3,7,white,7.0,40.0,0.3197,off_dry,high,0,1.211,0.00451,1
6.8,0.31,0.3,8.0,0.028,33.0,122.0,0.99164,3.13,0.63,12.6,7,white,7.41,21.935,0.2705,medium,very_high,1,8.067,0.00222,1
7.6,0.3,0.37,1.6,0.087,27.0,177.0,0.99438,3.09,0.5,9.8,5,white,8.27,25.333,0.1525,off_dry,medium,0,1.609,0.00888,0
6.0,0.16,0.27,12.0,0.03,39.0,98.0,0.99402,3.15,0.34,10.8,5,white,6.43,37.5,0.398,medium,high,0,12.072,0.00278,0
7.1,0.21,0.35,2.5,0.04,41.0,186.0,0.99128,3.32,0.56,12.5,6,white,7.66,33.809,0.2204,off_dry,very_high,1,2.522,0.0032,0
5.6,0.21,0.24,4.4,0.027,37.0,150.0,0.991,3.3,0.31,11.5,7,white,6.05,26.667,0.2467,off_dry,high,0,4.44,0.00235,1
7.4,0.22,0.26,8.8,0.027,23.0,112.0,0.9931,2.98,0.41,11.4,6,white,7.88,33.636,0.2054,medium,high,0,8.861,0.00237,0
6.4,0.15,0.4,1.3,0.053,61.0,146.0,0.99112,3.17,0.68,11.0,6,white,6.95,42.666,0.4178,off_dry,high,0,1.312,0.00482,0
6.8,0.15,0.41,12.9,0.044,78.5,182.0,0.99742,3.24,0.78,10.2,6,white,7.36,45.333,0.4313,medium,medium,0,12.933,0.00431,0
6.3,0.22,0.34,1.2,0.036,32.0,96.0,0.98961,3.06,0.74,11.6,6,white,6.86,28.636,0.3333,off_dry,high,0,1.213,0.0031,0
7.0,0.3,0.27,1.5,0.076,24.0,145.0,0.99344,3.1,0.52,10.1,5,white,7.57,23.333,0.1655,off_dry,medium,0,1.51,0.00752,0
6.6,0.26,0.22,16.05,0.05,23.0,139.0,0.99904,3.06,0.5,9.2,5,white,7.08,25.385,0.1655,medium,medium,0,16.065,0.00543,0
7.5,0.24,0.31,13.1,0.05,26.0,180.0,0.99884,3.05,0.53,9.1,6,white,8.05,31.25,0.1444,medium,medium,0,13.115,0.00549,0
6.6,0.15,0.34,1.0,0.037,45.0,79.0,0.98949,2.96,0.5,11.7,6,white,7.09,44.0,0.5696,dry,high,0,1.011,0.00316,0
6.7,0.34,0.43,1.6,0.041,29.0,114.0,0.99014,3.23,0.44,12.6,6,white,7.47,19.706,0.2544,off_dry,very_high,1,1.616,0.00325,0
7.7,0.35,0.46,11.8,0.088,61.0,183.0,0.99786,2.86,0.47,9.0,5,white,8.51,22.0,0.3333,medium,low,0,11.825,0.00978,0
6.7,0.31,0.09,1.4,0.039,53.0,141.0,0.99206,3.12,0.44,10.1,5,white,7.1,21.613,0.3759,off_dry,medium,0,1.411,0.00386,0
4.7,0.67,0.09,1.0,0.02,5.0,9.0,0.98722,3.3,0.34,13.6,5,white,5.46,7.015,0.5556,dry,very_high,1,1.013,0.00147,0
6.3,0.2,0.18,10.6,0.045,57.0,159.0,0.99666,3.09,0.54,9.2,5,white,6.68,31.5,0.3585,medium,medium,0,10.636,0.00489,0
6.6,0.28,0.23,10.4,0.049,45.0,190.0,0.99754,3.12,0.51,8.8,5,white,7.11,23.571,0.2368,medium,low,0,10.426,0.00557,0
8.5,0.18,0.3,1.1,0.028,34.0,95.0,0.99272,2.83,0.36,10.0,4,white,8.98,47.222,0.3579,off_dry,medium,0,1.108,0.0028,0
6.5,0.35,0.38,7.4,0.036,20.0,196.0,0.99712,3.47,0.48,9.1,6,white,7.23,18.571,0.102,medium,medium,0,7.421,0.00396,0
6.8,0.22,0.26,1.2,0.041,29.0,182.0,0.99104,3.04,0.35,11.2,5,white,7.28,30.909,0.1593,off_dry,high,0,1.211,0.00366,0
6.3,0.18,0.24,3.4,0.053,20.0,119.0,0.99373,3.11,0.52,9.2,6,white,6.72,35.0,0.1681,off_dry,medium,0,3.421,0.00576,0
6.6,0.3,0.45,8.0,0.038,54.0,200.0,0.9956,3.18,0.48,9.5,5,white,7.35,22.0,0.27,medium,medium,0,8.035,0.004,0
6.3,0.34,0.27,2.5,0.024,40.0,152.0,0.99095,3.35,0.6,11.9,7,white,6.91,18.529,0.2632,off_dry,high,0,2.523,0.00202,1
7.7,0.3,0.23,2.0,0.068,28.0,138.0,0.99382,3.11,0.62,9.8,5,white,8.23,25.667,0.2029,off_dry,medium,0,2.012,0.00694,0
7.7,0.31,0.23,2.0,0.069,29.0,134.0,0.99382,3.11,0.62,9.8,5,white,8.24,24.839,0.2164,off_dry,medium,0,2.012,0.00704,0
5.7,0.265,0.28,6.9,0.036,46.0,150.0,0.99299,3.36,0.44,10.8,7,white,6.245,21.509,0.3067,medium,high,0,6.949,0.00333,1
5.4,0.255,0.33,1.2,0.051,29.0,122.0,0.99048,3.37,0.66,11.3,6,white,5.985,21.176,0.2377,off_dry,high,0,1.212,0.00451,0
6.6,0.26,0.28,9.4,0.028,13.0,121.0,0.99254,3.17,0.34,12.1,6,white,7.14,25.385,0.1074,medium,very_high,1,9.471,0.00231,0
4.8,0.17,0.28,2.9,0.03,22.0,111.0,0.9902,3.38,0.34,11.3,7,white,5.25,28.235,0.1982,off_dry,high,0,2.929,0.00265,1
6.2,0.2,0.33,5.4,0.028,21.0,75.0,0.99012,3.36,0.41,13.5,7,white,6.73,31.0,0.28,medium,very_high,1,5.454,0.00207,1
7.5,0.28,0.41,1.3,0.044,11.0,126.0,0.99293,3.28,0.45,10.3,5,white,8.19,26.786,0.0873,off_dry,medium,0,1.309,0.00427,0
6.2,0.22,0.2,16.05,0.035,58.0,184.0,1.00022,3.11,0.53,9.0,6,white,6.62,28.182,0.3152,medium,low,0,16.046,0.00389,0
7.0,0.34,0.26,10.3,0.041,51.0,166.0,0.99382,3.08,0.35,11.6,6,white,7.6,20.588,0.3072,medium,high,0,10.364,0.00353,0
6.5,0.19,0.34,1.6,0.029,39.0,116.0,0.98954,3.21,0.68,12.5,6,white,7.03,34.21,0.3362,off_dry,very_high,1,1.617,0.00232,0
6.0,0.21,0.29,13.1,0.042,28.0,125.0,0.99936,3.39,0.45,8.6,5,white,6.5,28.571,0.224,medium,low,0,13.108,0.00488,0
6.1,0.22,0.46,1.8,0.10800000000000001,34.0,74.0,0.9884,3.19,0.33,13.4,6,white,6.78,27.727,0.4595,off_dry,very_high,1,1.821,0.00806,0
6.5,0.32,0.48,8.0,0.026,18.0,88.0,0.99144,3.22,0.79,12.7,4,white,7.3,20.312,0.2045,medium,very_high,1,8.069,0.00205,0
7.1,0.21,0.6400000000000001,1.6,0.10800000000000001,65.0,120.0,0.99324,2.97,0.51,9.2,5,white,7.95,33.809,0.5417,off_dry,medium,0,1.611,0.01174,0
5.6,0.26,0.18,1.4,0.034,18.0,135.0,0.99174,3.32,0.35,10.2,6,white,6.04,21.538,0.1333,off_dry,medium,0,1.412,0.00333,0
7.0,0.15,0.28,14.7,0.051,29.0,149.0,0.99792,2.96,0.39,9.0,7,white,7.43,46.666,0.1946,medium,low,0,14.731,0.00567,1
7.4,0.27,0.28,1.8,0.04,45.0,121.0,0.99043,3.02,0.4,11.9,5,white,7.95,27.407,0.3719,off_dry,high,0,1.817,0.00336,0
6.8,0.22,0.3,10.6,0.07,67.0,194.0,0.99654,2.89,0.42,9.0,6,white,7.32,30.909,0.3454,medium,low,0,10.637,0.00778,0
6.2,0.24,0.25,12.5,0.055,47.0,134.0,0.99758,3.3,0.51,9.0,5,white,6.69,25.833,0.3507,medium,low,0,12.53,0.00611,0
6.3,0.28,0.29,6.8,0.051,40.0,143.0,0.99374,3.43,0.59,11.0,6,white,6.87,22.5,0.2797,medium,high,0,6.843,0.00464,0
5.5,0.17,0.23,2.9,0.039,10.0,108.0,0.99243,3.28,0.5,10.0,5,white,5.9,32.353,0.0926,off_dry,medium,0,2.922,0.0039,0
6.5,0.26,0.34,1.4,0.04,25.0,184.0,0.99216,3.29,0.46,10.7,5,white,7.1,25.0,0.1359,off_dry,high,0,1.411,0.00374,0
6.6,0.27,0.33,1.4,0.042,24.0,183.0,0.99215,3.29,0.46,10.7,5,white,7.2,24.444,0.1311,off_dry,high,0,1.411,0.00393,0
5.4,0.46,0.15,2.1,0.026,29.0,130.0,0.98953,3.39,0.77,13.4,8,white,6.01,11.739,0.2231,off_dry,very_high,1,2.122,0.00194,1
7.8,0.19,0.32,7.4,0.015,47.0,124.0,0.99278,2.99,0.39,11.0,6,white,8.31,41.052,0.379,medium,high,0,7.454,0.00136,0
7.8,0.2,0.32,5.0,0.016,31.0,101.0,0.99186,2.99,0.39,11.0,6,white,8.32,39.0,0.3069,off_dry,high,0,5.041,0.00145,0
6.1,0.17,0.28,2.5,0.028,22.0,98.0,0.99072,3.16,0.37,11.1,7,white,6.55,35.882,0.2245,off_dry,high,0,2.523,0.00252,1
7.4,0.2,0.35,6.1,0.025,10.0,40.0,0.99244,2.79,0.52,10.9,5,white,7.95,37.0,0.25,medium,high,0,6.146,0.00229,0
6.7,0.39,0.24,2.7,0.017,22.0,80.0,0.99084,3.03,0.37,11.5,5,white,7.33,17.179,0.275,off_dry,high,0,2.725,0.00148,0
6.9,0.4,0.17,12.9,0.033,59.0,186.0,0.99754,3.08,0.49,9.4,5,white,7.47,17.25,0.3172,medium,medium,0,12.932,0.00351,0
6.3,0.24,0.29,13.7,0.035,53.0,134.0,0.99567,3.17,0.38,10.6,6,white,6.83,26.25,0.3955,medium,high,0,13.76,0.0033,0
7.4,0.27,0.31,2.4,0.014,15.0,143.0,0.99094,3.03,0.65,12.0,4,white,7.98,27.407,0.1049,off_dry,high,1,2.422,0.00117,0
6.1,0.27,0.28,9.8,0.042,61.0,125.0,0.99532,3.14,0.42,10.2,6,white,6.65,22.593,0.488,medium,medium,0,9.846,0.00412,0
5.0,0.61,0.12,1.3,0.009,65.0,100.0,0.9874,3.26,0.37,13.5,5,white,5.73,8.197,0.65,off_dry,very_high,1,1.317,0.00067,0
6.7,0.42,0.39,12.1,0.04,61.0,248.0,0.99794,3.31,0.58,9.7,5,white,7.51,15.952,0.246,medium,medium,0,12.125,0.00412,0
6.5,0.33,0.28,6.1,0.018,41.0,103.0,0.99122,3.24,0.32,12.2,6,white,7.11,19.697,0.3981,medium,very_high,1,6.154,0.00148,0
6.9,0.33,0.31,7.7,0.04,29.0,135.0,0.99226,3.11,0.57,12.3,5,white,7.54,20.909,0.2148,medium,very_high,1,7.76,0.00325,0
6.3,0.15,0.3,1.4,0.022,38.0,100.0,0.99099,3.42,0.57,11.4,7,white,6.75,42.0,0.38,off_dry,high,0,1.413,0.00193,1
6.5,0.32,0.45,7.7,0.022,31.0,97.0,0.99134,3.2,0.7,12.7,7,white,7.27,20.312,0.3196,medium,very_high,1,7.767,0.00173,1
7.4,0.25,0.29,6.8,0.02,31.0,113.0,0.99338,3.13,0.29,10.8,6,white,7.94,29.6,0.2743,medium,high,0,6.845,0.00185,0
7.6,0.27,0.3,9.2,0.018,23.0,96.0,0.9938,3.08,0.29,11.0,6,white,8.17,28.148,0.2396,medium,high,0,9.257,0.00164,0
6.4,0.27,0.45,8.3,0.05,52.0,196.0,0.9955,3.18,0.48,9.5,5,white,7.12,23.704,0.2653,medium,medium,0,8.338,0.00526,0
6.5,0.25,0.27,16.05,0.064,29.0,140.0,0.99776,3.2,0.49,10.1,6,white,7.02,26.0,0.2071,medium,medium,0,16.086,0.00634,0
5.6,0.19,0.31,2.7,0.027,11.0,100.0,0.98964,3.46,0.4,13.2,7,white,6.1,29.474,0.11,off_dry,very_high,1,2.728,0.00205,1
7.4,0.29,0.48,12.8,0.037,61.5,182.0,0.99808,3.02,0.34,8.8,5,white,8.17,25.517,0.3379,medium,low,0,12.825,0.0042,0
6.4,0.34,0.44,8.2,0.043,54.0,201.0,0.99551,3.18,0.48,9.5,5,white,7.18,18.823,0.2687,medium,medium,0,8.237,0.00453,0
6.6,0.27,0.52,8.1,0.044,53.0,202.0,0.99548,3.18,0.48,9.5,5,white,7.39,24.444,0.2624,medium,medium,0,8.137,0.00463,0
6.6,0.26,0.52,8.2,0.047,52.0,191.0,0.99541,3.16,0.47,9.5,6,white,7.38,25.385,0.2723,medium,medium,0,8.238,0.00495,0
6.5,0.26,0.5,8.0,0.051,46.0,197.0,0.99536,3.18,0.47,9.5,5,white,7.26,25.0,0.2335,medium,medium,0,8.037,0.00537,0
6.8,0.25,0.3,11.8,0.043,53.0,133.0,0.99524,3.03,0.58,10.4,6,white,7.35,27.2,0.3985,medium,medium,0,11.856,0.00413,0
6.3,0.32,0.26,12.0,0.049,63.0,170.0,0.9961,3.14,0.55,9.9,6,white,6.88,19.687,0.3706,medium,medium,0,12.047,0.00495,0
5.5,0.24,0.45,1.7,0.046,22.0,113.0,0.99224,3.22,0.48,10.0,5,white,6.19,22.917,0.1947,off_dry,medium,0,1.713,0.0046,0
6.6,0.13,0.29,13.9,0.056,33.0,95.0,0.99702,3.17,0.39,9.4,6,white,7.02,50.769,0.3474,medium,medium,0,13.942,0.00596,0
7.0,0.39,0.21,10.7,0.098,13.0,91.0,0.99657,3.03,0.47,9.3,5,white,7.6,17.949,0.1429,medium,medium,0,10.737,0.01054,0
7.9,0.21,0.39,2.0,0.057,21.0,138.0,0.99176,3.05,0.52,10.9,5,white,8.5,37.619,0.1522,off_dry,high,0,2.017,0.00523,0
7.0,0.3,0.28,2.2,0.042,21.0,177.0,0.99166,3.2,0.57,11.4,5,white,7.58,23.333,0.1186,off_dry,high,0,2.219,0.00368,0
8.1,0.2,0.3,1.3,0.036,7.0,49.0,0.99242,2.99,0.73,10.3,5,white,8.6,40.5,0.1429,off_dry,medium,0,1.31,0.0035,0
8.3,0.18,0.3,1.1,0.033,20.0,57.0,0.99109,3.02,0.51,11.0,6,white,8.78,46.111,0.3509,off_dry,high,0,1.11,0.003,0
7.2,0.17,0.34,6.4,0.042,16.0,111.0,0.99278,2.99,0.4,10.8,6,white,7.71,42.353,0.1441,medium,high,0,6.447,0.00389,0
6.8,0.21,0.62,6.4,0.041,7.0,113.0,0.99358,2.96,0.59,10.2,5,white,7.63,32.381,0.0619,medium,medium,0,6.441,0.00402,0
6.9,0.21,0.62,6.3,0.042,7.0,109.0,0.99358,2.96,0.59,10.2,6,white,7.73,32.857,0.0642,medium,medium,0,6.341,0.00412,0
6.8,0.26,0.34,15.1,0.06,42.0,162.0,0.99705,3.24,0.52,10.5,3,white,7.4,26.154,0.2593,medium,medium,0,15.145,0.00571,0
7.2,0.28,0.38,2.0,0.052,23.0,156.0,0.9912,3.13,0.52,11.1,5,white,7.86,25.714,0.1474,off_dry,high,0,2.018,0.00468,0
7.4,0.34,0.28,12.1,0.049,31.0,149.0,0.99677,3.22,0.49,10.3,5,white,8.02,21.765,0.2081,medium,medium,0,12.139,0.00476,0
6.3,0.43,0.32,8.8,0.042,18.0,106.0,0.99172,3.28,0.33,12.9,7,white,7.05,14.651,0.1698,medium,very_high,1,8.873,0.00326,1
6.8,0.41,0.3,8.8,0.045,28.0,131.0,0.9953,3.12,0.59,9.9,5,white,7.51,16.585,0.2137,medium,medium,0,8.842,0.00455,0
6.3,0.4,0.24,5.1,0.036,43.0,131.0,0.99186,3.24,0.44,11.3,6,white,6.94,15.75,0.3282,medium,high,0,5.142,0.00319,0
5.1,0.35,0.26,6.8,0.034,36.0,120.0,0.99188,3.38,0.4,11.5,6,white,5.71,14.571,0.3,medium,high,0,6.856,0.00296,0
6.3,0.3,0.2,3.7,0.039,34.0,132.0,0.99158,3.0,0.38,10.7,5,white,6.8,21.0,0.2576,off_dry,high,0,3.731,0.00364,0
6.9,0.28,0.28,12.2,0.042,52.0,139.0,0.99522,3.03,0.56,10.4,6,white,7.46,24.643,0.3741,medium,medium,0,12.259,0.00404,0
7.0,0.33,0.28,5.7,0.033,39.0,204.0,0.99176,3.17,0.64,12.5,6,white,7.61,21.212,0.1912,medium,very_high,1,5.747,0.00264,0
6.7,0.26,0.49,8.1,0.052,48.0,197.0,0.99558,3.19,0.48,9.5,5,white,7.45,25.769,0.2437,medium,medium,0,8.136,0.00547,0
7.3,0.24,0.3,2.5,0.042,31.0,104.0,0.9911,3.05,0.56,11.3,7,white,7.84,30.417,0.2981,off_dry,high,0,2.522,0.00372,1
6.7,0.46,0.21,4.0,0.034,12.0,88.0,0.99016,3.26,0.54,13.0,6,white,7.37,14.565,0.1364,off_dry,very_high,1,4.04,0.00262,0
5.1,0.23,0.18,1.0,0.053,13.0,99.0,0.98956,3.22,0.39,11.5,5,white,5.51,22.174,0.1313,dry,high,0,1.011,0.00461,0
7.1,0.44,0.23,5.8,0.035,24.0,100.0,0.99062,3.15,0.57,13.2,7,white,7.77,16.136,0.24,medium,very_high,1,5.855,0.00265,1
4.8,0.26,0.23,10.6,0.034,23.0,111.0,0.99274,3.46,0.28,11.5,7,white,5.29,18.461,0.2072,medium,high,0,10.678,0.00296,1
6.8,0.31,0.19,3.5,0.086,30.0,130.0,0.993,2.83,0.44,9.6,5,white,7.3,21.935,0.2308,off_dry,medium,0,3.525,0.00896,0
7.0,0.15,0.29,16.05,0.058,45.0,110.0,0.9978,3.15,0.37,9.7,6,white,7.44,46.666,0.4091,medium,medium,0,16.085,0.00598,0
6.5,0.41,0.22,4.8,0.052,49.0,142.0,0.9946,3.14,0.62,9.2,5,white,7.13,15.854,0.3451,off_dry,medium,0,4.826,0.00565,0
6.2,0.31,0.23,3.3,0.052,34.0,113.0,0.99429,3.16,0.48,8.4,5,white,6.74,20.0,0.3009,off_dry,low,0,3.319,0.00619,0
8.0,0.27,0.33,1.2,0.05,41.0,103.0,0.99002,3.0,0.45,12.4,6,white,8.6,29.63,0.3981,off_dry,very_high,1,1.212,0.00403,0
6.7,0.37,0.25,2.5,0.028,24.0,84.0,0.9909,3.14,0.36,11.7,6,white,7.32,18.108,0.2857,off_dry,high,0,2.523,0.00239,0
6.6,0.21,0.5,8.7,0.036,41.0,191.0,0.99294,2.96,0.56,11.0,6,white,7.31,31.428,0.2147,medium,high,0,8.762,0.00327,0
7.5,0.26,0.31,1.6,0.032,36.0,109.0,0.99044,2.97,0.43,11.9,6,white,8.07,28.846,0.3303,off_dry,high,0,1.615,0.00269,0
7.5,0.34,0.28,4.0,0.028,46.0,100.0,0.98958,3.2,0.5,13.2,7,white,8.12,22.059,0.46,off_dry,very_high,1,4.042,0.00212,1
6.4,0.32,0.23,16.05,0.055,36.0,176.0,0.9986,3.26,0.54,9.1,5,white,6.95,20.0,0.2045,medium,medium,0,16.073,0.00604,0
6.7,0.24,0.32,9.0,0.023,20.0,109.0,0.99262,3.34,0.35,12.6,6,white,7.26,27.917,0.1835,medium,very_high,1,9.067,0.00183,0
7.1,0.39,0.6400000000000001,1.4,0.10800000000000001,23.0,90.0,0.99212,3.17,0.46,10.5,6,white,8.13,18.205,0.2556,off_dry,medium,0,1.411,0.01029,0
8.2,0.31,0.43,7.0,0.047,18.0,87.0,0.99628,3.23,0.64,10.6,5,white,8.94,26.452,0.2069,medium,high,0,7.026,0.00443,0
5.9,0.17,0.29,3.1,0.03,32.0,123.0,0.98913,3.41,0.33,13.7,7,white,6.36,34.706,0.2602,off_dry,very_high,1,3.134,0.00219,1
5.9,0.2,0.23,1.5,0.037,38.0,93.0,0.99021,3.36,0.49,12.0,6,white,6.33,29.5,0.4086,off_dry,high,1,1.515,0.00308,0
6.6,0.32,0.26,4.6,0.031,26.0,120.0,0.99198,3.4,0.73,12.5,7,white,7.18,20.625,0.2167,off_dry,very_high,1,4.637,0.00248,1
5.9,0.12,0.27,4.8,0.03,40.0,110.0,0.99226,3.55,0.68,12.1,6,white,6.29,49.166,0.3636,off_dry,very_high,1,4.837,0.00248,0
5.9,0.18,0.29,4.6,0.032,68.0,137.0,0.99159,3.21,0.38,11.3,6,white,6.37,32.778,0.4964,off_dry,high,0,4.639,0.00283,0
5.4,0.17,0.27,2.7,0.049,28.0,104.0,0.99224,3.46,0.55,10.3,6,white,5.84,31.765,0.2692,off_dry,medium,0,2.721,0.00476,0
6.1,0.21,0.3,6.3,0.039,47.0,136.0,0.99068,3.27,0.31,12.7,6,white,6.61,29.047,0.3456,medium,very_high,1,6.359,0.00307,0
7.3,0.25,0.26,7.2,0.048,52.0,207.0,0.99587,3.12,0.37,9.2,5,white,7.81,29.2,0.2512,medium,medium,0,7.23,0.00522,0
6.2,0.22,0.3,12.4,0.054,78.5,152.0,0.99728,3.1,0.47,9.5,6,white,6.72,28.182,0.5164,medium,medium,0,12.434,0.00568,0
6.5,0.27,0.19,6.6,0.045,78.5,175.0,0.99364,3.16,0.34,10.1,6,white,6.96,24.074,0.4486,medium,medium,0,6.642,0.00446,0
6.6,0.39,0.22,4.0,0.038,17.0,98.0,0.99018,3.25,0.53,13.0,7,white,7.21,16.923,0.1735,off_dry,very_high,1,4.04,0.00292,1
6.0,0.31,0.38,4.8,0.04,41.0,101.0,0.98968,3.24,0.56,13.1,6,white,6.69,19.355,0.4059,off_dry,very_high,1,4.85,0.00305,0
8.4,0.23,0.32,1.3,0.048,59.0,113.0,0.99178,3.1,0.55,11.0,6,white,8.95,36.522,0.5221,off_dry,high,0,1.311,0.00436,0
6.0,0.22,0.25,11.1,0.056,78.5,177.0,0.9961,3.08,0.36,9.4,6,white,6.47,27.273,0.4435,medium,medium,0,11.143,0.00596,0
6.1,0.23,0.27,9.8,0.055,74.0,134.0,0.99534,3.16,0.4,10.2,6,white,6.6,26.522,0.5522,medium,medium,0,9.846,0.00539,0
7.3,0.36,0.54,13.3,0.054,63.0,193.0,0.99864,3.06,0.49,8.6,4,white,8.2,20.278,0.3264,medium,low,0,13.318,0.00628,0
7.6,0.37,0.51,11.7,0.094,58.0,181.0,0.99776,2.91,0.51,9.0,5,white,8.48,20.54,0.3204,medium,low,0,11.726,0.01044,0
6.7,0.26,0.51,8.0,0.062,50.0,194.0,0.99545,3.13,0.5,9.6,5,white,7.47,25.769,0.2577,medium,medium,0,8.037,0.00646,0
7.4,0.22,0.27,1.6,0.057,45.0,98.0,0.99299,3.29,0.44,9.9,7,white,7.89,33.636,0.4592,off_dry,medium,0,1.611,0.00576,1
6.1,0.22,0.28,16.05,0.059,54.0,135.0,0.99665,3.2,0.38,10.5,5,white,6.6,27.727,0.4,medium,medium,0,16.104,0.00562,0
7.1,0.28,0.31,1.5,0.053,20.0,98.0,0.99069,3.15,0.5,11.4,5,white,7.69,25.357,0.2041,off_dry,high,0,1.514,0.00465,0
6.5,0.35,0.31,10.2,0.069,58.0,170.0,0.99692,3.18,0.49,9.4,5,white,7.16,18.571,0.3412,medium,medium,0,10.232,0.00734,0
6.8,0.6799999999999999,0.2,6.6,0.054,25.0,65.0,0.99324,3.12,0.28,11.1,4,white,7.68,10.0,0.3846,medium,high,0,6.645,0.00486,0
6.0,0.28,0.24,16.05,0.047,42.0,111.0,0.99896,3.1,0.45,8.9,6,white,6.52,21.428,0.3784,medium,low,0,16.067,0.00528,0
7.1,0.2,0.37,1.5,0.049,28.0,129.0,0.99226,3.15,0.52,10.8,5,white,7.67,35.5,0.2171,off_dry,high,0,1.512,0.00454,0
6.8,0.33,0.31,7.4,0.045,34.0,143.0,0.99226,3.06,0.55,12.2,6,white,7.44,20.606,0.2378,medium,very_high,1,7.458,0.00369,0
7.2,0.24,0.36,2.0,0.029,21.0,63.0,0.99076,3.13,0.63,12.5,6,white,7.8,30.0,0.3333,off_dry,very_high,1,2.019,0.00232,0
6.2,0.27,0.26,12.1,0.046,43.0,127.0,0.9951,3.16,0.37,10.8,6,white,6.73,22.963,0.3386,medium,high,0,12.16,0.00426,0
6.4,0.38,0.26,8.2,0.043,28.0,98.0,0.99234,2.99,0.31,11.4,6,white,7.04,16.842,0.2857,medium,high,0,8.263,0.00377,0
6.0,0.21,0.3,8.7,0.036,47.0,127.0,0.99368,3.18,0.39,10.6,5,white,6.51,28.571,0.3701,medium,high,0,8.755,0.0034,0
7.0,0.34,0.1,3.5,0.044,17.0,63.0,0.9937,3.01,0.39,9.2,5,white,7.44,20.588,0.2698,off_dry,medium,0,3.522,0.00478,0
5.9,0.435,0.16,6.4,0.031,21.0,134.0,0.99151,3.24,0.46,12.2,6,white,6.495,13.563,0.1567,medium,very_high,1,6.455,0.00254,0
7.0,0.25,0.33,2.1,0.021,17.0,76.0,0.99021,3.26,0.45,12.3,6,white,7.58,28.0,0.2237,off_dry,very_high,1,2.121,0.00171,0
6.7,0.26,0.29,7.7,0.038,40.0,179.0,0.99479,3.23,0.56,10.4,6,white,7.25,25.769,0.2235,medium,medium,0,7.74,0.00365,0
7.0,0.24,0.3,12.3,0.035,72.0,172.0,0.9954,2.99,0.57,10.4,6,white,7.54,29.167,0.4186,medium,medium,0,12.357,0.00337,0
8.5,0.23,0.34,1.3,0.035,54.0,110.0,0.99176,3.07,0.55,11.0,7,white,9.07,36.956,0.4909,off_dry,high,0,1.311,0.00318,1
4.8,0.65,0.12,1.1,0.013,4.0,10.0,0.99246,3.32,0.36,13.5,4,white,5.57,7.385,0.4,off_dry,very_high,1,1.108,0.00096,0
6.1,0.22,0.38,2.8,0.10800000000000001,12.0,65.0,0.9908,2.95,0.64,11.4,6,white,6.7,27.727,0.1846,off_dry,high,0,2.826,0.00947,0
5.8,0.27,0.26,3.5,0.071,26.0,69.0,0.98994,3.1,0.38,11.5,6,white,6.33,21.481,0.3768,off_dry,high,0,3.536,0.00617,0
5.0,0.455,0.18,1.9,0.036,33.0,106.0,0.98746,3.21,0.83,14.0,7,white,5.635,10.989,0.3113,off_dry,very_high,1,1.924,0.00257,1
6.5,0.33,0.3,3.8,0.036,34.0,88.0,0.99028,3.25,0.63,12.5,7,white,7.13,19.697,0.3864,off_dry,very_high,1,3.837,0.00288,1
6.7,0.31,0.3,2.4,0.038,30.0,83.0,0.98867,3.09,0.36,12.8,7,white,7.31,21.613,0.3614,off_dry,very_high,1,2.428,0.00297,1
6.2,0.39,0.24,4.8,0.037,45.0,138.0,0.99174,3.23,0.43,11.2,7,white,6.83,15.897,0.3261,off_dry,high,0,4.84,0.0033,1
7.1,0.37,0.3,6.2,0.04,49.0,139.0,0.99021,3.17,0.27,13.6,6,white,7.77,19.189,0.3525,medium,very_high,1,6.261,0.00294,0
7.2,0.23,0.6400000000000001,1.3,0.10800000000000001,70.0,109.0,0.99304,2.93,0.42,9.2,6,white,8.07,31.304,0.6422,off_dry,medium,0,1.309,0.01174,0
7.2,0.25,0.32,1.5,0.054,24.0,105.0,0.99154,3.17,0.48,11.1,6,white,7.77,28.8,0.2286,off_dry,high,0,1.513,0.00486,0
4.7,0.455,0.18,1.9,0.036,33.0,106.0,0.98746,3.21,0.83,14.0,7,white,5.335,10.33,0.3113,off_dry,very_high,1,1.924,0.00257,1
6.2,0.28,0.51,7.9,0.056,49.0,206.0,0.9956,3.18,0.52,9.4,5,white,6.99,22.143,0.2379,medium,medium,0,7.935,0.00596,0
6.4,0.35,0.28,1.6,0.037,31.0,113.0,0.98779,3.12,0.4,14.2,7,white,7.03,18.286,0.2743,off_dry,very_high,1,1.62,0.00261,1
6.6,0.31,0.28,1.4,0.035,28.0,107.0,0.98836,3.0,0.4,13.2,6,white,7.19,21.29,0.2617,off_dry,very_high,1,1.416,0.00265,0
7.4,0.25,0.37,2.6,0.05,24.0,132.0,0.99138,3.04,0.53,11.2,6,white,8.02,29.6,0.1818,off_dry,high,0,2.623,0.00446,0
7.3,0.36,0.34,14.8,0.057,46.0,173.0,0.99751,3.14,0.57,10.2,5,white,8.0,20.278,0.2659,medium,medium,0,14.837,0.00559,0
8.6,0.31,0.3,0.9,0.045,16.0,109.0,0.99249,2.95,0.39,10.1,5,white,9.21,27.742,0.1468,dry,medium,0,0.907,0.00446,0
8.6,0.22,0.33,1.2,0.031,38.0,95.0,0.99239,2.83,0.31,10.3,5,white,9.15,39.091,0.4,off_dry,medium,0,1.209,0.00301,0
6.9,0.14,0.29,9.9,0.056,30.0,91.0,0.99512,3.19,0.33,9.9,6,white,7.33,49.285,0.3297,medium,medium,0,9.949,0.00566,0
6.5,0.22,0.31,3.9,0.046,17.0,106.0,0.99098,3.15,0.31,11.5,5,white,7.03,29.545,0.1604,off_dry,high,0,3.935,0.004,0
6.6,0.32,0.47,15.6,0.063,27.0,173.0,0.99872,3.18,0.56,9.0,5,white,7.39,20.625,0.1561,medium,low,0,15.62,0.007,0
6.1,0.28,0.26,1.5,0.03,25.0,101.0,0.98894,3.03,0.41,12.1,6,white,6.64,21.786,0.2475,off_dry,very_high,1,1.517,0.00248,0
6.2,0.3,0.28,1.6,0.036,28.0,106.0,0.988245,3.14,0.41,13.3,6,white,6.78,20.667,0.2642,off_dry,very_high,1,1.619,0.00271,0
6.9,0.22,0.28,7.8,0.05,43.0,116.0,0.99326,3.22,0.6,11.5,8,white,7.4,31.363,0.3707,medium,high,0,7.853,0.00435,1
8.7,0.31,0.21,5.6,0.039,28.0,67.0,0.99328,2.96,0.52,11.0,4,white,9.22,28.064,0.4179,medium,high,0,5.638,0.00355,0
7.3,0.27,0.3,1.3,0.04,26.0,84.0,0.99222,3.28,0.53,10.7,6,white,7.87,27.037,0.3095,off_dry,high,0,1.31,0.00374,0
7.0,0.46,0.2,16.05,0.046,50.0,184.0,0.99898,3.08,0.56,9.4,5,white,7.66,15.217,0.2717,medium,medium,0,16.066,0.00489,0
5.7,0.23,0.25,7.95,0.042,16.0,108.0,0.99486,3.44,0.61,10.3,6,white,6.18,24.783,0.1481,medium,medium,0,7.991,0.00408,0
6.5,0.36,0.36,6.7,0.10800000000000001,51.5,151.0,0.99528,3.17,0.42,9.3,5,white,7.22,18.056,0.3411,medium,medium,0,6.732,0.01161,0
8.2,0.18,0.38,1.1,0.04,41.0,92.0,0.99062,2.88,0.6,12.0,6,white,8.76,45.555,0.4457,off_dry,high,1,1.11,0.00333,0
6.2,0.27,0.32,6.3,0.048,47.0,159.0,0.99282,3.21,0.6,11.0,6,white,6.79,22.963,0.2956,medium,high,0,6.346,0.00436,0
6.9,0.4,0.37,8.9,0.053,36.0,148.0,0.996,3.16,0.5,9.3,5,white,7.67,17.25,0.2432,medium,medium,0,8.936,0.0057,0
4.9,0.345,0.34,1.0,0.068,32.0,143.0,0.99138,3.24,0.4,10.1,5,white,5.585,14.203,0.2238,dry,medium,0,1.009,0.00673,0
7.2,0.23,0.39,1.5,0.053,26.0,106.0,0.99166,3.18,0.47,11.1,6,white,7.82,31.304,0.2453,off_dry,high,0,1.513,0.00477,0
6.4,0.2,0.15,6.6,0.046,26.0,113.0,0.99408,2.99,0.58,9.9,6,white,6.75,32.0,0.2301,medium,medium,0,6.639,0.00465,0
6.1,0.27,0.32,6.2,0.048,47.0,161.0,0.99281,3.22,0.6,11.0,6,white,6.69,22.593,0.2919,medium,high,0,6.245,0.00436,0
6.0,0.3,0.33,2.1,0.042,31.0,127.0,0.98964,3.32,0.42,12.5,6,white,6.63,20.0,0.2441,off_dry,very_high,1,2.122,0.00336,0
6.1,0.3,0.32,2.2,0.042,41.0,142.0,0.98952,3.31,0.44,12.7,7,white,6.72,20.333,0.2887,off_dry,very_high,1,2.223,0.00331,1
5.7,0.14,0.3,5.4,0.045,26.0,105.0,0.99469,3.32,0.45,9.3,5,white,6.14,40.714,0.2476,medium,medium,0,5.429,0.00484,0
6.3,0.33,0.2,16.05,0.066,36.0,161.0,0.9991,3.14,0.51,8.8,5,white,6.83,19.091,0.2236,medium,low,0,16.064,0.0075,0
7.0,0.16,0.3,2.6,0.043,34.0,90.0,0.99047,2.88,0.47,11.2,6,white,7.46,43.75,0.3778,off_dry,high,0,2.625,0.00384,0
8.4,0.22,0.3,1.3,0.038,45.0,122.0,0.99178,3.13,0.54,10.8,7,white,8.92,38.182,0.3689,off_dry,high,0,1.311,0.00352,1
5.4,0.24,0.18,2.3,0.05,22.0,145.0,0.99207,3.24,0.46,10.3,5,white,5.82,22.5,0.1517,off_dry,medium,0,2.318,0.00485,0
7.7,0.31,0.36,4.3,0.026,15.0,87.0,0.99152,3.11,0.48,12.0,5,white,8.37,24.839,0.1724,off_dry,high,1,4.337,0.00217,0
5.6,0.185,0.19,7.1,0.048,36.0,110.0,0.99438,3.26,0.41,9.5,6,white,5.975,30.27,0.3273,medium,medium,0,7.14,0.00505,0
6.6,0.43,0.24,11.9,0.04,54.0,159.0,0.99622,3.14,0.54,9.8,6,white,7.27,15.349,0.3396,medium,medium,0,11.945,0.00408,0
7.6,0.39,0.46,11.7,0.084,55.0,170.0,0.99773,2.91,0.51,9.0,5,white,8.45,19.487,0.3235,medium,low,0,11.727,0.00933,0
7.2,0.58,0.27,5.8,0.032,40.0,118.0,0.99088,3.17,0.53,13.0,7,white,8.05,12.414,0.339,medium,very_high,1,5.853,0.00246,1
6.0,0.34,0.32,3.8,0.044,13.0,116.0,0.99108,3.39,0.44,11.8,7,white,6.66,17.647,0.1121,off_dry,high,0,3.834,0.00373,1
7.5,0.35,0.48,12.4,0.056,61.0,176.5,0.99803,2.97,0.52,8.8,5,white,8.33,21.429,0.3456,medium,low,0,12.424,0.00636,0
7.3,0.38,0.23,6.5,0.05,18.0,102.0,0.99304,3.1,0.55,11.2,4,white,7.91,19.21,0.1765,medium,high,0,6.546,0.00446,0
5.4,0.185,0.19,7.1,0.048,36.0,110.0,0.99438,3.26,0.41,9.5,6,white,5.775,29.189,0.3273,medium,medium,0,7.14,0.00505,0
6.3,0.27,0.51,7.6,0.049,35.0,200.0,0.99548,3.16,0.54,9.4,4,white,7.08,23.333,0.175,medium,medium,0,7.635,0.00521,0
6.5,0.29,0.52,7.9,0.049,35.0,192.0,0.99551,3.16,0.51,9.5,6,white,7.31,22.414,0.1823,medium,medium,0,7.936,0.00516,0
6.4,0.17,0.3,2.8,0.034,33.0,125.0,0.99152,3.03,0.49,10.4,6,white,6.87,37.647,0.264,off_dry,medium,0,2.824,0.00327,0
6.7,0.18,0.31,10.6,0.035,42.0,143.0,0.99572,3.08,0.49,9.8,7,white,7.19,37.222,0.2937,medium,medium,0,10.646,0.00357,1
6.8,0.37,0.6400000000000001,1.5,0.10800000000000001,16.0,98.0,0.99244,3.06,0.56,10.3,6,white,7.81,18.378,0.1633,off_dry,medium,0,1.511,0.01049,0
6.1,0.24,0.26,1.7,0.033,61.0,134.0,0.9903,3.19,0.81,11.9,7,white,6.6,25.417,0.4552,off_dry,high,0,1.717,0.00277,1
7.0,0.32,0.29,7.6,0.025,35.0,124.0,0.99162,3.15,0.65,12.8,7,white,7.61,21.875,0.2823,medium,very_high,1,7.664,0.00195,1
6.9,0.27,0.25,7.5,0.03,18.0,117.0,0.99116,3.09,0.38,13.0,6,white,7.42,25.555,0.1538,medium,very_high,1,7.567,0.00231,0
6.5,0.29,0.53,1.7,0.04,41.0,192.0,0.9922,3.26,0.59,10.4,7,white,7.32,22.414,0.2135,off_dry,medium,0,1.713,0.00385,1
6.5,0.29,0.52,1.7,0.034,41.0,193.0,0.99223,3.25,0.59,10.4,6,white,7.31,22.414,0.2124,off_dry,medium,0,1.713,0.00327,0
6.1,0.22,0.25,12.1,0.035,54.0,135.0,0.99481,3.21,0.4,10.7,5,white,6.57,27.727,0.4,medium,high,0,12.163,0.00327,0
6.3,0.22,0.27,4.5,0.036,78.5,157.0,0.9928,3.05,0.76,10.7,7,white,6.79,28.636,0.5,off_dry,high,0,4.533,0.00336,1
5.6,0.23,0.25,8.0,0.043,31.0,101.0,0.99429,3.19,0.42,10.4,6,white,6.08,24.348,0.3069,medium,medium,0,8.046,0.00413,0
6.8,0.11,0.27,8.6,0.044,45.0,104.0,0.99454,3.2,0.37,9.9,6,white,7.18,61.818,0.4327,medium,medium,0,8.647,0.00444,0
7.3,0.23,0.41,14.6,0.048,73.0,223.0,0.99863,3.16,0.71,9.4,6,white,7.94,31.739,0.3274,medium,medium,0,14.62,0.00511,0
6.1,0.2,0.17,1.6,0.048,46.0,129.0,0.991,3.3,0.43,11.4,6,white,6.47,30.5,0.3566,off_dry,high,0,1.615,0.00421,0
6.9,0.2,0.41,1.1,0.06,36.0,104.0,0.99317,2.99,0.39,9.2,5,white,7.51,34.5,0.3462,off_dry,medium,0,1.108,0.00652,0
6.7,0.19,0.32,3.7,0.041,26.0,76.0,0.99173,2.9,0.57,10.5,7,white,7.21,35.263,0.3421,off_dry,medium,0,3.731,0.0039,1
6.7,0.28,0.34,8.9,0.048,32.0,111.0,0.99455,3.25,0.54,11.0,7,white,7.32,23.928,0.2883,medium,high,0,8.949,0.00436,1
8.0,0.37,0.31,4.7,0.038,3.0,127.0,0.99186,2.9,0.72,12.1,5,white,8.68,21.622,0.0236,off_dry,very_high,1,4.739,0.00314,0
6.0,0.26,0.29,3.1,0.041,37.0,144.0,0.98944,3.22,0.39,12.8,7,white,6.55,23.077,0.2569,off_dry,very_high,1,3.133,0.0032,1
6.4,0.24,0.49,5.8,0.053,25.0,120.0,0.9942,3.01,0.855,10.5,6,white,7.13,26.667,0.2083,medium,medium,0,5.834,0.00505,0
6.4,0.25,0.57,1.0,0.062,21.0,122.0,0.99238,3.0,0.4,9.5,5,white,7.22,25.6,0.1721,dry,medium,0,1.008,0.00653,0
6.1,0.25,0.48,15.8,0.052,25.0,94.0,0.99782,3.07,0.45,9.2,6,white,6.83,24.4,0.266,medium,medium,0,15.835,0.00565,0
6.8,0.14,0.35,1.5,0.047,40.0,117.0,0.99111,3.07,0.72,11.1,6,white,7.29,48.571,0.3419,off_dry,high,0,1.513,0.00423,0
6.5,0.38,0.26,5.2,0.042,33.0,112.0,0.99067,3.06,0.5,12.3,7,white,7.14,17.105,0.2946,medium,very_high,1,5.249,0.00341,1
5.4,0.15,0.32,2.5,0.037,10.0,51.0,0.98878,3.04,0.58,12.6,6,white,5.87,36.0,0.1961,off_dry,very_high,1,2.528,0.00294,0
6.8,0.22,0.32,5.9,0.054,40.0,152.0,0.9938,3.2,0.57,10.8,6,white,7.34,30.909,0.2632,medium,high,0,5.937,0.005,0
7.2,0.21,0.29,3.1,0.044,39.0,122.0,0.99143,3.0,0.6,11.3,6,white,7.7,34.286,0.3197,off_dry,high,0,3.127,0.00389,0
6.5,0.46,0.24,11.5,0.051,56.0,171.0,0.99588,3.08,0.56,9.8,6,white,7.2,14.13,0.3275,medium,medium,0,11.548,0.0052,0
6.5,0.18,0.48,16.05,0.054,56.0,183.0,1.00038,2.98,0.61,8.5,6,white,7.16,36.111,0.306,medium,low,0,16.044,0.00635,0
6.2,0.32,0.12,4.8,0.054,6.0,97.0,0.99424,3.16,0.5,9.3,5,white,6.64,19.375,0.0619,off_dry,medium,0,4.828,0.00581,0
7.2,0.4,0.24,8.5,0.055,45.0,151.0,0.99626,3.2,0.52,9.2,5,white,7.84,18.0,0.298,medium,medium,0,8.532,0.00598,0
5.9,0.23,0.24,1.6,0.037,32.0,115.0,0.99076,3.21,0.51,11.4,6,white,6.37,25.652,0.2783,off_dry,high,0,1.615,0.00325,0
6.4,0.18,0.48,16.05,0.054,56.0,183.0,1.00038,2.98,0.61,8.5,6,white,7.06,35.555,0.306,medium,low,0,16.044,0.00635,0
6.4,0.37,0.12,5.9,0.056,6.0,91.0,0.99536,3.06,0.46,8.4,4,white,6.89,17.297,0.0659,medium,low,0,5.928,0.00667,0
7.0,0.23,0.42,1.1,0.062,35.0,100.0,0.99318,3.04,0.4,9.2,5,white,7.65,30.435,0.35,off_dry,medium,0,1.108,0.00674,0
7.6,0.19,0.37,13.1,0.033,52.0,151.0,0.99726,3.18,0.79,10.4,6,white,8.16,40.0,0.3444,medium,medium,0,13.136,0.00317,0
6.0,0.28,0.27,4.1,0.046,50.0,147.0,0.99126,3.27,0.56,11.6,6,white,6.55,21.428,0.3401,off_dry,high,0,4.136,0.00397,0
6.2,0.32,0.45,2.9,0.029,37.0,94.0,0.98998,3.25,0.6,12.4,6,white,6.97,19.375,0.3936,off_dry,very_high,1,2.929,0.00234,0
6.4,0.26,0.26,1.1,0.052,22.0,176.0,0.99304,3.09,0.54,9.3,5,white,6.92,24.615,0.125,off_dry,medium,0,1.108,0.00559,0
5.9,0.25,0.27,1.5,0.029,37.0,81.0,0.9892,3.2,0.46,12.2,6,white,6.42,23.6,0.4568,off_dry,very_high,1,1.516,0.00238,0
6.1,0.28,0.3,7.75,0.031,33.0,139.0,0.99296,3.22,0.46,11.0,6,white,6.68,21.786,0.2374,medium,high,0,7.805,0.00282,0
6.9,0.19,0.38,1.15,0.023,30.0,105.0,0.99047,3.11,0.38,11.4,5,white,7.47,36.316,0.2857,off_dry,high,0,1.161,0.00202,0
6.4,0.29,0.57,1.0,0.06,15.0,120.0,0.9924,3.06,0.41,9.5,5,white,7.26,22.069,0.125,dry,medium,0,1.008,0.00632,0
6.8,0.27,0.22,16.05,0.034,16.0,116.0,0.9989,3.07,0.53,9.2,5,white,7.29,25.185,0.1379,medium,medium,0,16.068,0.0037,0
7.5,0.26,0.38,5.7,0.021,23.0,125.0,0.99338,3.13,0.62,11.1,6,white,8.14,28.846,0.184,medium,high,0,5.738,0.00189,0
6.4,0.2,0.22,7.4,0.032,53.0,172.0,0.99404,3.24,0.58,11.0,6,white,6.82,32.0,0.3081,medium,high,0,7.444,0.00291,0
7.3,0.33,0.22,1.4,0.041,40.0,177.0,0.99287,3.14,0.48,9.9,5,white,7.85,22.121,0.226,off_dry,medium,0,1.41,0.00414,0
7.3,0.34,0.22,1.4,0.044,43.0,176.0,0.99286,3.14,0.46,9.9,5,white,7.86,21.471,0.2443,off_dry,medium,0,1.41,0.00444,0
6.1,0.6799999999999999,0.16,4.4,0.033,8.0,109.0,0.99058,3.35,0.47,12.4,4,white,6.94,8.971,0.0734,off_dry,very_high,1,4.442,0.00266,0
6.3,0.24,0.29,1.6,0.052,48.0,185.0,0.9934,3.21,0.5,9.4,5,white,6.83,26.25,0.2595,off_dry,medium,0,1.611,0.00553,0
6.2,0.24,0.22,7.9,0.053,45.0,149.0,0.99545,3.23,0.52,9.3,5,white,6.66,25.833,0.302,medium,medium,0,7.936,0.0057,0
7.4,0.16,0.27,15.5,0.05,25.0,135.0,0.9984,2.9,0.43,8.7,7,white,7.83,46.25,0.1852,medium,low,0,15.525,0.00575,1
7.2,0.17,0.28,16.05,0.05,33.0,154.0,0.99971,2.94,0.43,9.0,7,white,7.65,42.353,0.2143,medium,low,0,16.055,0.00556,1
6.9,0.19,0.35,13.5,0.038,49.0,118.0,0.99546,3.0,0.63,10.7,6,white,7.44,36.316,0.4153,medium,high,0,13.562,0.00355,0
6.8,0.16,0.36,1.3,0.034,32.0,98.0,0.99058,3.02,0.58,11.3,6,white,7.32,42.5,0.3265,off_dry,high,0,1.312,0.00301,0
6.8,0.3,0.27,11.6,0.028,22.0,97.0,0.99314,2.96,0.38,11.7,6,white,7.37,22.667,0.2268,medium,high,0,11.68,0.00239,0
6.5,0.43,0.18,13.15,0.032,25.0,131.0,0.99565,3.23,0.51,10.7,5,white,7.11,15.116,0.1908,medium,high,0,13.207,0.00299,0
6.6,0.17,0.36,1.9,0.036,38.0,110.0,0.99056,3.05,0.54,11.4,6,white,7.13,38.823,0.3455,off_dry,high,0,1.918,0.00316,0
6.4,0.41,0.01,6.1,0.048,20.0,70.0,0.99362,3.19,0.42,10.0,5,white,6.82,15.61,0.2857,medium,medium,0,6.139,0.0048,0
7.4,0.36,0.32,1.9,0.036,27.0,119.0,0.99196,3.15,0.49,11.2,6,white,8.08,20.555,0.2269,off_dry,high,0,1.915,0.00321,0
6.1,0.17,0.21,1.9,0.09,44.0,130.0,0.99255,3.07,0.41,9.7,5,white,6.48,35.882,0.3385,off_dry,medium,0,1.914,0.00928,0
5.5,0.28,0.21,1.6,0.032,23.0,85.0,0.99027,3.42,0.42,12.5,5,white,5.99,19.643,0.2706,off_dry,very_high,1,1.616,0.00256,0
6.6,0.5,0.26,11.3,0.029,32.0,110.0,0.99302,3.27,0.78,12.9,8,white,7.36,13.2,0.2909,medium,very_high,1,11.379,0.00225,1
7.1,0.44,0.27,8.4,0.057,60.0,160.0,0.99257,3.16,0.36,11.8,6,white,7.81,16.136,0.375,medium,high,0,8.463,0.00483,0
6.9,0.38,0.28,8.3,0.062,22.0,166.0,0.99506,3.16,0.72,10.6,5,white,7.56,18.158,0.1325,medium,high,0,8.341,0.00585,0
6.2,0.24,0.28,12.2,0.049,54.0,133.0,0.9952,3.19,0.37,10.7,6,white,6.72,25.833,0.406,medium,high,0,12.259,0.00458,0
6.1,0.28,0.27,8.0,0.048,41.0,162.0,0.99498,3.21,0.51,9.9,5,white,6.65,21.786,0.2531,medium,medium,0,8.04,0.00485,0
7.6,0.26,0.32,1.3,0.048,23.0,76.0,0.9903,2.96,0.46,12.0,6,white,8.18,29.231,0.3026,off_dry,high,1,1.313,0.004,0
7.5,0.16,0.38,12.7,0.043,70.5,163.0,0.99706,3.15,0.82,10.4,7,white,8.04,46.875,0.4325,medium,medium,0,12.737,0.00413,1
6.5,0.36,0.16,1.3,0.054,11.0,107.0,0.99398,3.19,0.39,8.5,5,white,7.02,18.056,0.1028,off_dry,low,0,1.308,0.00635,0
6.6,0.35,0.19,10.5,0.06,15.0,82.0,0.99588,3.13,0.38,9.9,4,white,7.14,18.857,0.1829,medium,medium,0,10.543,0.00606,0
5.7,0.25,0.26,12.5,0.049,52.5,120.0,0.99691,3.08,0.45,9.4,6,white,6.21,22.8,0.4375,medium,medium,0,12.539,0.00521,0
7.4,0.37,0.26,9.6,0.05,33.0,134.0,0.99608,3.13,0.46,10.4,5,white,8.03,20.0,0.2463,medium,medium,0,9.638,0.00481,0
5.7,0.25,0.21,1.5,0.044,21.0,108.0,0.99142,3.3,0.59,11.0,6,white,6.16,22.8,0.1944,off_dry,high,0,1.513,0.004,0
5.8,0.23,0.21,1.5,0.044,21.0,110.0,0.99138,3.3,0.57,11.0,6,white,6.24,25.217,0.1909,off_dry,high,0,1.513,0.004,0
5.4,0.265,0.28,7.8,0.052,27.0,91.0,0.99432,3.19,0.38,10.4,6,white,5.945,20.377,0.2967,medium,medium,0,7.845,0.005,0
5.7,0.25,0.27,10.8,0.05,58.0,116.0,0.99592,3.1,0.5,9.8,6,white,6.22,22.8,0.5,medium,medium,0,10.844,0.0051,0
5.7,0.25,0.26,12.5,0.049,52.5,106.0,0.99691,3.08,0.45,9.4,6,white,6.21,22.8,0.4953,medium,medium,0,12.539,0.00521,0
5.9,0.23,0.28,8.6,0.046,37.0,142.0,0.99432,3.23,0.53,10.6,6,white,6.41,25.652,0.2606,medium,high,0,8.649,0.00434,0
6.2,0.3,0.32,1.2,0.052,32.0,185.0,0.99266,3.28,0.44,10.1,5,white,6.82,20.667,0.173,off_dry,medium,0,1.209,0.00515,0
6.5,0.33,0.24,14.5,0.048,20.0,96.0,0.99456,3.06,0.3,11.5,8,white,7.07,19.697,0.2083,medium,high,0,14.579,0.00417,1
7.4,0.26,0.29,3.7,0.048,14.0,73.0,0.9915,3.06,0.45,11.4,6,white,7.95,28.461,0.1918,off_dry,high,0,3.732,0.00421,0
7.0,0.2,0.4,1.1,0.058,30.0,93.0,0.99322,3.03,0.38,9.2,6,white,7.6,35.0,0.3226,off_dry,medium,0,1.108,0.0063,0
6.5,0.21,0.42,1.1,0.059,33.0,101.0,0.9927,3.12,0.38,9.7,6,white,7.13,30.952,0.3267,off_dry,medium,0,1.108,0.00608,0
7.3,0.25,0.27,3.8,0.047,16.0,79.0,0.99173,3.07,0.46,11.3,6,white,7.82,29.2,0.2025,off_dry,high,0,3.832,0.00416,0
6.8,0.27,0.24,4.6,0.098,36.0,127.0,0.99412,3.15,0.49,9.6,6,white,7.31,25.185,0.2835,off_dry,medium,0,4.627,0.01021,0
6.7,0.24,0.3,10.2,0.07,44.0,179.0,0.99666,2.86,0.46,8.9,6,white,7.24,27.917,0.2458,medium,low,0,10.234,0.00787,0
6.4,0.14,0.28,7.9,0.057,21.0,82.0,0.99425,3.26,0.36,10.0,6,white,6.82,45.714,0.2561,medium,medium,0,7.946,0.0057,0
6.4,0.5,0.2,2.4,0.059,19.0,112.0,0.99314,3.18,0.4,9.2,6,white,7.1,12.8,0.1696,off_dry,medium,0,2.417,0.00641,0
6.6,0.41,0.27,10.7,0.10800000000000001,20.0,103.0,0.99672,3.08,0.41,9.0,6,white,7.28,16.098,0.1942,medium,low,0,10.735,0.012,0
6.4,0.25,0.28,4.9,0.03,29.0,98.0,0.99024,3.09,0.58,12.8,7,white,6.93,25.6,0.2959,off_dry,very_high,1,4.948,0.00234,1
8.0,0.25,0.35,1.1,0.054,13.0,136.0,0.99366,3.08,0.55,9.5,5,white,8.6,32.0,0.0956,off_dry,medium,0,1.107,0.00568,0
6.6,0.21,0.34,5.6,0.046,30.0,140.0,0.99299,3.22,0.38,11.0,5,white,7.15,31.428,0.2143,medium,high,0,5.64,0.00418,0
6.3,0.29,0.23,14.2,0.037,24.0,99.0,0.99528,3.08,0.38,10.6,6,white,6.82,21.724,0.2424,medium,high,0,14.267,0.00349,0
6.9,0.37,0.23,9.5,0.057,54.0,166.0,0.99568,3.23,0.42,10.0,5,white,7.5,18.649,0.3253,medium,medium,0,9.541,0.0057,0
5.7,0.31,0.28,4.1,0.03,22.0,86.0,0.99062,3.31,0.38,11.7,7,white,6.29,18.387,0.2558,off_dry,high,0,4.139,0.00256,1
6.9,0.45,0.27,4.7,0.035,17.0,80.0,0.99058,3.12,0.36,12.5,7,white,7.62,15.333,0.2125,off_dry,very_high,1,4.745,0.0028,1
6.9,0.3,0.45,1.4,0.039,36.0,122.0,0.99059,3.07,0.47,11.1,7,white,7.65,23.0,0.2951,off_dry,high,0,1.413,0.00351,1
5.3,0.23,0.56,0.9,0.041,46.0,141.0,0.99119,3.16,0.62,9.7,5,white,6.09,23.043,0.3262,dry,medium,0,0.908,0.00423,0
6.8,0.3,0.26,16.05,0.037,45.0,150.0,0.99727,3.04,0.38,12.3,6,white,7.36,22.667,0.3,medium,very_high,1,16.094,0.00301,0
6.7,0.28,0.42,3.5,0.035,43.0,105.0,0.99021,3.18,0.38,12.2,6,white,7.4,23.928,0.4095,off_dry,very_high,1,3.535,0.00287,0
5.0,0.255,0.22,2.7,0.043,46.0,153.0,0.99238,3.66,0.76,11.3,6,white,5.475,19.608,0.3007,off_dry,high,0,2.721,0.00381,0
7.6,0.4,0.27,1.2,0.053,23.0,193.0,0.99164,3.22,0.38,11.6,5,white,8.27,19.0,0.1192,off_dry,high,0,1.21,0.00457,0
5.5,0.21,0.25,1.2,0.04,18.0,75.0,0.99006,3.31,0.56,11.3,6,white,5.96,26.19,0.24,off_dry,high,0,1.212,0.00354,0
6.0,0.2,0.25,2.0,0.041,30.0,95.0,0.99078,3.27,0.56,11.1,6,white,6.45,30.0,0.3158,off_dry,high,0,2.019,0.00369,0
6.1,0.17,0.29,1.1,0.041,32.0,92.0,0.99036,3.26,0.57,11.2,6,white,6.56,35.882,0.3478,off_dry,high,0,1.111,0.00366,0
7.5,0.21,0.29,1.5,0.046,35.0,107.0,0.99123,3.15,0.45,11.3,6,white,8.0,35.714,0.3271,off_dry,high,0,1.513,0.00407,0
7.3,0.26,0.32,1.2,0.041,29.0,94.0,0.98978,3.07,0.45,12.0,6,white,7.88,28.077,0.3085,off_dry,high,1,1.212,0.00342,0
6.2,0.35,0.2,16.05,0.069,33.0,158.0,0.99908,3.15,0.5,8.8,6,white,6.75,17.714,0.2089,medium,low,0,16.065,0.00784,0
6.5,0.43,0.31,3.6,0.046,19.0,143.0,0.99022,3.15,0.34,12.0,8,white,7.24,15.116,0.1329,off_dry,high,1,3.636,0.00383,1
6.5,0.4,0.31,3.5,0.046,22.0,147.0,0.99024,3.15,0.31,12.0,7,white,7.21,16.25,0.1497,off_dry,high,1,3.534,0.00383,1
7.4,0.28,0.5,12.1,0.049,48.0,122.0,0.9973,3.01,0.44,9.0,5,white,8.18,26.428,0.3934,medium,low,0,12.133,0.00544,0
6.3,0.23,0.22,16.05,0.054,42.0,151.0,0.99853,3.12,0.6,9.3,6,white,6.75,27.391,0.2781,medium,medium,0,16.074,0.00581,0
6.2,0.34,0.25,12.1,0.059,33.0,171.0,0.99769,3.14,0.56,8.7,6,white,6.79,18.235,0.193,medium,low,0,12.128,0.00678,0
6.6,0.44,0.32,3.0,0.095,13.0,75.0,0.98954,3.1,0.63,12.8,6,white,7.36,15.0,0.1733,off_dry,very_high,1,3.032,0.00742,0
6.0,0.13,0.36,1.6,0.052,23.0,72.0,0.98974,3.1,0.5,11.5,7,white,6.49,46.153,0.3194,off_dry,high,0,1.617,0.00452,1
6.3,0.17,0.23,5.7,0.048,44.0,147.0,0.99382,3.08,0.54,10.0,5,white,6.7,37.059,0.2993,medium,medium,0,5.735,0.0048,0
6.3,0.18,0.22,5.6,0.047,45.0,147.0,0.99383,3.09,0.54,10.0,5,white,6.7,35.0,0.3061,medium,medium,0,5.635,0.0047,0
6.7,0.31,0.34,6.8,0.059,51.0,215.0,0.99538,3.33,0.56,10.3,5,white,7.35,21.613,0.2372,medium,medium,0,6.832,0.00573,0
6.6,0.33,0.32,15.6,0.054,62.0,227.0,0.99734,3.25,0.56,10.4,5,white,7.25,20.0,0.2731,medium,medium,0,15.642,0.00519,0
6.3,0.34,0.31,6.0,0.02,18.0,68.0,0.98981,3.22,0.29,13.4,7,white,6.95,18.529,0.2647,medium,very_high,1,6.062,0.00149,1
6.8,0.29,0.32,1.8,0.032,18.0,130.0,0.99095,3.05,0.62,11.2,6,white,7.41,23.448,0.1385,off_dry,high,0,1.816,0.00286,0
7.4,0.31,0.26,8.6,0.048,47.0,206.0,0.9964,3.26,0.36,9.1,5,white,7.97,23.871,0.2282,medium,medium,0,8.631,0.00527,0
5.7,0.25,0.27,11.5,0.04,24.0,120.0,0.99411,3.33,0.31,10.8,6,white,6.22,22.8,0.2,medium,high,0,11.568,0.0037,0
6.8,0.27,0.28,7.8,0.038,26.0,89.0,0.9915,3.24,0.34,12.5,6,white,7.35,25.185,0.2921,medium,very_high,1,7.867,0.00304,0
5.9,0.26,0.24,2.4,0.046,27.0,132.0,0.99234,3.63,0.73,11.3,5,white,6.4,22.692,0.2045,off_dry,high,0,2.419,0.00407,0
5.9,0.65,0.23,5.0,0.035,20.0,128.0,0.99016,3.46,0.48,12.8,6,white,6.78,9.077,0.1562,off_dry,very_high,1,5.05,0.00273,0
6.6,0.23,0.32,1.5,0.041,8.0,72.0,0.98949,3.22,0.39,12.7,6,white,7.15,28.696,0.1111,off_dry,very_high,1,1.516,0.00323,0
6.8,0.18,0.35,5.4,0.054,53.0,143.0,0.99287,3.1,0.54,11.0,7,white,7.33,37.778,0.3706,medium,high,0,5.439,0.00491,1
6.8,0.28,0.29,11.9,0.052,51.0,149.0,0.99544,3.02,0.58,10.4,6,white,7.37,24.286,0.3423,medium,medium,0,11.955,0.005,0
5.9,0.27,0.27,9.0,0.051,43.0,136.0,0.9941,3.25,0.53,10.7,6,white,6.44,21.852,0.3162,medium,high,0,9.053,0.00477,0
6.1,0.25,0.28,10.0,0.055,56.0,131.0,0.994,3.22,0.35,10.9,6,white,6.63,24.4,0.4275,medium,high,0,10.06,0.00505,0
6.8,0.26,0.29,11.9,0.052,54.0,160.0,0.99546,3.03,0.58,10.4,6,white,7.35,26.154,0.3375,medium,medium,0,11.954,0.005,0
7.1,0.13,0.29,15.5,0.064,56.0,115.5,0.99737,3.16,0.41,9.7,7,white,7.52,54.615,0.4848,medium,medium,0,15.541,0.0066,1
6.2,0.2,0.25,15.0,0.055,8.0,120.0,0.99767,3.19,0.53,9.6,6,white,6.65,31.0,0.0667,medium,medium,0,15.035,0.00573,0
5.8,0.24,0.28,1.4,0.038,40.0,76.0,0.98711,3.1,0.29,13.9,7,white,6.32,24.167,0.5263,off_dry,very_high,1,1.418,0.00273,1
7.6,0.48,0.31,9.4,0.046,6.0,194.0,0.99714,3.07,0.61,9.4,5,white,8.39,15.833,0.0309,medium,medium,0,9.427,0.00489,0
7.4,0.26,0.32,3.7,0.032,29.0,193.0,0.99134,3.1,0.67,12.5,6,white,7.98,28.461,0.1503,off_dry,very_high,1,3.732,0.00256,0
6.1,0.3,0.47,1.4,0.049,50.0,187.0,0.9927,3.19,0.45,9.5,5,white,6.87,20.333,0.2674,off_dry,medium,0,1.41,0.00516,0
6.2,0.32,0.5,6.5,0.048,61.0,186.0,0.9948,3.19,0.45,9.6,5,white,7.02,19.375,0.328,medium,medium,0,6.534,0.005,0
6.3,0.34,0.52,6.3,0.047,63.0,186.0,0.99481,3.18,0.44,9.6,5,white,7.16,18.529,0.3387,medium,medium,0,6.333,0.0049,0
7.4,0.16,0.3,13.7,0.056,33.0,168.0,0.99825,2.9,0.44,8.7,7,white,7.86,46.25,0.1964,medium,low,0,13.724,0.00644,1
7.2,0.26,0.38,1.5,0.061,12.0,120.0,0.99192,3.18,0.46,10.4,5,white,7.84,27.692,0.1,off_dry,medium,0,1.512,0.00587,0
7.0,0.31,0.35,1.6,0.063,13.0,119.0,0.99184,3.22,0.5,10.7,5,white,7.66,22.581,0.1092,off_dry,high,0,1.613,0.00589,0
6.6,0.22,0.35,1.4,0.05,23.0,83.0,0.99019,3.17,0.48,12.0,7,white,7.17,30.0,0.2771,off_dry,high,1,1.414,0.00417,1
5.8,0.23,0.31,3.5,0.044,35.0,158.0,0.98998,3.19,0.37,12.1,7,white,6.34,25.217,0.2215,off_dry,very_high,1,3.535,0.00364,1
6.3,0.17,0.32,1.0,0.04,39.0,118.0,0.98886,3.31,0.4,13.1,8,white,6.79,37.059,0.3305,dry,very_high,1,1.011,0.00305,1
6.0,0.19,0.26,1.4,0.039,30.0,104.0,0.98998,3.32,0.41,12.4,6,white,6.45,31.579,0.2885,off_dry,very_high,1,1.414,0.00315,0
6.7,0.21,0.34,1.5,0.035,45.0,123.0,0.98949,3.24,0.36,12.6,7,white,7.25,31.905,0.3659,off_dry,very_high,1,1.516,0.00278,1
6.6,0.22,0.37,1.6,0.04,31.0,101.0,0.99009,3.15,0.66,12.0,5,white,7.19,30.0,0.3069,off_dry,high,1,1.616,0.00333,0
6.8,0.34,0.27,5.2,0.06,14.0,169.0,0.99252,3.27,0.57,11.6,6,white,7.41,20.0,0.0828,medium,high,0,5.239,0.00517,0
7.1,0.34,0.6400000000000001,1.4,0.10800000000000001,36.0,99.0,0.99288,2.92,0.5,9.3,5,white,8.08,20.882,0.3636,off_dry,medium,0,1.41,0.01161,0
6.3,0.24,0.22,11.9,0.05,65.0,179.0,0.99659,3.06,0.58,9.3,6,white,6.76,26.25,0.3631,medium,medium,0,11.941,0.00538,0
6.9,0.35,0.39,2.4,0.048,25.0,157.0,0.99133,3.2,0.54,11.1,7,white,7.64,19.714,0.1592,off_dry,high,0,2.421,0.00432,1
6.8,0.24,0.33,3.2,0.049,68.0,161.0,0.99324,3.1,0.69,10.2,6,white,7.37,28.333,0.4224,off_dry,medium,0,3.222,0.0048,0
6.4,0.25,0.33,1.7,0.037,35.0,113.0,0.99164,3.23,0.66,10.6,6,white,6.98,25.6,0.3097,off_dry,high,0,1.714,0.00349,0
5.8,0.19,0.33,4.2,0.038,49.0,133.0,0.99107,3.16,0.42,11.3,7,white,6.32,30.526,0.3684,off_dry,high,0,4.238,0.00336,1
6.9,0.24,0.4,15.4,0.052,78.5,198.0,0.9986,3.2,0.69,9.4,5,white,7.54,28.75,0.3965,medium,medium,0,15.422,0.00553,0
6.5,0.31,0.61,13.0,0.053,31.0,123.0,0.99708,3.09,0.5,9.3,6,white,7.42,20.968,0.252,medium,medium,0,13.038,0.0057,0
6.6,0.25,0.32,5.6,0.039,15.0,68.0,0.99163,2.96,0.52,11.1,6,white,7.17,26.4,0.2206,medium,high,0,5.647,0.00351,0
7.5,0.38,0.56,9.7,0.055,15.0,170.0,0.99605,3.13,0.65,9.9,6,white,8.44,19.737,0.0882,medium,medium,0,9.738,0.00556,0
6.2,0.3,0.3,2.5,0.041,29.0,82.0,0.99065,3.31,0.61,11.8,7,white,6.8,20.667,0.3537,off_dry,high,0,2.524,0.00347,1
6.4,0.33,0.28,4.0,0.04,24.0,81.0,0.9903,3.26,0.64,12.6,7,white,7.01,19.394,0.2963,off_dry,very_high,1,4.039,0.00317,1
7.6,0.27,0.32,1.2,0.043,23.0,72.0,0.99236,3.06,0.68,10.5,5,white,8.19,28.148,0.3194,off_dry,medium,0,1.209,0.0041,0
5.9,0.24,0.34,2.0,0.037,40.0,108.0,0.98948,3.19,0.5,12.3,6,white,6.48,24.583,0.3704,off_dry,very_high,1,2.021,0.00301,0
5.3,0.33,0.3,1.2,0.048,25.0,119.0,0.99045,3.32,0.62,11.3,6,white,5.93,16.061,0.2101,off_dry,high,0,1.212,0.00425,0
6.4,0.21,0.21,5.1,0.097,21.0,105.0,0.9939,3.07,0.46,9.6,5,white,6.82,30.476,0.2,medium,medium,0,5.131,0.0101,0
7.0,0.22,0.3,1.4,0.04,14.0,63.0,0.98985,3.2,0.33,12.0,6,white,7.52,31.818,0.2222,off_dry,high,1,1.414,0.00333,0
7.8,0.27,0.35,1.2,0.05,36.0,140.0,0.99138,3.09,0.45,11.2,5,white,8.42,28.889,0.2571,off_dry,high,0,1.21,0.00446,0
6.7,0.2,0.24,6.5,0.044,28.0,100.0,0.99348,3.12,0.33,10.2,6,white,7.14,33.5,0.28,medium,medium,0,6.543,0.00431,0
8.1,0.27,0.33,1.3,0.045,26.0,100.0,0.99066,2.98,0.44,12.4,6,white,8.7,30.0,0.26,off_dry,very_high,1,1.312,0.00363,0
7.1,0.45,0.24,2.7,0.04,24.0,87.0,0.98862,2.94,0.38,13.4,8,white,7.79,15.778,0.2759,off_dry,very_high,1,2.731,0.00299,1
5.8,0.22,0.29,1.3,0.036,25.0,68.0,0.98865,3.24,0.35,12.6,6,white,6.31,26.364,0.3676,off_dry,very_high,1,1.315,0.00286,0
6.3,0.3,0.48,7.4,0.053,34.0,149.0,0.99472,3.18,0.53,9.8,5,white,7.08,21.0,0.2282,medium,medium,0,7.439,0.00541,0
7.9,0.36,0.53,12.9,0.049,63.0,139.0,0.99792,2.94,0.45,9.1,5,white,8.79,21.944,0.4532,medium,medium,0,12.927,0.00538,0
8.0,0.24,0.33,1.2,0.044,28.0,101.0,0.99035,3.03,0.43,12.5,6,white,8.57,33.333,0.2772,off_dry,very_high,1,1.212,0.00352,0
6.7,0.41,0.27,2.6,0.033,25.0,85.0,0.99086,3.05,0.34,11.7,6,white,7.38,16.341,0.2941,off_dry,high,0,2.624,0.00282,0
6.7,0.24,0.31,2.3,0.044,37.0,113.0,0.99013,3.29,0.46,12.9,6,white,7.25,27.917,0.3274,off_dry,very_high,1,2.323,0.00341,0
6.2,0.3,0.32,1.3,0.054,27.0,183.0,0.99266,3.3,0.43,10.1,5,white,6.82,20.667,0.1475,off_dry,medium,0,1.31,0.00535,0
6.9,0.26,0.38,10.5,0.044,33.0,139.0,0.99517,3.06,0.5,10.3,6,white,7.54,26.538,0.2374,medium,medium,0,10.551,0.00427,0
5.9,0.32,0.2,14.4,0.05,29.0,144.0,0.99666,3.24,0.41,10.3,6,white,6.42,18.437,0.2014,medium,medium,0,14.448,0.00485,0
6.1,0.25,0.3,1.2,0.036,42.0,107.0,0.991,3.34,0.56,10.8,7,white,6.65,24.4,0.3925,off_dry,high,0,1.211,0.00333,1
5.6,0.23,0.29,3.1,0.023,19.0,89.0,0.99068,3.25,0.51,11.2,6,white,6.12,24.348,0.2135,off_dry,high,0,3.129,0.00205,0
6.6,0.23,0.32,1.7,0.024,26.0,102.0,0.99084,3.29,0.6,11.8,6,white,7.15,28.696,0.2549,off_dry,high,0,1.716,0.00203,0
6.0,0.17,0.21,6.0,0.05,26.0,134.0,0.9939,3.08,0.54,9.8,6,white,6.38,35.294,0.194,medium,medium,0,6.037,0.0051,0
7.1,0.38,0.42,11.8,0.041,32.0,193.0,0.99624,3.04,0.49,10.0,6,white,7.9,18.684,0.1658,medium,medium,0,11.845,0.0041,0
6.6,0.31,0.37,6.2,0.052,13.0,164.0,0.99602,3.24,0.39,8.8,4,white,7.28,21.29,0.0793,medium,low,0,6.225,0.00591,0
6.5,0.38,0.53,1.4,0.10800000000000001,5.0,69.0,0.9926,3.14,0.52,10.1,4,white,7.41,17.105,0.0725,off_dry,medium,0,1.41,0.01069,0
7.0,0.44,0.24,12.1,0.056,68.0,210.0,0.99718,3.05,0.5,9.5,5,white,7.68,15.909,0.3238,medium,medium,0,12.134,0.00589,0
6.1,0.38,0.14,3.9,0.06,27.0,113.0,0.99344,3.07,0.34,9.2,4,white,6.62,16.053,0.2389,off_dry,medium,0,3.926,0.00652,0
8.0,0.33,0.32,4.6,0.041,31.0,180.0,0.99184,2.92,0.74,12.2,6,white,8.65,24.242,0.1722,off_dry,very_high,1,4.638,0.00336,0
6.0,0.19,0.29,1.2,0.046,29.0,92.0,0.99033,3.22,0.53,11.3,6,white,6.48,31.579,0.3152,off_dry,high,0,1.212,0.00407,0
6.3,0.28,0.34,8.1,0.038,44.0,129.0,0.99248,3.26,0.29,12.1,6,white,6.92,22.5,0.3411,medium,very_high,1,8.161,0.00314,0
5.3,0.43,0.11,1.1,0.029,6.0,51.0,0.99076,3.51,0.48,11.2,4,white,5.84,12.326,0.1176,off_dry,high,0,1.11,0.00259,0
5.4,0.22,0.35,6.5,0.029,26.0,87.0,0.99092,3.29,0.44,12.5,7,white,5.97,24.545,0.2989,medium,very_high,1,6.56,0.00232,1
6.2,0.345,0.27,10.1,0.056,38.0,187.0,0.99486,3.31,0.56,10.6,5,white,6.815,17.971,0.2032,medium,high,0,10.152,0.00528,0
5.6,0.255,0.57,10.7,0.056,66.0,171.0,0.99464,3.25,0.61,10.4,7,white,6.425,21.961,0.386,medium,medium,0,10.758,0.00538,1
5.2,0.2,0.27,3.2,0.047,16.0,93.0,0.99235,3.44,0.53,10.1,7,white,5.67,26.0,0.172,off_dry,medium,0,3.225,0.00465,1
6.2,0.29,0.23,12.4,0.048,33.0,201.0,0.99612,3.11,0.56,9.9,6,white,6.72,21.379,0.1642,medium,medium,0,12.448,0.00485,0
6.3,0.26,0.25,5.2,0.046,11.0,133.0,0.99202,2.97,0.68,11.0,6,white,6.81,24.231,0.0827,medium,high,0,5.242,0.00418,0
6.0,0.22,0.23,5.0,0.045,10.0,122.0,0.99261,2.94,0.63,10.0,6,white,6.45,27.273,0.082,off_dry,medium,0,5.037,0.0045,0
7.5,0.35,0.37,2.5,0.066,29.0,89.0,0.98964,3.14,0.42,12.7,6,white,8.22,21.429,0.3258,off_dry,very_high,1,2.526,0.0052,0
6.6,0.39,0.28,9.2,0.036,10.0,92.0,0.99206,3.07,0.35,12.1,6,white,7.27,16.923,0.1087,medium,very_high,1,9.274,0.00298,0
6.3,0.23,0.33,6.9,0.052,23.0,118.0,0.9938,3.23,0.46,10.4,6,white,6.86,27.391,0.1949,medium,medium,0,6.943,0.005,0
6.3,0.22,0.3,2.0,0.05,23.0,120.0,0.99204,3.24,0.47,10.4,6,white,6.82,28.636,0.1917,off_dry,medium,0,2.016,0.00481,0
6.4,0.29,0.18,15.0,0.04,21.0,116.0,0.99736,3.14,0.5,9.2,5,white,6.87,22.069,0.181,medium,medium,0,15.04,0.00435,0
7.5,0.23,0.3,1.2,0.03,27.0,80.0,0.99192,3.05,0.68,10.5,5,white,8.03,32.609,0.3375,off_dry,medium,0,1.21,0.00286,0
5.7,0.28,0.36,1.8,0.041,38.0,90.0,0.99002,3.27,0.855,11.9,7,white,6.34,20.357,0.4222,off_dry,high,0,1.818,0.00345,1
6.5,0.26,0.24,10.8,0.042,47.0,130.0,0.996,3.08,0.4,10.1,6,white,7.0,25.0,0.3615,medium,medium,0,10.843,0.00416,0
6.4,0.27,0.29,3.9,0.034,62.0,140.0,0.99237,3.1,0.59,11.1,6,white,6.96,23.704,0.4429,off_dry,high,0,3.93,0.00306,0
5.9,0.22,0.29,4.2,0.037,69.0,144.0,0.99214,3.13,0.74,10.8,7,white,6.41,26.818,0.4792,off_dry,high,0,4.233,0.00343,1
6.8,0.26,0.26,2.0,0.019,23.5,72.0,0.99041,3.16,0.47,11.8,6,white,7.32,26.154,0.3264,off_dry,high,0,2.019,0.00161,0
7.6,0.36,0.48,13.5,0.038,44.0,116.0,0.9982,3.04,0.48,9.2,5,white,8.44,21.111,0.3793,medium,medium,0,13.524,0.00413,0
7.6,0.35,0.47,13.3,0.037,42.0,116.0,0.99822,3.04,0.5,9.2,5,white,8.42,21.714,0.3621,medium,medium,0,13.324,0.00402,0
5.7,0.18,0.26,2.2,0.023,21.0,95.0,0.9893,3.07,0.54,12.3,6,white,6.14,31.666,0.2211,off_dry,very_high,1,2.224,0.00187,0
6.6,0.36,0.47,1.4,0.10800000000000001,26.0,124.0,0.99274,3.09,0.56,10.1,6,white,7.43,18.333,0.2097,off_dry,medium,0,1.41,0.01069,0
5.9,0.14,0.2,1.6,0.04,26.0,114.0,0.99105,3.25,0.45,11.4,6,white,6.24,42.143,0.2281,off_dry,high,0,1.614,0.00351,0
5.5,0.23,0.19,2.2,0.044,39.0,161.0,0.99209,3.19,0.43,10.4,6,white,5.92,23.913,0.2422,off_dry,medium,0,2.218,0.00423,0
6.7,0.11,0.26,14.8,0.053,44.0,95.0,0.99676,3.2,0.35,9.8,6,white,7.07,60.909,0.4632,medium,medium,0,14.848,0.00541,0
7.0,0.24,0.24,1.8,0.047,29.0,91.0,0.99251,3.3,0.43,9.9,6,white,7.48,29.167,0.3187,off_dry,medium,0,1.814,0.00475,0
5.3,0.47,0.1,1.3,0.036,11.0,74.0,0.99082,3.48,0.54,11.2,4,white,5.87,11.277,0.1486,off_dry,high,0,1.312,0.00321,0
7.5,0.29,0.24,9.9,0.058,25.0,115.0,0.99567,3.15,0.46,10.9,5,white,8.03,25.862,0.2174,medium,high,0,9.943,0.00532,0
6.0,0.33,0.26,5.1,0.051,16.0,119.0,0.99416,3.15,0.41,9.2,5,white,6.59,18.182,0.1345,medium,medium,0,5.13,0.00554,0
5.8,0.32,0.23,1.5,0.033,39.0,121.0,0.9887,2.96,0.35,12.0,5,white,6.35,18.125,0.3223,off_dry,high,1,1.517,0.00275,0
5.8,0.3,0.23,1.5,0.034,37.0,121.0,0.98871,2.96,0.34,12.1,6,white,6.33,19.333,0.3058,off_dry,very_high,1,1.517,0.00281,0
4.450000000000001,0.31,0.02,11.1,0.036,20.0,114.0,0.99248,3.66,0.44,12.4,6,white,4.78,14.355,0.1754,medium,very_high,1,11.184,0.0029,0
6.2,0.36,0.22,5.25,0.038,44.0,145.0,0.99184,3.22,0.4,11.2,6,white,6.78,17.222,0.3034,medium,high,0,5.293,0.00339,0
6.0,0.31,0.27,2.3,0.042,19.0,120.0,0.98952,3.32,0.41,12.7,7,white,6.58,19.355,0.1583,off_dry,very_high,1,2.324,0.00331,1
6.9,0.52,0.54,7.9,0.036,23.0,169.0,0.99267,3.26,0.47,12.2,6,white,7.96,13.269,0.1361,medium,very_high,1,7.958,0.00295,0
7.0,0.55,0.05,8.0,0.036,19.0,164.0,0.99269,3.26,0.46,12.2,6,white,7.6,12.727,0.1159,medium,very_high,1,8.059,0.00295,0
5.8,0.2,0.16,1.4,0.042,44.0,99.0,0.98912,3.23,0.37,12.2,6,white,6.16,29.0,0.4444,off_dry,very_high,1,1.415,0.00344,0
6.0,0.29,0.27,2.3,0.044,20.0,117.0,0.9895,3.31,0.41,12.7,7,white,6.56,20.69,0.1709,off_dry,very_high,1,2.324,0.00346,1
5.7,0.22,0.29,3.5,0.04,27.0,146.0,0.98999,3.17,0.36,12.1,6,white,6.21,25.909,0.1849,off_dry,very_high,1,3.535,0.00331,0
7.1,0.46,0.23,13.7,0.045,44.0,192.0,0.9981,3.11,0.53,9.4,5,white,7.79,15.435,0.2292,medium,medium,0,13.726,0.00479,0
6.6,0.21,0.3,9.9,0.041,64.0,174.0,0.995,3.07,0.5,10.1,6,white,7.11,31.428,0.3678,medium,medium,0,9.95,0.00406,0
6.9,0.42,0.2,15.4,0.043,57.0,201.0,0.99848,3.08,0.54,9.4,5,white,7.52,16.429,0.2836,medium,medium,0,15.423,0.00457,0
5.7,0.22,0.2,16.0,0.044,41.0,113.0,0.99862,3.22,0.46,8.9,6,white,6.12,25.909,0.3628,medium,low,0,16.022,0.00494,0
5.2,0.31,0.2,2.4,0.027,27.0,117.0,0.98886,3.56,0.45,13.0,7,white,5.71,16.774,0.2308,off_dry,very_high,1,2.427,0.00208,1
7.2,0.22,0.35,5.5,0.054,37.0,183.0,0.99474,3.08,0.5,10.3,5,white,7.77,32.727,0.2022,medium,medium,0,5.529,0.00524,0
5.6,0.18,0.29,2.3,0.04,5.0,47.0,0.99126,3.07,0.45,10.1,4,white,6.07,31.111,0.1064,off_dry,medium,0,2.32,0.00396,0
6.2,0.24,0.27,16.05,0.04,48.0,129.0,0.99691,3.23,0.38,10.5,6,white,6.71,25.833,0.3721,medium,medium,0,16.1,0.00381,0
5.7,0.26,0.24,16.05,0.059,23.0,124.0,0.99773,3.3,0.5,10.1,5,white,6.2,21.923,0.1855,medium,medium,0,16.087,0.00584,0
6.0,0.2,0.26,6.8,0.049,22.0,93.0,0.9928,3.15,0.42,11.0,6,white,6.46,30.0,0.2366,medium,high,0,6.849,0.00445,0
7.6,0.28,0.17,1.6,0.046,28.0,117.0,0.99288,3.08,0.43,10.0,5,white,8.05,27.143,0.2393,off_dry,medium,0,1.611,0.0046,0
7.0,0.2,0.33,4.7,0.03,25.0,76.0,0.99202,2.88,0.54,10.5,6,white,7.53,35.0,0.3289,off_dry,medium,0,4.738,0.00286,0
6.6,0.26,0.27,11.8,0.048,28.0,112.0,0.99606,2.87,0.49,9.7,6,white,7.13,25.385,0.25,medium,medium,0,11.847,0.00495,0
7.2,0.21,0.36,15.7,0.045,68.0,183.0,0.99922,3.25,0.76,9.4,5,white,7.77,34.286,0.3716,medium,medium,0,15.712,0.00479,0
6.9,0.22,0.32,5.8,0.041,20.0,119.0,0.99296,3.17,0.55,11.2,6,white,7.44,31.363,0.1681,medium,high,0,5.841,0.00366,0
7.4,0.22,0.28,9.0,0.046,22.0,121.0,0.99468,3.1,0.55,10.8,5,white,7.9,33.636,0.1818,medium,high,0,9.048,0.00426,0
7.0,0.2,0.35,8.8,0.037,31.0,103.0,0.99388,3.13,0.49,11.0,6,white,7.55,35.0,0.301,medium,high,0,8.854,0.00336,0
5.6,0.26,0.0,10.2,0.038,13.0,111.0,0.99315,3.44,0.46,12.4,6,white,5.86,21.538,0.1171,medium,very_high,1,10.27,0.00306,0
6.3,0.28,0.3,6.6,0.10800000000000001,60.0,154.0,0.99478,3.1,0.4,9.4,6,white,6.88,22.5,0.3896,medium,medium,0,6.635,0.01149,0
6.4,0.29,0.3,6.5,0.10800000000000001,62.0,156.0,0.99478,3.1,0.4,9.4,5,white,6.99,22.069,0.3974,medium,medium,0,6.534,0.01149,0
7.2,0.34,0.23,8.9,0.105,22.0,155.0,0.99692,3.01,0.58,9.5,5,white,7.77,21.176,0.1419,medium,medium,0,8.927,0.01105,0
7.1,0.39,0.39,11.1,0.034,25.0,204.0,0.99616,3.05,0.52,10.0,6,white,7.88,18.205,0.1225,medium,medium,0,11.143,0.0034,0
6.9,0.26,0.29,4.2,0.043,33.0,114.0,0.9902,3.16,0.31,12.5,6,white,7.45,26.538,0.2895,off_dry,very_high,1,4.242,0.00344,0
6.1,0.24,0.25,1.6,0.044,24.0,115.0,0.9921,3.39,0.59,10.9,6,white,6.59,25.417,0.2087,off_dry,high,0,1.613,0.00404,0
5.9,0.25,0.24,7.4,0.044,21.0,113.0,0.99462,3.38,0.58,10.5,6,white,6.39,23.6,0.1858,medium,medium,0,7.44,0.00419,0
6.1,0.24,0.27,11.5,0.05,51.0,133.0,0.99476,3.22,0.37,10.8,6,white,6.61,25.417,0.3835,medium,high,0,11.561,0.00463,0
6.5,0.22,0.27,1.6,0.039,36.0,116.0,0.99178,3.38,0.57,11.0,7,white,6.99,29.545,0.3103,off_dry,high,0,1.613,0.00355,1
6.2,0.26,0.29,2.0,0.036,16.0,87.0,0.99081,3.33,0.61,11.8,6,white,6.75,23.846,0.1839,off_dry,high,0,2.019,0.00305,0
6.6,0.34,0.25,4.8,0.038,16.0,121.0,0.99198,3.36,0.71,12.6,6,white,7.19,19.412,0.1322,off_dry,very_high,1,4.839,0.00302,0
5.6,0.225,0.24,9.8,0.054,59.0,140.0,0.99545,3.17,0.39,10.2,6,white,6.065,24.889,0.4214,medium,medium,0,9.845,0.00529,0
7.1,0.23,0.28,1.9,0.046,33.0,103.0,0.98997,3.12,0.31,12.0,5,white,7.61,30.869,0.3204,off_dry,high,1,1.919,0.00383,0
6.4,0.27,0.3,1.6,0.04,19.0,86.0,0.99089,3.32,0.65,11.5,6,white,6.97,23.704,0.2209,off_dry,high,0,1.615,0.00348,0
6.3,0.41,0.22,7.3,0.035,23.0,117.0,0.99172,3.2,0.39,11.94,7,white,6.93,15.366,0.1966,medium,high,0,7.361,0.00293,1
6.7,0.41,0.24,5.4,0.035,33.0,115.0,0.9901,3.12,0.44,12.8933333333333,7,white,7.35,16.341,0.287,medium,very_high,1,5.454,0.00271,1
7.2,0.585,0.2,10.4,0.086,17.0,94.0,0.99681,3.13,0.4,9.4,5,white,7.985,12.308,0.1809,medium,medium,0,10.433,0.00915,0
6.7,0.34,0.26,1.9,0.038,58.0,138.0,0.9893,3.0,0.47,12.2,7,white,7.3,19.706,0.4203,off_dry,very_high,1,1.921,0.00311,1
6.4,0.26,0.35,7.7,0.056,45.0,191.0,0.99527,3.16,0.5,9.5,5,white,7.01,24.615,0.2356,medium,medium,0,7.737,0.00589,0
6.3,0.28,0.22,11.5,0.036,27.0,150.0,0.99445,3.0,0.33,10.6,6,white,6.8,22.5,0.18,medium,high,0,11.564,0.0034,0
7.4,0.16,0.33,1.2,0.042,47.0,121.0,0.99198,3.04,0.68,10.5,7,white,7.89,46.25,0.3884,off_dry,medium,0,1.21,0.004,1
8.4,0.27,0.3,2.2,0.037,36.0,129.0,0.99085,2.89,0.3,11.4666666666667,6,white,8.97,31.111,0.2791,off_dry,high,0,2.22,0.00323,0
5.9,0.2,0.28,1.0,0.043,45.0,100.0,0.99033,3.4,0.41,11.4,6,white,6.38,29.5,0.45,dry,high,0,1.01,0.00377,0
6.4,0.24,0.26,8.2,0.054,47.0,182.0,0.99538,3.12,0.5,9.5,5,white,6.9,26.667,0.2582,medium,medium,0,8.238,0.00568,0
7.4,0.38,0.34,8.3,0.052,44.0,168.0,0.99627,3.11,0.52,9.2,5,white,8.12,19.474,0.2619,medium,medium,0,8.331,0.00565,0
6.4,0.42,0.19,9.3,0.043,28.0,145.0,0.99433,3.23,0.53,10.98,5,white,7.01,15.238,0.1931,medium,high,0,9.353,0.00392,0
6.4,0.23,0.26,8.1,0.054,47.0,181.0,0.9954,3.12,0.49,9.4,5,white,6.89,27.826,0.2597,medium,medium,0,8.137,0.00574,0
7.3,0.19,0.27,13.9,0.057,45.0,155.0,0.99807,2.94,0.41,8.8,8,white,7.76,38.421,0.2903,medium,low,0,13.927,0.00648,1
6.8,0.24,0.29,2.0,0.044,15.0,96.0,0.99232,3.23,0.64,10.4,8,white,7.33,28.333,0.1562,off_dry,medium,0,2.015,0.00423,1
7.4,0.27,0.52,15.7,0.054,36.0,139.0,0.99788,3.04,0.62,10.0333333333333,6,white,8.19,27.407,0.259,medium,medium,0,15.733,0.00538,0
5.7,0.28,0.35,1.2,0.052,39.0,141.0,0.99108,3.44,0.69,11.3,6,white,6.33,20.357,0.2766,off_dry,high,0,1.211,0.0046,0
5.8,0.22,0.25,1.5,0.024,21.0,109.0,0.99234,3.37,0.58,10.4,6,white,6.27,26.364,0.1927,off_dry,medium,0,1.512,0.00231,0
6.7,0.27,0.6400000000000001,1.2,0.10800000000000001,36.0,106.0,0.99288,2.96,0.43,9.2,6,white,7.61,24.815,0.3396,off_dry,medium,0,1.209,0.01174,0
7.1,0.2,0.35,3.2,0.034,21.0,107.0,0.99195,3.11,0.54,11.1,6,white,7.65,35.5,0.1963,off_dry,high,0,3.226,0.00306,0
7.1,0.23,0.3,2.6,0.034,62.0,148.0,0.99121,3.03,0.56,11.3,7,white,7.63,30.869,0.4189,off_dry,high,0,2.623,0.00301,1
7.6,0.31,0.52,13.2,0.042,61.0,148.0,0.99839,2.98,0.47,9.1,6,white,8.43,24.516,0.4122,medium,medium,0,13.221,0.00462,0
7.2,0.34,0.28,10.4,0.108,43.0,187.0,0.99738,2.96,0.57,9.4,5,white,7.82,21.176,0.2299,medium,medium,0,10.427,0.01149,0
7.0,0.36,0.25,5.7,0.015,14.0,73.0,0.98963,2.82,0.59,13.2,6,white,7.61,19.444,0.1918,medium,very_high,1,5.76,0.00114,0
6.4,0.31,0.28,2.5,0.039,34.0,137.0,0.98946,3.22,0.38,12.7,6,white,6.99,20.645,0.2482,off_dry,very_high,1,2.527,0.00307,0
7.3,0.28,0.35,1.6,0.054,31.0,148.0,0.99178,3.18,0.47,10.7,5,white,7.93,26.071,0.2095,off_dry,high,0,1.613,0.00505,0
7.4,0.16,0.3,1.4,0.064,34.0,166.0,0.99136,3.11,0.42,11.4333333333333,6,white,7.86,46.25,0.2048,off_dry,high,0,1.412,0.0056,0
6.4,0.31,0.27,7.4,0.049,48.0,169.0,0.99323,3.27,0.45,11.1,6,white,6.98,20.645,0.284,medium,high,0,7.45,0.00441,0
6.2,0.29,0.29,5.6,0.046,35.0,178.0,0.99313,3.25,0.51,10.5333333333333,5,white,6.78,21.379,0.1966,medium,high,0,5.639,0.00437,0
5.9,0.28,0.34,3.6,0.04,50.0,194.0,0.9912,3.31,0.52,11.6,6,white,6.52,21.071,0.2577,off_dry,high,0,3.632,0.00345,0
6.5,0.23,0.2,7.5,0.05,44.0,179.0,0.99504,3.18,0.48,9.53333333333333,5,white,6.93,28.261,0.2458,medium,medium,0,7.537,0.00524,0
7.2,0.34,0.2,5.8,0.062,52.0,203.0,0.99461,3.17,0.44,9.8,6,white,7.74,21.176,0.2562,medium,medium,0,5.831,0.00633,0
6.5,0.2,0.33,1.5,0.039,36.0,110.0,0.99008,3.22,0.65,12.0,6,white,7.03,32.5,0.3273,off_dry,high,1,1.515,0.00325,0
6.2,0.24,0.27,2.9,0.039,30.0,123.0,0.98959,3.12,0.37,12.8,6,white,6.71,25.833,0.2439,off_dry,very_high,1,2.931,0.00305,0
7.1,0.31,0.25,11.2,0.048,32.0,136.0,0.99663,3.14,0.4,9.5,5,white,7.66,22.903,0.2353,medium,medium,0,11.238,0.00505,0
6.4,0.29,0.21,9.65,0.041,36.0,119.0,0.99334,2.99,0.34,10.9333333333333,6,white,6.9,22.069,0.3025,medium,high,0,9.715,0.00375,0
6.3,0.19,0.33,10.1,0.063,63.0,133.0,0.99561,2.86,0.41,9.1,5,white,6.82,33.158,0.4737,medium,medium,0,10.145,0.00692,0
5.9,0.29,0.28,3.2,0.035,16.0,117.0,0.98959,3.26,0.42,12.6,6,white,6.47,20.345,0.1368,off_dry,very_high,1,3.234,0.00278,0
6.5,0.3,0.28,11.45,0.041,29.0,109.0,0.99418,2.98,0.3,10.9,6,white,7.08,21.667,0.2661,medium,high,0,11.517,0.00376,0
6.5,0.22,0.19,4.5,0.096,16.0,115.0,0.9937,3.02,0.44,9.6,5,white,6.91,29.545,0.1391,off_dry,medium,0,4.529,0.01,0
7.0,0.23,0.28,2.7,0.053,16.0,92.0,0.99372,3.18,0.56,9.3,5,white,7.51,30.435,0.1739,off_dry,medium,0,2.717,0.0057,0
7.1,0.23,0.23,3.5,0.038,23.0,112.0,0.99157,3.05,0.37,11.3666666666667,6,white,7.56,30.869,0.2054,off_dry,high,0,3.53,0.00334,0
6.1,0.26,0.28,1.7,0.043,24.0,98.0,0.98918,3.14,0.44,12.5,6,white,6.64,23.461,0.2449,off_dry,very_high,1,1.719,0.00344,0
6.4,0.35,0.21,2.1,0.051,46.0,171.0,0.9932,3.16,0.5,9.5,5,white,6.96,18.286,0.269,off_dry,medium,0,2.114,0.00537,0
6.0,0.32,0.32,4.8,0.041,40.0,186.0,0.99235,3.22,0.54,11.0,6,white,6.64,18.75,0.2151,off_dry,high,0,4.837,0.00373,0
6.1,0.34,0.21,5.0,0.042,17.0,133.0,0.99373,3.02,0.53,9.4,5,white,6.65,17.941,0.1278,off_dry,medium,0,5.032,0.00447,0
6.5,0.13,0.27,2.6,0.035,32.0,76.0,0.9914,3.21,0.76,11.3333333333333,6,white,6.9,50.0,0.4211,off_dry,high,0,2.623,0.00309,0
6.5,0.315,0.2,6.6,0.041,9.0,126.0,0.99494,2.94,0.51,8.8,5,white,7.015,20.635,0.0714,medium,low,0,6.634,0.00466,0
5.7,0.31,0.29,7.3,0.05,33.0,143.0,0.99332,3.31,0.5,11.0666666666667,6,white,6.3,18.387,0.2308,medium,high,0,7.349,0.00452,0
6.4,0.3,0.27,5.0,0.058,27.0,151.0,0.99198,3.22,0.49,12.2,6,white,6.97,21.333,0.1788,off_dry,very_high,1,5.04,0.00475,0
7.0,0.24,0.26,1.7,0.041,31.0,110.0,0.99142,3.2,0.53,11.0,6,white,7.5,29.167,0.2818,off_dry,high,0,1.715,0.00373,0
6.4,0.26,0.21,8.2,0.05,51.0,182.0,0.99542,3.23,0.48,9.5,5,white,6.87,24.615,0.2802,medium,medium,0,8.238,0.00526,0
6.0,0.27,0.31,5.0,0.043,54.0,170.0,0.9924,3.28,0.52,11.0,6,white,6.58,22.222,0.3176,off_dry,high,0,5.038,0.00391,0
7.1,0.21,0.33,1.2,0.039,34.0,97.0,0.99112,3.11,0.75,11.2,6,white,7.64,33.809,0.3505,off_dry,high,0,1.211,0.00348,0
6.7,0.26,0.29,7.1,0.036,28.0,100.0,0.99534,3.08,0.36,9.3,6,white,7.25,25.769,0.28,medium,medium,0,7.133,0.00387,0
6.3,0.28,0.22,9.5,0.04,30.0,111.0,0.99338,3.05,0.31,10.8,4,white,6.8,22.5,0.2703,medium,high,0,9.563,0.0037,0
6.2,0.25,0.44,15.8,0.057,39.0,167.0,0.99804,3.14,0.51,9.2,5,white,6.89,24.8,0.2335,medium,medium,0,15.831,0.0062,0
7.3,0.22,0.37,15.5,0.048,70.0,203.0,0.99899,3.25,0.77,9.4,5,white,7.89,33.182,0.3448,medium,medium,0,15.516,0.00511,0
6.4,0.18,0.28,16.05,0.047,53.0,139.0,0.99724,3.25,0.35,10.5,6,white,6.86,35.555,0.3813,medium,medium,0,16.094,0.00448,0
6.3,0.2,0.26,12.7,0.046,60.0,143.0,0.99526,3.26,0.35,10.8,6,white,6.76,31.5,0.4196,medium,high,0,12.76,0.00426,0
6.6,0.24,0.22,12.3,0.051,35.0,146.0,0.99676,3.1,0.67,9.4,5,white,7.06,27.5,0.2397,medium,medium,0,12.34,0.00543,0
7.4,0.27,0.26,11.8,0.053,55.0,173.0,0.99699,3.11,0.6,9.8,5,white,7.93,27.407,0.3179,medium,medium,0,11.836,0.00541,0
7.1,0.38,0.29,13.6,0.041,30.0,137.0,0.99461,3.02,0.855,12.1,6,white,7.77,18.684,0.219,medium,very_high,1,13.674,0.00339,0
6.8,0.43,0.26,5.2,0.043,40.0,176.0,0.99116,3.17,0.41,12.3,6,white,7.49,15.814,0.2273,medium,very_high,1,5.246,0.0035,0
5.2,0.22,0.46,6.2,0.066,41.0,187.0,0.99362,3.19,0.42,9.73333333333333,5,white,5.88,23.636,0.2193,medium,medium,0,6.24,0.00678,0
5.9,0.29,0.16,7.9,0.044,48.0,197.0,0.99512,3.21,0.36,9.4,5,white,6.35,20.345,0.2437,medium,medium,0,7.939,0.00468,0
6.3,0.29,0.29,3.3,0.037,32.0,140.0,0.9895,3.17,0.36,12.8,7,white,6.88,21.724,0.2286,off_dry,very_high,1,3.335,0.00289,1
6.3,0.19,0.32,2.8,0.046,18.0,80.0,0.99043,2.92,0.47,11.05,6,white,6.81,33.158,0.225,off_dry,high,0,2.827,0.00416,0
5.7,0.29,0.16,7.9,0.044,48.0,197.0,0.99512,3.21,0.36,9.4,5,white,6.15,19.655,0.2437,medium,medium,0,7.939,0.00468,0
5.7,0.24,0.47,6.3,0.069,35.0,182.0,0.99391,3.11,0.46,9.73333333333333,5,white,6.41,23.75,0.1923,medium,medium,0,6.339,0.00709,0
5.8,0.3,0.38,4.9,0.039,22.0,86.0,0.98963,3.23,0.58,13.1,7,white,6.48,19.333,0.2558,off_dry,very_high,1,4.951,0.00298,1
7.1,0.27,0.27,10.4,0.041,26.0,114.0,0.99335,3.04,0.52,11.5,7,white,7.64,26.296,0.2281,medium,high,0,10.47,0.00357,1
6.3,0.305,0.22,16.0,0.061,26.0,141.0,0.99824,3.08,0.5,9.1,5,white,6.825,20.656,0.1844,medium,medium,0,16.028,0.0067,0
5.7,0.24,0.47,6.3,0.069,35.0,182.0,0.99391,3.11,0.46,9.75,5,white,6.41,23.75,0.1923,medium,medium,0,6.339,0.00708,0
6.2,0.22,0.28,2.2,0.04,24.0,125.0,0.9917,3.19,0.48,10.5,6,white,6.7,28.182,0.192,off_dry,medium,0,2.218,0.00381,0
6.6,0.22,0.23,16.05,0.047,37.0,118.0,0.99906,3.08,0.46,8.8,6,white,7.05,30.0,0.3136,medium,low,0,16.065,0.00534,0
6.1,0.22,0.5,6.6,0.045,30.0,122.0,0.99415,3.22,0.49,9.9,6,white,6.82,27.727,0.2459,medium,medium,0,6.639,0.00455,0
6.2,0.21,0.52,6.5,0.047,28.0,123.0,0.99418,3.22,0.49,9.9,6,white,6.93,29.524,0.2276,medium,medium,0,6.538,0.00475,0
6.3,0.32,0.26,12.3,0.044,24.0,205.0,0.99611,3.11,0.58,9.9,5,white,6.88,19.687,0.1171,medium,medium,0,12.348,0.00444,0
6.9,0.44,0.27,5.0,0.038,33.0,166.0,0.99124,3.2,0.42,12.2,6,white,7.61,15.682,0.1988,off_dry,very_high,1,5.044,0.00311,0
6.1,0.31,0.34,2.8,0.042,59.5,162.0,0.99179,3.27,0.47,10.8,6,white,6.75,19.677,0.3673,off_dry,high,0,2.823,0.00389,0
8.1,0.36,0.59,13.6,0.051,60.0,134.0,0.99886,2.96,0.39,8.7,5,white,9.05,22.5,0.4478,medium,low,0,13.616,0.00586,0
6.6,0.38,0.28,2.8,0.043,17.0,67.0,0.98924,3.21,0.47,13.2,6,white,7.26,17.368,0.2537,off_dry,very_high,1,2.83,0.00326,0
6.7,0.24,0.26,5.4,0.03,15.0,94.0,0.99045,3.15,0.38,12.7,6,white,7.2,27.917,0.1596,medium,very_high,1,5.452,0.00236,0
6.9,0.56,0.26,10.9,0.06,55.0,193.0,0.9969,3.21,0.44,9.4,5,white,7.72,12.321,0.285,medium,medium,0,10.934,0.00638,0
7.2,0.24,0.24,1.7,0.045,18.0,161.0,0.99196,3.25,0.53,11.2,6,white,7.68,30.0,0.1118,off_dry,high,0,1.714,0.00402,0
6.5,0.29,0.3,9.15,0.051,25.0,166.0,0.99339,3.24,0.56,11.3333333333333,6,white,7.09,22.414,0.1506,medium,high,0,9.211,0.0045,0
6.7,0.28,0.28,4.5,0.051,14.0,92.0,0.99224,3.36,0.58,11.9,6,white,7.26,23.928,0.1522,off_dry,high,0,4.535,0.00429,0
6.5,0.29,0.3,9.15,0.051,25.0,166.0,0.99339,3.24,0.56,11.35,6,white,7.09,22.414,0.1506,medium,high,0,9.211,0.00449,0
6.1,0.21,0.19,1.4,0.046,51.0,131.0,0.99184,3.22,0.39,10.5,5,white,6.5,29.047,0.3893,off_dry,medium,0,1.412,0.00438,0
7.2,0.47,0.16,5.9,0.048,14.0,125.0,0.99428,3.09,0.49,9.8,5,white,7.83,15.319,0.112,medium,medium,0,5.934,0.0049,0
6.7,0.34,0.31,16.05,0.051,20.0,146.0,0.99834,3.06,0.54,9.1,5,white,7.35,19.706,0.137,medium,medium,0,16.077,0.0056,0
6.6,0.27,0.25,1.2,0.033,36.0,111.0,0.98918,3.16,0.37,12.4,6,white,7.12,24.444,0.3243,off_dry,very_high,1,1.213,0.00266,0
5.0,0.35,0.25,7.8,0.031,24.0,116.0,0.99241,3.39,0.4,11.3,6,white,5.6,14.286,0.2069,medium,high,0,7.86,0.00274,0
4.450000000000001,0.46,0.1,2.8,0.024,31.0,111.0,0.98816,3.48,0.34,13.1,6,white,5.01,9.674,0.2793,off_dry,very_high,1,2.834,0.00183,0
6.6,0.38,0.29,2.9,0.035,15.0,101.0,0.98916,3.04,0.37,12.5,6,white,7.27,17.368,0.1485,off_dry,very_high,1,2.932,0.0028,0
7.3,0.3,0.25,2.5,0.045,32.0,122.0,0.99329,3.18,0.54,10.3,5,white,7.85,24.333,0.2623,off_dry,medium,0,2.517,0.00437,0
6.4,0.28,0.22,12.8,0.039,51.0,150.0,0.99535,3.23,0.43,10.7,6,white,6.9,22.857,0.34,medium,high,0,12.86,0.00364,0
6.9,0.29,0.25,12.2,0.04,29.0,136.0,0.99552,3.05,0.65,10.4,6,white,7.44,23.793,0.2132,medium,medium,0,12.255,0.00385,0
6.3,0.3,0.19,7.7,0.049,47.0,184.0,0.99514,3.22,0.48,9.5,5,white,6.79,21.0,0.2554,medium,medium,0,7.738,0.00516,0
6.3,0.39,0.22,2.8,0.048,53.0,173.0,0.99304,3.24,0.45,9.8,5,white,6.91,16.154,0.3064,off_dry,medium,0,2.82,0.0049,0
6.6,0.18,0.26,16.05,0.051,17.0,149.0,0.9984,3.0,0.43,9.4,6,white,7.04,36.666,0.1141,medium,medium,0,16.076,0.00543,0
6.0,0.28,0.29,16.05,0.051,36.0,174.0,0.99911,3.14,0.5,9.0,5,white,6.57,21.428,0.2069,medium,low,0,16.064,0.00567,0
6.6,0.35,0.26,2.7,0.045,19.0,129.0,0.98952,3.24,0.48,13.0,7,white,7.21,18.857,0.1473,off_dry,very_high,1,2.729,0.00346,1
5.9,0.22,0.18,6.4,0.041,28.0,120.0,0.99403,3.27,0.5,9.9,5,white,6.3,26.818,0.2333,medium,medium,0,6.438,0.00414,0
7.7,0.28,0.24,2.4,0.044,29.0,157.0,0.99312,3.27,0.56,10.6,6,white,8.22,27.5,0.1847,off_dry,high,0,2.417,0.00415,0
7.1,0.42,0.2,2.8,0.038,28.0,109.0,0.98968,3.23,0.47,13.4,6,white,7.72,16.905,0.2569,off_dry,very_high,1,2.829,0.00284,0
6.7,0.32,0.32,1.7,0.031,31.0,114.0,0.98946,3.12,0.35,12.5,6,white,7.34,20.937,0.2719,off_dry,very_high,1,1.718,0.00248,0
6.6,0.26,0.56,15.4,0.053,32.0,141.0,0.9981,3.11,0.49,9.3,5,white,7.42,25.385,0.227,medium,medium,0,15.429,0.0057,0
6.2,0.32,0.24,4.1,0.051,34.0,149.0,0.99306,3.36,0.52,11.0,5,white,6.76,19.375,0.2282,off_dry,high,0,4.129,0.00464,0
6.3,0.25,0.27,6.6,0.054,40.0,158.0,0.99378,3.2,0.48,10.3,5,white,6.82,25.2,0.2532,medium,medium,0,6.641,0.00524,0
6.2,0.21,0.24,1.2,0.051,31.0,95.0,0.99036,3.24,0.57,11.3,6,white,6.65,29.524,0.3263,off_dry,high,0,1.212,0.00451,0
6.4,0.23,0.27,2.1,0.042,35.0,100.0,0.99094,3.03,0.63,10.9,6,white,6.9,27.826,0.35,off_dry,high,0,2.119,0.00385,0
4.7,0.145,0.29,1.0,0.042,35.0,90.0,0.9908,3.66,0.49,11.3,6,white,5.135,32.414,0.3889,dry,high,0,1.009,0.00372,0
6.2,0.2,0.28,1.1,0.039,24.0,78.0,0.9899,3.36,0.47,12.1,6,white,6.68,31.0,0.3077,off_dry,very_high,1,1.111,0.00322,0
7.0,0.28,0.28,1.4,0.039,12.0,83.0,0.99173,3.18,0.65,11.1,5,white,7.56,25.0,0.1446,off_dry,high,0,1.412,0.00351,0
7.1,0.36,0.2,1.6,0.10800000000000001,24.0,140.0,0.99356,3.11,0.63,9.8,5,white,7.66,19.722,0.1714,off_dry,medium,0,1.61,0.01102,0
5.7,0.25,0.22,9.8,0.049,50.0,125.0,0.99571,3.2,0.45,10.1,6,white,6.17,22.8,0.4,medium,medium,0,9.842,0.00485,0
5.7,0.22,0.33,1.9,0.036,37.0,110.0,0.98945,3.26,0.58,12.4,6,white,6.25,25.909,0.3364,off_dry,very_high,1,1.92,0.0029,0
6.0,0.2,0.38,1.3,0.034,37.0,104.0,0.98865,3.11,0.52,12.7,6,white,6.58,30.0,0.3558,off_dry,very_high,1,1.315,0.00268,0
6.4,0.32,0.26,7.9,0.05,53.0,180.0,0.99514,3.14,0.5,9.6,5,white,6.98,20.0,0.2944,medium,medium,0,7.939,0.00521,0
6.0,0.555,0.26,4.5,0.053,17.0,126.0,0.9943,3.24,0.46,9.1,5,white,6.815,10.811,0.1349,off_dry,medium,0,4.526,0.00582,0
5.9,0.22,0.45,16.05,0.10800000000000001,55.0,122.0,0.99636,3.1,0.35,12.8,5,white,6.57,26.818,0.4508,medium,very_high,1,16.109,0.00844,0
6.2,0.3,0.33,3.5,0.037,37.0,155.0,0.98987,3.18,0.37,12.4,6,white,6.83,20.667,0.2387,off_dry,very_high,1,3.536,0.00298,0
5.8,0.28,0.18,1.2,0.058,7.0,108.0,0.99288,3.23,0.58,9.55,4,white,6.26,20.714,0.0648,off_dry,medium,0,1.209,0.00607,0
5.8,0.555,0.26,4.5,0.053,17.0,126.0,0.9943,3.24,0.46,9.1,5,white,6.615,10.45,0.1349,off_dry,medium,0,4.526,0.00582,0
6.7,0.31,0.33,2.0,0.033,12.0,74.0,0.99064,3.29,0.65,12.5,6,white,7.34,21.613,0.1622,off_dry,very_high,1,2.019,0.00264,0
6.4,0.15,0.25,7.8,0.05,13.0,68.0,0.99394,3.16,0.4,9.9,6,white,6.8,42.666,0.1912,medium,medium,0,7.848,0.00505,0
6.4,0.13,0.28,0.9,0.045,32.0,87.0,0.99175,3.47,0.52,11.2,6,white,6.81,49.23,0.3678,dry,high,0,0.907,0.00402,0
6.7,0.48,0.49,2.9,0.03,28.0,122.0,0.98926,3.13,0.4,13.0,6,white,7.67,13.958,0.2295,off_dry,very_high,1,2.931,0.00231,0
5.8,0.3,0.33,3.5,0.033,25.0,116.0,0.99057,3.2,0.44,11.7,6,white,6.43,19.333,0.2155,off_dry,high,0,3.533,0.00282,0
6.1,0.28,0.23,4.2,0.038,13.0,95.0,0.98898,2.97,0.7,13.1,6,white,6.61,21.786,0.1368,off_dry,very_high,1,4.247,0.0029,0
6.0,0.19,0.37,9.7,0.032,17.0,50.0,0.9932,3.08,0.66,12.0,6,white,6.56,31.579,0.34,medium,high,1,9.766,0.00267,0
6.8,0.31,0.25,10.5,0.043,30.0,165.0,0.9972,3.36,0.55,10.55,6,white,7.36,21.935,0.1818,medium,high,0,10.529,0.00408,0
7.5,0.24,0.29,1.1,0.046,34.0,84.0,0.9902,3.04,0.39,11.45,6,white,8.03,31.25,0.4048,off_dry,high,0,1.111,0.00402,0
6.8,0.23,0.39,16.05,0.053,71.0,194.0,0.9988,3.18,0.64,10.2,6,white,7.42,29.565,0.366,medium,medium,0,16.069,0.0052,0
6.3,0.29,0.3,8.1,0.10800000000000001,60.0,150.0,0.9958,3.1,0.4,9.3,5,white,6.89,21.724,0.4,medium,medium,0,8.134,0.01161,0
6.8,0.2,0.25,6.2,0.052,22.0,106.0,0.9935,3.09,0.54,10.8,5,white,7.25,34.0,0.2075,medium,high,0,6.241,0.00481,0
5.2,0.38,0.26,7.7,0.053,20.0,103.0,0.9925,3.27,0.45,12.2,6,white,5.84,13.684,0.1942,medium,very_high,1,7.758,0.00434,0
7.8,0.27,0.33,2.4,0.053,36.0,175.0,0.992,3.2,0.55,11.0,6,white,8.4,28.889,0.2057,off_dry,high,0,2.419,0.00482,0
6.6,0.54,0.21,16.05,0.055,41.0,182.0,0.9986,3.35,0.54,10.4,6,white,7.35,12.222,0.2253,medium,medium,0,16.073,0.00529,0
7.1,0.25,0.31,2.3,0.05,32.0,156.0,0.9914,3.14,0.51,11.4,6,white,7.66,28.4,0.2051,off_dry,high,0,2.32,0.00439,0
5.8,0.61,0.01,8.4,0.041,31.0,104.0,0.9909,3.26,0.72,14.05,7,white,6.42,9.508,0.2981,medium,very_high,1,8.477,0.00292,1
6.5,0.32,0.23,8.5,0.051,20.0,138.0,0.9943,3.03,0.42,10.7,5,white,7.05,20.312,0.1449,medium,high,0,8.549,0.00477,0
6.4,0.28,0.23,6.0,0.051,50.0,162.0,0.994,3.15,0.52,10.2,5,white,6.91,22.857,0.3086,medium,medium,0,6.036,0.005,0
6.6,0.19,0.28,1.1,0.044,38.0,100.0,0.9904,3.22,0.69,11.2,6,white,7.07,34.737,0.38,off_dry,high,0,1.111,0.00393,0
5.1,0.305,0.13,1.75,0.036,17.0,73.0,0.99,3.4,0.51,12.3333333333333,5,white,5.535,16.721,0.2329,off_dry,very_high,1,1.768,0.00292,0
5.8,0.26,0.3,2.6,0.034,75.0,129.0,0.9902,3.2,0.38,11.5,4,white,6.36,22.308,0.5814,off_dry,high,0,2.626,0.00296,0
6.7,0.23,0.17,1.3,0.061,14.0,100.0,0.9925,3.07,0.55,9.5,5,white,7.1,29.13,0.14,off_dry,medium,0,1.31,0.00642,0
6.8,0.33,0.3,2.1,0.047,35.0,147.0,0.9886,3.24,0.56,13.4,6,white,7.43,20.606,0.2381,off_dry,very_high,1,2.124,0.00351,0
6.1,0.27,0.32,1.1,0.034,24.0,110.0,0.9898,3.36,0.4,12.5,6,white,6.69,22.593,0.2182,off_dry,very_high,1,1.111,0.00272,0
6.8,0.4,0.29,2.8,0.044,27.0,97.0,0.9904,3.12,0.42,11.2,6,white,7.49,17.0,0.2784,off_dry,high,0,2.827,0.00393,0
6.1,0.4,0.18,9.0,0.051,28.5,259.0,0.9964,3.19,0.5,8.8,5,white,6.68,15.25,0.11,medium,low,0,9.033,0.0058,0
7.1,0.28,0.26,2.8,0.039,50.0,118.0,0.9908,3.06,0.59,11.2,6,white,7.64,25.357,0.4237,off_dry,high,0,2.826,0.00348,0
6.2,0.32,0.32,2.2,0.036,15.0,70.0,0.9899,3.16,0.48,12.7,6,white,6.84,19.375,0.2143,off_dry,very_high,1,2.222,0.00283,0
6.8,0.17,0.17,5.1,0.049,26.0,82.0,0.993,3.0,0.38,9.8,6,white,7.14,40.0,0.3171,medium,medium,0,5.136,0.005,0
9.0,0.2,0.33,3.5,0.049,10.0,40.0,0.9944,3.14,0.36,9.8,6,white,9.53,45.0,0.25,off_dry,medium,0,3.52,0.005,0
5.8,0.13,0.22,12.7,0.058,24.0,183.0,0.9956,3.32,0.42,11.7,6,white,6.15,44.615,0.1311,medium,high,0,12.756,0.00496,0
5.8,0.31,0.31,7.5,0.052,55.0,230.0,0.9949,3.19,0.46,9.8,5,white,6.42,18.71,0.2391,medium,medium,0,7.538,0.00531,0
6.3,0.36,0.2,2.0,0.048,48.0,191.0,0.9929,3.17,0.51,9.6,5,white,6.86,17.5,0.2513,off_dry,medium,0,2.014,0.005,0
6.7,0.18,0.25,14.3,0.048,78.5,149.0,0.9975,3.12,0.37,9.7,5,white,7.13,37.222,0.5268,medium,medium,0,14.336,0.00495,0
6.6,0.16,0.25,9.8,0.049,59.5,137.0,0.995,3.16,0.38,10.0,6,white,7.01,41.25,0.4343,medium,medium,0,9.849,0.0049,0
5.8,0.27,0.22,12.7,0.058,42.0,206.0,0.9946,3.32,0.38,12.3,6,white,6.29,21.481,0.2039,medium,very_high,1,12.769,0.00472,0
6.4,0.37,0.19,3.5,0.068,18.0,101.0,0.9934,3.03,0.38,9.0,6,white,6.96,17.297,0.1782,off_dry,low,0,3.523,0.00756,0
7.3,0.26,0.53,12.7,0.047,60.5,164.5,0.9984,3.06,0.45,9.1,6,white,8.09,28.077,0.3678,medium,medium,0,12.72,0.00516,0
7.3,0.28,0.54,12.9,0.049,62.0,162.5,0.9984,3.06,0.45,9.1,6,white,8.12,26.071,0.3815,medium,medium,0,12.921,0.00538,0
5.8,0.12,0.21,1.3,0.056,35.0,121.0,0.9908,3.32,0.33,11.4,6,white,6.13,48.333,0.2893,off_dry,high,0,1.312,0.00491,0
6.1,0.25,0.18,10.5,0.049,41.0,124.0,0.9963,3.14,0.35,10.5,5,white,6.53,24.4,0.3306,medium,medium,0,10.539,0.00467,0
6.4,0.24,0.27,1.5,0.04,35.0,105.0,0.98914,3.13,0.3,12.4,6,white,6.91,26.667,0.3333,off_dry,very_high,1,1.516,0.00323,0
7.3,0.26,0.53,12.7,0.047,60.5,156.0,0.9984,3.06,0.45,9.1,6,white,8.09,28.077,0.3878,medium,medium,0,12.72,0.00516,0
7.3,0.28,0.54,12.9,0.049,62.0,152.0,0.9984,3.06,0.45,9.1,6,white,8.12,26.071,0.4079,medium,medium,0,12.921,0.00538,0
8.3,0.18,0.37,1.2,0.049,6.0,94.0,0.9937,3.18,0.52,10.1,5,white,8.85,46.111,0.0638,off_dry,medium,0,1.208,0.00485,0
7.1,0.09,0.3,6.2,0.032,24.0,134.0,0.993,2.99,0.39,10.9,6,white,7.49,78.888,0.1791,medium,high,0,6.244,0.00294,0
8.3,0.14,0.36,8.8,0.026,13.0,60.0,0.9956,3.13,0.35,11.05,5,white,8.8,59.285,0.2167,medium,high,0,8.839,0.00235,0
5.8,0.28,0.3,3.9,0.026,36.0,105.0,0.98963,3.26,0.58,12.75,6,white,6.38,20.714,0.3429,off_dry,very_high,1,3.941,0.00204,0
6.0,0.23,0.34,1.3,0.025,23.0,111.0,0.98961,3.36,0.37,12.7,6,white,6.57,26.087,0.2072,off_dry,very_high,1,1.314,0.00197,0
6.9,0.28,0.37,9.1,0.037,16.0,76.0,0.9948,3.05,0.54,11.1,5,white,7.55,24.643,0.2105,medium,high,0,9.148,0.00333,0
6.3,0.25,0.53,1.8,0.021,41.0,101.0,0.989315,3.19,0.31,13.0,6,white,7.08,25.2,0.4059,off_dry,very_high,1,1.819,0.00162,0
6.5,0.2,0.31,2.1,0.033,32.0,95.0,0.989435,2.96,0.61,12.0,6,white,7.01,32.5,0.3368,off_dry,high,1,2.122,0.00275,0
5.9,0.29,0.32,1.4,0.022,17.0,47.0,0.9899,3.35,0.35,11.5,6,white,6.51,20.345,0.3617,off_dry,high,0,1.414,0.00191,0
6.4,0.46,0.22,14.7,0.047,51.0,183.0,0.998275,3.39,0.6,10.5,5,white,7.08,13.913,0.2787,medium,medium,0,14.725,0.00448,0
6.8,0.23,0.33,1.9,0.047,20.0,101.0,0.9914,3.1,0.46,11.1,6,white,7.36,29.565,0.198,off_dry,high,0,1.916,0.00423,0
7.0,0.23,0.32,1.8,0.048,25.0,113.0,0.9915,3.11,0.47,11.1,6,white,7.55,30.435,0.2212,off_dry,high,0,1.815,0.00432,0
6.4,0.55,0.26,9.6,0.027,20.0,104.0,0.9924,3.22,0.73,13.1,6,white,7.21,11.636,0.1923,medium,very_high,1,9.674,0.00206,0
5.7,0.28,0.3,3.9,0.026,36.0,105.0,0.98963,3.26,0.58,12.75,6,white,6.28,20.357,0.3429,off_dry,very_high,1,3.941,0.00204,0
6.8,0.45,0.3,11.8,0.094,23.0,97.0,0.997,3.09,0.44,9.6,5,white,7.55,15.111,0.2371,medium,medium,0,11.836,0.00979,0
6.1,0.2,0.4,1.9,0.028,32.0,138.0,0.9914,3.26,0.72,11.7,5,white,6.7,30.5,0.2319,off_dry,high,0,1.916,0.00239,0
6.1,0.37,0.46,12.0,0.042,61.0,210.0,0.997,3.17,0.59,9.7,6,white,6.93,16.486,0.2905,medium,medium,0,12.036,0.00433,0
5.9,0.21,0.23,7.9,0.033,22.0,130.0,0.9944,3.38,0.59,10.9,6,white,6.34,28.095,0.1692,medium,high,0,7.944,0.00303,0
6.9,0.22,0.32,9.3,0.04,22.0,110.0,0.9958,3.34,0.54,10.7,7,white,7.44,31.363,0.2,medium,high,0,9.339,0.00374,1
5.4,0.27,0.22,4.6,0.022,29.0,107.0,0.98889,3.33,0.54,13.8,6,white,5.89,20.0,0.271,off_dry,very_high,1,4.652,0.00159,0
6.0,0.26,0.26,2.2,0.035,10.0,72.0,0.989465,3.11,0.48,12.15,6,white,6.52,23.077,0.1389,off_dry,very_high,1,2.223,0.00288,0
5.6,0.18,0.3,10.2,0.028,28.0,131.0,0.9954,3.49,0.42,10.8,7,white,6.08,31.111,0.2137,medium,high,0,10.247,0.00259,1
5.6,0.26,0.27,10.6,0.03,27.0,119.0,0.9947,3.4,0.34,10.7,7,white,6.13,21.538,0.2269,medium,high,0,10.656,0.0028,1
7.0,0.23,0.35,1.4,0.036,31.0,113.0,0.9912,3.16,0.48,10.8,7,white,7.58,30.435,0.2743,off_dry,high,0,1.412,0.00333,1
5.8,0.28,0.6400000000000001,9.1,0.039,26.0,159.0,0.9965,3.66,0.55,10.8,5,white,6.72,20.714,0.1635,medium,high,0,9.132,0.00361,0
8.6,0.36,0.26,11.1,0.03,43.5,171.0,0.9948,3.03,0.49,12.0,5,white,9.22,23.889,0.2544,medium,high,1,11.158,0.0025,0
6.4,0.3,0.27,4.4,0.055,17.0,135.0,0.9925,3.23,0.44,12.2,6,white,6.97,21.333,0.1259,off_dry,very_high,1,4.433,0.00451,0
6.2,0.2,0.32,2.8,0.05,17.0,126.0,0.9936,3.18,0.55,9.4,6,white,6.72,31.0,0.1349,off_dry,medium,0,2.818,0.00532,0
5.8,0.29,0.15,1.1,0.029,12.0,83.0,0.9898,3.3,0.4,11.4,6,white,6.24,20.0,0.1446,off_dry,high,0,1.111,0.00254,0
5.7,0.22,0.28,1.3,0.027,26.0,101.0,0.98948,3.35,0.38,12.5,7,white,6.2,25.909,0.2574,off_dry,very_high,1,1.314,0.00216,1
5.6,0.22,0.32,1.2,0.024,29.0,97.0,0.98823,3.2,0.46,13.05,7,white,6.14,25.454,0.299,off_dry,very_high,1,1.214,0.00184,1
6.8,0.32,0.23,3.3,0.026,31.0,99.0,0.9896,3.1,0.4,12.4,6,white,7.35,21.25,0.3131,off_dry,very_high,1,3.335,0.0021,0
6.2,0.2,0.26,9.7,0.03,39.0,102.0,0.9908,3.08,0.56,12.9,7,white,6.66,31.0,0.3824,medium,very_high,1,9.79,0.00233,1
6.1,0.35,0.24,2.3,0.034,25.0,133.0,0.9906,3.34,0.59,12.0,7,white,6.69,17.429,0.188,off_dry,high,1,2.322,0.00283,1
5.9,0.3,0.29,1.1,0.036,23.0,56.0,0.9904,3.19,0.38,11.3,5,white,6.49,19.667,0.4107,off_dry,high,0,1.111,0.00319,0
6.3,0.15,0.34,11.4,0.05,25.0,96.0,0.99754,3.21,0.49,10.0,6,white,6.79,42.0,0.2604,medium,medium,0,11.428,0.005,0
4.8,0.13,0.32,1.2,0.042,40.0,98.0,0.9898,3.42,0.64,11.8,7,white,5.25,36.923,0.4082,off_dry,high,0,1.212,0.00356,1
6.0,0.2,0.26,14.7,0.045,53.0,125.0,0.998365,2.99,0.69,9.4,6,white,6.46,30.0,0.424,medium,medium,0,14.724,0.00479,0
5.7,0.2,0.24,13.8,0.047,44.0,112.0,0.99837,2.97,0.66,8.8,6,white,6.14,28.5,0.3929,medium,low,0,13.823,0.00534,0
6.0,0.27,0.26,1.3,0.038,32.0,138.0,0.99125,3.46,0.43,11.1,6,white,6.53,22.222,0.2319,off_dry,high,0,1.311,0.00342,0
6.3,0.37,0.51,6.3,0.048,35.0,146.0,0.9943,3.1,0.855,10.5,6,white,7.18,17.027,0.2397,medium,medium,0,6.336,0.00457,0
6.4,0.23,0.37,7.9,0.05,60.0,150.0,0.99488,2.86,0.49,9.3,6,white,7.0,27.826,0.4,medium,medium,0,7.941,0.00538,0
5.9,0.34,0.25,2.0,0.042,12.0,110.0,0.99034,3.02,0.54,11.4,6,white,6.49,17.353,0.1091,off_dry,high,0,2.02,0.00368,0
5.0,0.33,0.23,11.8,0.03,23.0,158.0,0.99322,3.41,0.64,11.8,6,white,5.56,15.151,0.1456,medium,high,0,11.881,0.00254,0
5.4,0.29,0.38,1.2,0.029,31.0,132.0,0.98895,3.28,0.36,12.4,6,white,6.07,18.621,0.2348,off_dry,very_high,1,1.213,0.00234,0
8.0,0.33,0.35,10.0,0.035,22.0,108.0,0.99457,3.12,0.36,11.6,6,white,8.68,24.242,0.2037,medium,high,0,10.055,0.00302,0
6.4,0.3,0.33,5.2,0.05,30.0,137.0,0.99304,3.26,0.58,11.1,5,white,7.03,21.333,0.219,medium,high,0,5.236,0.0045,0
6.4,0.33,0.3,7.2,0.041,42.0,168.0,0.99331,3.22,0.49,11.1,6,white,7.03,19.394,0.25,medium,high,0,7.248,0.00369,0
7.0,0.33,0.6400000000000001,9.9,0.042,21.0,251.0,0.99435,3.01,0.55,11.0,6,white,7.97,21.212,0.0837,medium,high,0,9.956,0.00382,0
6.7,0.45,0.3,5.3,0.036,27.0,165.0,0.99122,3.12,0.46,12.2,6,white,7.45,14.889,0.1636,medium,very_high,1,5.347,0.00295,0
6.5,0.36,0.31,13.55,0.053,20.0,113.0,0.99544,3.2,0.56,11.0,6,white,7.17,18.056,0.177,medium,high,0,13.612,0.00482,0
5.8,0.42,0.3,2.2,0.035,26.0,129.0,0.989,3.32,0.47,12.9,6,white,6.52,13.809,0.2016,off_dry,very_high,1,2.224,0.00271,0
7.1,0.39,0.3,9.9,0.037,29.0,124.0,0.99414,3.07,0.42,10.9,6,white,7.79,18.205,0.2339,medium,high,0,9.958,0.00339,0
6.7,0.53,0.29,4.3,0.069,20.0,114.0,0.99014,3.22,0.59,13.4,6,white,7.52,12.641,0.1754,off_dry,very_high,1,4.343,0.00515,0
6.7,0.66,0.0,13.0,0.033,32.0,75.0,0.99551,3.15,0.5,10.7,6,white,7.36,10.151,0.4267,medium,high,0,13.059,0.00308,0
6.5,0.16,0.33,1.0,0.027,23.0,75.0,0.9908,3.3,0.39,11.4,7,white,6.99,40.625,0.3067,dry,high,0,1.009,0.00237,1
8.3,0.22,0.34,1.1,0.043,20.0,116.0,0.9927,3.0,0.47,10.2,6,white,8.86,37.727,0.1724,off_dry,medium,0,1.108,0.00422,0
6.9,0.23,0.35,6.9,0.03,45.0,116.0,0.99244,2.8,0.54,11.0,6,white,7.48,30.0,0.3879,medium,high,0,6.953,0.00273,0
6.4,0.17,0.34,13.4,0.044,45.0,139.0,0.99752,3.06,0.43,9.1,6,white,6.91,37.647,0.3237,medium,medium,0,13.433,0.00484,0
5.0,0.33,0.18,4.6,0.032,40.0,124.0,0.99114,3.18,0.4,11.0,6,white,5.51,15.151,0.3226,off_dry,high,0,4.641,0.00291,0
6.8,0.38,0.29,9.9,0.037,40.0,146.0,0.99326,3.11,0.37,11.5,6,white,7.47,17.895,0.274,medium,high,0,9.967,0.00322,0
6.5,0.29,0.32,3.0,0.036,38.0,93.0,0.9906,3.16,0.59,12.0,6,white,7.11,22.414,0.4086,off_dry,high,1,3.028,0.003,0
6.9,0.29,0.32,5.8,0.04,16.0,112.0,0.993,3.04,0.58,11.2,5,white,7.51,23.793,0.1429,medium,high,0,5.841,0.00357,0
6.6,0.28,0.3,12.9,0.033,31.0,177.0,0.99479,3.12,0.39,11.2,6,white,7.18,23.571,0.1751,medium,high,0,12.968,0.00295,0
6.2,0.36,0.27,3.2,0.032,13.0,73.0,0.98942,2.9,0.69,12.6,7,white,6.83,17.222,0.1781,off_dry,very_high,1,3.234,0.00254,1
6.0,0.615,0.04,0.8,0.032,8.0,50.0,0.99036,3.14,0.4,11.0,4,white,6.655,9.756,0.16,dry,high,0,0.808,0.00291,0
5.9,0.44,0.36,2.5,0.03,12.0,73.0,0.99201,3.22,0.48,10.8,6,white,6.7,13.409,0.1644,off_dry,high,0,2.52,0.00278,0
5.9,0.42,0.36,2.4,0.034,19.0,77.0,0.99184,3.25,0.48,10.9,5,white,6.68,14.048,0.2468,off_dry,high,0,2.42,0.00312,0
5.8,0.34,0.21,7.2,0.041,48.0,146.0,0.99441,3.16,0.49,9.8,5,white,6.35,17.059,0.3288,medium,medium,0,7.24,0.00418,0
5.8,0.27,0.2,7.3,0.04,42.0,145.0,0.99442,3.15,0.48,9.8,5,white,6.27,21.481,0.2897,medium,medium,0,7.341,0.00408,0
7.1,0.33,0.18,6.3,0.094,27.0,166.0,0.99474,2.9,0.49,9.5,5,white,7.61,21.515,0.1627,medium,medium,0,6.333,0.00989,0
6.1,0.44,0.28,4.25,0.032,43.0,132.0,0.9916,3.26,0.47,11.2666666666667,7,white,6.82,13.864,0.3258,off_dry,high,0,4.286,0.00284,1
7.3,0.28,0.37,1.2,0.039,26.0,99.0,0.99198,3.01,0.62,10.8,5,white,7.95,26.071,0.2626,off_dry,high,0,1.21,0.00361,0
5.2,0.5,0.18,2.0,0.036,23.0,129.0,0.98949,3.36,0.77,13.4,7,white,5.88,10.4,0.1783,off_dry,very_high,1,2.021,0.00269,1
6.1,0.44,0.28,4.25,0.032,43.0,132.0,0.9916,3.26,0.47,11.3,7,white,6.82,13.864,0.3258,off_dry,high,0,4.286,0.00283,1
6.4,0.62,0.12,4.7,0.06,33.0,196.0,0.99556,3.22,0.48,8.9,5,white,7.14,10.323,0.1684,off_dry,low,0,4.721,0.00674,0
6.4,0.38,0.19,4.5,0.038,36.0,119.0,0.99151,3.07,0.42,11.2,6,white,6.97,16.842,0.3025,off_dry,high,0,4.539,0.00339,0
7.5,0.305,0.38,1.4,0.047,30.0,95.0,0.99158,3.22,0.52,11.5,7,white,8.185,24.59,0.3158,off_dry,high,0,1.412,0.00409,1
6.5,0.5,0.22,4.1,0.036,35.0,131.0,0.9902,3.26,0.55,13.0,7,white,7.22,13.0,0.2672,off_dry,very_high,1,4.141,0.00277,1
6.6,0.4,0.3,5.3,0.038,20.0,125.0,0.99204,3.36,0.73,12.6,6,white,7.3,16.5,0.16,medium,very_high,1,5.343,0.00302,0
6.4,0.4,0.25,4.2,0.032,15.0,91.0,0.98988,3.26,0.52,13.1,6,white,7.05,16.0,0.1648,off_dry,very_high,1,4.243,0.00244,0
8.3,0.49,0.23,6.65,0.034,6.0,158.0,0.99344,3.05,0.48,11.2,5,white,9.02,16.939,0.038,medium,high,0,6.694,0.00304,0
6.3,0.3,0.6400000000000001,8.2,0.034,50.0,199.0,0.99394,3.39,0.49,11.7,6,white,7.24,21.0,0.2513,medium,high,0,8.25,0.00291,0
6.1,0.19,0.37,2.6,0.041,24.0,99.0,0.99153,3.18,0.5,10.9,6,white,6.66,32.105,0.2424,off_dry,high,0,2.622,0.00376,0
5.6,0.24,0.34,2.0,0.041,14.0,73.0,0.98981,3.04,0.45,11.6,7,white,6.18,23.333,0.1918,off_dry,high,0,2.021,0.00353,1
5.7,0.25,0.32,12.2,0.041,43.0,127.0,0.99524,3.23,0.53,10.4,7,white,6.27,22.8,0.3386,medium,medium,0,12.258,0.00394,1
6.6,0.21,0.39,2.3,0.041,31.0,102.0,0.99221,3.22,0.58,10.9,7,white,7.2,31.428,0.3039,off_dry,high,0,2.318,0.00376,1
6.2,0.28,0.41,5.0,0.043,50.0,188.0,0.99318,3.23,0.64,10.8,6,white,6.89,22.143,0.266,off_dry,high,0,5.034,0.00398,0
5.8,0.29,0.38,10.7,0.038,49.0,136.0,0.99366,3.11,0.59,11.2,6,white,6.47,20.0,0.3603,medium,high,0,10.768,0.00339,0
5.8,0.345,0.15,10.8,0.033,26.0,120.0,0.99494,3.25,0.49,10.0,6,white,6.295,16.812,0.2167,medium,medium,0,10.855,0.0033,0
6.5,0.51,0.25,1.7,0.048,39.0,177.0,0.99212,3.28,0.57,10.5666666666667,5,white,7.26,12.745,0.2203,off_dry,high,0,1.714,0.00454,0
6.0,0.24,0.41,1.3,0.036,42.0,118.0,0.99018,3.04,0.64,11.7333333333333,6,white,6.65,25.0,0.3559,off_dry,high,0,1.313,0.00307,0
6.5,0.51,0.25,1.7,0.048,39.0,177.0,0.99212,3.28,0.57,10.6,5,white,7.26,12.745,0.2203,off_dry,high,0,1.714,0.00453,0
6.9,0.54,0.26,12.7,0.049,59.0,195.0,0.99596,3.26,0.54,10.5,6,white,7.7,12.778,0.3026,medium,medium,0,12.752,0.00467,0
6.0,0.24,0.41,1.3,0.036,42.0,118.0,0.99018,3.04,0.64,11.75,6,white,6.65,25.0,0.3559,off_dry,high,0,1.313,0.00306,0
6.6,0.26,0.36,1.2,0.035,43.0,126.0,0.99094,3.01,0.63,11.4,6,white,7.22,25.385,0.3413,off_dry,high,0,1.211,0.00307,0
5.7,0.24,0.3,1.3,0.03,25.0,98.0,0.98968,3.37,0.43,12.4,7,white,6.24,23.75,0.2551,off_dry,very_high,1,1.314,0.00242,1
6.5,0.21,0.35,5.7,0.043,47.0,197.0,0.99392,3.24,0.5,10.1,6,white,7.06,30.952,0.2386,medium,medium,0,5.735,0.00426,0
6.8,0.29,0.22,3.4,0.035,40.0,122.0,0.99024,3.09,0.47,12.3,6,white,7.31,23.448,0.3279,off_dry,very_high,1,3.434,0.00285,0
5.0,0.24,0.34,1.1,0.034,49.0,158.0,0.98774,3.32,0.32,13.1,7,white,5.58,20.833,0.3101,off_dry,very_high,1,1.114,0.0026,1
5.9,0.18,0.28,1.0,0.037,24.0,88.0,0.99094,3.29,0.55,10.65,7,white,6.36,32.778,0.2727,dry,high,0,1.009,0.00347,1
5.8,0.26,0.29,1.0,0.042,35.0,101.0,0.99044,3.36,0.48,11.4,7,white,6.35,22.308,0.3465,dry,high,0,1.01,0.00368,1
6.7,0.61,0.21,1.65,0.10800000000000001,40.0,240.0,0.9938,3.11,0.57,9.3,5,white,7.52,10.984,0.1667,off_dry,medium,0,1.66,0.01161,0
5.7,0.6799999999999999,0.06,6.8,0.042,9.0,84.0,0.99432,3.44,0.44,10.2,5,white,6.44,8.382,0.1071,medium,medium,0,6.839,0.00412,0
5.6,0.6799999999999999,0.06,6.8,0.042,9.0,84.0,0.99432,3.44,0.44,10.2,5,white,6.34,8.235,0.1071,medium,medium,0,6.839,0.00412,0
5.7,0.39,0.25,4.9,0.033,49.0,113.0,0.98966,3.26,0.58,13.1,7,white,6.34,14.615,0.4336,off_dry,very_high,1,4.951,0.00252,1
6.1,0.38,0.47,1.4,0.051,59.0,210.0,0.99309,3.24,0.5,9.6,5,white,6.95,16.053,0.281,off_dry,medium,0,1.41,0.00531,0
6.3,0.36,0.28,2.5,0.035,18.0,73.0,0.98868,3.1,0.47,12.8,7,white,6.94,17.5,0.2466,off_dry,very_high,1,2.529,0.00273,1
6.0,0.29,0.41,10.8,0.048,55.0,149.0,0.9937,3.09,0.59,10.9666666666667,7,white,6.7,20.69,0.3691,medium,high,0,10.868,0.00438,1
6.0,0.29,0.41,10.8,0.048,55.0,149.0,0.9937,3.09,0.59,11.0,7,white,6.7,20.69,0.3691,medium,high,0,10.868,0.00436,1
7.1,0.43,0.25,2.8,0.036,43.0,132.0,0.98975,3.21,0.47,13.4,6,white,7.78,16.512,0.3258,off_dry,very_high,1,2.829,0.00269,0
6.6,0.25,0.25,1.3,0.04,28.0,85.0,0.98984,2.87,0.48,11.2,6,white,7.1,26.4,0.3294,off_dry,high,0,1.313,0.00357,0
6.6,0.33,0.41,2.0,0.027,14.0,79.0,0.99063,3.27,0.63,12.4,6,white,7.34,20.0,0.1772,off_dry,very_high,1,2.019,0.00218,0
8.0,0.23,0.41,1.1,0.048,35.0,150.0,0.99168,3.09,0.47,11.2,5,white,8.64,34.782,0.2333,off_dry,high,0,1.109,0.00429,0
7.3,0.17,0.36,8.2,0.028,44.0,111.0,0.99272,3.14,0.41,12.4,6,white,7.83,42.941,0.3964,medium,very_high,1,8.26,0.00226,0
6.0,0.17,0.33,6.0,0.036,30.0,111.0,0.99362,3.32,0.58,10.1333333333333,7,white,6.5,35.294,0.2703,medium,medium,0,6.039,0.00355,1
6.1,0.16,0.34,6.1,0.034,31.0,114.0,0.99365,3.32,0.58,10.1333333333333,7,white,6.6,38.125,0.2719,medium,medium,0,6.139,0.00336,1
6.4,0.31,0.53,8.8,0.057,36.0,221.0,0.99642,3.17,0.44,9.1,5,white,7.24,20.645,0.1629,medium,medium,0,8.832,0.00626,0
6.1,0.16,0.34,6.1,0.034,31.0,114.0,0.99365,3.32,0.58,10.15,7,white,6.6,38.125,0.2719,medium,medium,0,6.139,0.00335,1
6.0,0.17,0.33,6.0,0.036,30.0,111.0,0.99362,3.32,0.58,10.15,7,white,6.5,35.294,0.2703,medium,medium,0,6.039,0.00355,1
5.9,0.44,0.33,1.2,0.049,12.0,117.0,0.99134,3.46,0.44,11.5,5,white,6.67,13.409,0.1026,off_dry,high,0,1.21,0.00426,0
6.6,0.285,0.49,11.4,0.035,57.0,137.0,0.99732,3.08,0.54,8.9,6,white,7.375,23.158,0.4161,medium,low,0,11.431,0.00393,0
4.9,0.335,0.14,1.3,0.036,69.0,168.0,0.99212,3.47,0.46,10.4666666666667,5,white,5.375,14.627,0.4107,off_dry,medium,0,1.31,0.00344,0
6.0,0.28,0.52,6.2,0.028,37.0,104.0,0.99161,3.28,0.51,11.8,7,white,6.8,21.428,0.3558,medium,high,0,6.252,0.00237,1
5.8,0.35,0.29,3.2,0.034,41.0,151.0,0.9912,3.35,0.58,11.6333333333333,7,white,6.44,16.571,0.2715,off_dry,high,0,3.228,0.00292,1
5.7,0.21,0.37,4.5,0.04,58.0,140.0,0.99332,3.29,0.62,10.6,6,white,6.28,27.143,0.4143,off_dry,high,0,4.53,0.00377,0
6.5,0.25,0.32,9.9,0.045,41.0,128.0,0.99636,3.18,0.52,9.6,6,white,7.07,26.0,0.3203,medium,medium,0,9.936,0.00469,0
4.7,0.335,0.14,1.3,0.036,69.0,168.0,0.99212,3.47,0.46,10.5,5,white,5.175,14.03,0.4107,off_dry,medium,0,1.31,0.00343,0
6.8,0.63,0.04,1.3,0.058,25.0,133.0,0.99271,3.17,0.39,10.2,4,white,7.47,10.794,0.188,off_dry,medium,0,1.31,0.00569,0
5.6,0.27,0.37,0.9,0.025,11.0,49.0,0.98845,3.29,0.33,13.1,6,white,6.24,20.741,0.2245,dry,very_high,1,0.911,0.00191,0
6.8,0.32,0.33,0.7,0.027,15.0,66.0,0.9899,3.11,0.31,11.8,6,white,7.45,21.25,0.2273,dry,high,0,0.707,0.00229,0
6.5,0.33,0.32,1.0,0.041,39.0,120.0,0.99004,3.06,0.37,12.2,6,white,7.15,19.697,0.325,dry,very_high,1,1.01,0.00336,0
6.0,0.24,0.34,1.0,0.036,52.0,184.0,0.99097,3.44,0.44,11.45,6,white,6.58,25.0,0.2826,dry,high,0,1.009,0.00314,0
7.2,0.26,0.32,10.4,0.062,23.0,114.0,0.9966,3.23,0.49,10.5,5,white,7.78,27.692,0.2018,medium,medium,0,10.435,0.0059,0
6.7,0.16,0.32,12.5,0.035,18.0,156.0,0.99666,2.88,0.36,9.0,6,white,7.18,41.875,0.1154,medium,low,0,12.542,0.00389,0
6.9,0.19,0.31,16.05,0.043,38.0,167.0,0.99954,2.93,0.52,9.1,7,white,7.4,36.316,0.2275,medium,medium,0,16.057,0.00473,1
6.0,0.36,0.32,1.1,0.053,26.0,173.0,0.99414,3.38,0.54,8.8,5,white,6.68,16.667,0.1503,off_dry,low,0,1.106,0.00602,0
6.7,0.35,0.32,9.0,0.032,29.0,113.0,0.99188,3.13,0.65,12.9,7,white,7.37,19.143,0.2566,medium,very_high,1,9.074,0.00248,1
6.1,0.15,0.4,1.2,0.03,19.0,84.0,0.98926,3.19,0.855,13.0,6,white,6.65,40.666,0.2262,off_dry,very_high,1,1.213,0.00231,0
7.0,0.27,0.6400000000000001,1.3,0.10800000000000001,34.0,121.0,0.99334,3.04,0.46,9.2,6,white,7.91,25.926,0.281,off_dry,medium,0,1.309,0.01174,0
6.8,0.3,0.33,12.8,0.041,60.0,168.0,0.99659,3.1,0.56,9.8,5,white,7.43,22.667,0.3571,medium,medium,0,12.844,0.00418,0
6.4,0.6799999999999999,0.09,7.6,0.044,34.0,144.0,0.9948,3.26,0.38,10.1,6,white,7.17,9.412,0.2361,medium,medium,0,7.64,0.00436,0
5.9,0.12,0.28,1.4,0.037,36.0,83.0,0.99074,3.33,0.42,10.9,7,white,6.3,49.166,0.4337,off_dry,high,0,1.413,0.00339,1
6.3,0.36,0.5,8.3,0.053,51.0,202.0,0.9955,3.2,0.51,9.6,6,white,7.16,17.5,0.2525,medium,medium,0,8.338,0.00552,0
5.7,0.27,0.16,9.0,0.053,32.0,111.0,0.99474,3.36,0.37,10.4,6,white,6.13,21.111,0.2883,medium,medium,0,9.048,0.0051,0
6.1,0.22,0.4,1.85,0.031,25.0,111.0,0.98966,3.03,0.3,11.8,7,white,6.72,27.727,0.2252,off_dry,high,0,1.869,0.00263,1
5.6,0.205,0.16,12.55,0.051,31.0,115.0,0.99564,3.4,0.38,10.8,6,white,5.965,27.317,0.2696,medium,high,0,12.605,0.00472,0
7.2,0.33,0.28,1.4,0.034,26.0,109.0,0.99246,3.28,0.57,10.6,6,white,7.81,21.818,0.2385,off_dry,high,0,1.411,0.00321,0
5.9,0.21,0.31,1.8,0.033,45.0,142.0,0.98984,3.35,0.5,12.7,6,white,6.42,28.095,0.3169,off_dry,very_high,1,1.818,0.0026,0
5.4,0.33,0.31,4.0,0.03,27.0,108.0,0.99031,3.3,0.43,12.2,7,white,6.04,16.364,0.25,off_dry,very_high,1,4.039,0.00246,1
5.4,0.205,0.16,12.55,0.051,31.0,115.0,0.99564,3.4,0.38,10.8,6,white,5.765,26.341,0.2696,medium,high,0,12.605,0.00472,0
6.4,0.28,0.28,3.0,0.04,19.0,98.0,0.99216,3.25,0.47,11.1,6,white,6.96,22.857,0.1939,off_dry,high,0,3.024,0.0036,0
6.7,0.15,0.32,7.9,0.034,17.0,81.0,0.99512,3.29,0.31,10.0,6,white,7.17,44.666,0.2099,medium,medium,0,7.939,0.0034,0
5.5,0.315,0.38,2.6,0.033,10.0,69.0,0.9909,3.12,0.59,10.8,6,white,6.195,17.46,0.1449,off_dry,high,0,2.624,0.00306,0
4.8,0.225,0.38,1.2,0.074,47.0,130.0,0.99132,3.31,0.4,10.3,6,white,5.405,21.333,0.3615,off_dry,medium,0,1.211,0.00718,0
5.2,0.24,0.15,7.1,0.043,32.0,134.0,0.99378,3.24,0.48,9.9,6,white,5.59,21.667,0.2388,medium,medium,0,7.144,0.00434,0
6.6,0.27,0.32,1.3,0.044,18.0,93.0,0.99044,3.11,0.56,12.25,5,white,7.19,24.444,0.1935,off_dry,very_high,1,1.313,0.00359,0
6.1,0.32,0.33,10.7,0.036,27.0,98.0,0.99521,3.34,0.52,10.2,6,white,6.75,19.062,0.2755,medium,medium,0,10.751,0.00353,0
6.0,0.25,0.28,7.7,0.053,37.0,132.0,0.99489,3.06,0.5,9.4,6,white,6.53,24.0,0.2803,medium,medium,0,7.74,0.00564,0
6.4,0.42,0.46,8.4,0.05,58.0,180.0,0.99495,3.18,0.46,9.7,6,white,7.28,15.238,0.3222,medium,medium,0,8.443,0.00515,0
6.9,0.31,0.33,12.7,0.038,33.0,116.0,0.9954,3.04,0.65,10.4,6,white,7.54,22.258,0.2845,medium,medium,0,12.759,0.00365,0
6.3,0.48,0.48,1.8,0.035,35.0,96.0,0.99121,3.49,0.74,12.2,6,white,7.26,13.125,0.3646,off_dry,very_high,1,1.816,0.00287,0
7.2,0.21,0.31,10.5,0.035,36.0,122.0,0.99478,3.12,0.4,10.6,6,white,7.72,34.286,0.2951,medium,high,0,10.555,0.0033,0
6.8,0.32,0.43,1.6,0.05,4.0,65.0,0.99346,3.27,0.47,10.7,5,white,7.55,21.25,0.0615,off_dry,high,0,1.611,0.00467,0
7.9,0.3,0.6,1.85,0.048,13.0,106.0,0.99331,3.24,0.49,11.85,5,white,8.8,26.333,0.1226,off_dry,high,0,1.862,0.00405,0
5.3,0.31,0.38,10.5,0.031,53.0,140.0,0.99321,3.34,0.46,11.7,6,white,5.99,17.097,0.3786,medium,high,0,10.572,0.00265,0
5.2,0.185,0.22,1.0,0.03,47.0,123.0,0.99218,3.55,0.44,10.15,6,white,5.605,28.108,0.3821,dry,medium,0,1.008,0.00296,0
5.5,0.16,0.31,1.2,0.026,31.0,68.0,0.9898,3.33,0.44,11.6333333333333,6,white,5.97,34.375,0.4559,off_dry,high,0,1.212,0.00223,0
6.0,0.17,0.36,1.7,0.042,14.0,61.0,0.99144,3.22,0.54,10.8,6,white,6.53,35.294,0.2295,off_dry,high,0,1.715,0.00389,0
6.0,0.16,0.36,1.6,0.042,13.0,61.0,0.99143,3.22,0.54,10.8,6,white,6.52,37.5,0.2131,off_dry,high,0,1.614,0.00389,0
6.1,0.24,0.32,9.0,0.031,41.0,134.0,0.99234,3.25,0.26,12.3,7,white,6.66,25.417,0.306,medium,very_high,1,9.069,0.00252,1
5.5,0.3,0.25,1.9,0.029,33.0,118.0,0.98972,3.36,0.66,12.5,6,white,6.05,18.333,0.2797,off_dry,very_high,1,1.92,0.00232,0
5.5,0.16,0.31,1.2,0.026,31.0,68.0,0.9898,3.33,0.44,11.65,6,white,5.97,34.375,0.4559,off_dry,high,0,1.212,0.00223,0
6.0,0.32,0.46,1.5,0.05,56.0,189.0,0.99308,3.24,0.49,9.6,5,white,6.78,18.75,0.2963,off_dry,medium,0,1.51,0.00521,0
6.1,0.27,0.31,3.9,0.034,42.0,137.0,0.99218,3.24,0.46,10.9,6,white,6.68,22.593,0.3066,off_dry,high,0,3.931,0.00312,0
6.0,0.27,0.32,3.6,0.035,36.0,133.0,0.99215,3.23,0.46,10.8,6,white,6.59,22.222,0.2707,off_dry,high,0,3.628,0.00324,0
6.0,0.14,0.37,1.2,0.032,63.0,148.0,0.99185,3.32,0.44,11.2,5,white,6.51,42.857,0.4257,off_dry,high,0,1.21,0.00286,0
5.0,0.24,0.19,5.0,0.043,17.0,101.0,0.99438,3.66,0.57,10.0,5,white,5.43,20.833,0.1683,off_dry,medium,0,5.028,0.0043,0
6.1,0.26,0.25,2.9,0.047,78.5,272.125,0.99314,3.44,0.64,10.5,3,white,6.61,23.461,0.2885,off_dry,medium,0,2.92,0.00448,0
6.3,0.23,0.5,10.4,0.043,61.0,132.0,0.99542,2.86,0.46,9.1,6,white,7.03,27.391,0.4621,medium,medium,0,10.448,0.00473,0
5.6,0.26,0.5,11.4,0.029,25.0,93.0,0.99428,3.23,0.49,10.5,6,white,6.36,21.538,0.2688,medium,medium,0,11.466,0.00276,0
6.1,0.34,0.24,16.05,0.05,33.0,184.0,0.99943,3.12,0.61,9.3,5,white,6.68,17.941,0.1793,medium,medium,0,16.059,0.00538,0
6.2,0.35,0.25,16.05,0.051,28.0,182.0,0.99946,3.13,0.62,9.3,6,white,6.8,17.714,0.1538,medium,medium,0,16.059,0.00548,0
7.3,0.36,0.62,7.1,0.033,48.0,185.0,0.99472,3.14,0.62,10.6,6,white,8.28,20.278,0.2595,medium,high,0,7.138,0.00311,0
5.1,0.25,0.36,1.3,0.035,40.0,78.0,0.9891,3.23,0.64,12.1,7,white,5.71,20.4,0.5128,off_dry,very_high,1,1.314,0.00289,1
5.5,0.16,0.26,1.5,0.032,35.0,100.0,0.99076,3.43,0.77,12.0,6,white,5.92,34.375,0.35,off_dry,high,1,1.514,0.00267,0
6.4,0.19,0.35,10.2,0.043,40.0,106.0,0.99632,3.16,0.5,9.7,6,white,6.94,33.684,0.3774,medium,medium,0,10.238,0.00443,0
6.6,0.29,0.6400000000000001,2.2,0.027,21.0,92.0,0.99,3.12,0.48,12.4,6,white,7.53,22.759,0.2283,off_dry,very_high,1,2.222,0.00218,0
6.0,0.38,0.26,3.5,0.035,38.0,111.0,0.98872,3.18,0.47,13.6,7,white,6.64,15.789,0.3423,off_dry,very_high,1,3.54,0.00257,1
6.5,0.2,0.35,3.9,0.04,27.0,140.0,0.99102,2.98,0.53,11.8,6,white,7.05,32.5,0.1929,off_dry,high,0,3.935,0.00339,0
6.6,0.17,0.26,7.4,0.052,45.0,128.0,0.99388,3.16,0.37,10.0,6,white,7.03,38.823,0.3516,medium,medium,0,7.446,0.0052,0
6.2,0.15,0.27,11.0,0.035,46.0,116.0,0.99602,3.12,0.38,9.1,6,white,6.62,41.333,0.3966,medium,medium,0,11.044,0.00385,0
5.9,0.48,0.3,1.5,0.037,19.0,78.0,0.99057,3.47,0.42,11.9,7,white,6.68,12.292,0.2436,off_dry,high,0,1.514,0.00311,1
5.3,0.4,0.25,3.9,0.031,45.0,130.0,0.99072,3.31,0.58,11.75,7,white,5.95,13.25,0.3462,off_dry,high,0,3.937,0.00264,1
5.9,0.26,0.29,5.4,0.046,34.0,116.0,0.99224,3.24,0.41,11.4,6,white,6.45,22.692,0.2931,medium,high,0,5.442,0.00404,0
5.2,0.3,0.34,1.5,0.038,18.0,96.0,0.98942,3.56,0.48,13.0,8,white,5.84,17.333,0.1875,off_dry,very_high,1,1.516,0.00292,1
6.4,0.32,0.25,5.0,0.055,28.0,138.0,0.99171,3.27,0.5,12.4,8,white,6.97,20.0,0.2029,off_dry,very_high,1,5.042,0.00444,1
6.6,0.19,0.25,1.2,0.052,34.0,181.0,0.99352,3.3,0.42,9.4,7,white,7.04,34.737,0.1878,off_dry,medium,0,1.208,0.00553,1
6.8,0.27,0.3,13.0,0.047,69.0,160.0,0.99705,3.16,0.5,9.6,6,white,7.37,25.185,0.4312,medium,medium,0,13.038,0.0049,0
6.4,0.28,0.45,8.6,0.057,47.0,223.0,0.99654,3.16,0.51,9.1,5,white,7.13,22.857,0.2108,medium,medium,0,8.63,0.00626,0
5.2,0.21,0.31,1.7,0.048,17.0,61.0,0.98953,3.24,0.37,12.0,7,white,5.72,24.762,0.2787,off_dry,high,1,1.718,0.004,1
7.1,0.24,0.34,1.2,0.045,6.0,132.0,0.99132,3.16,0.46,11.2,4,white,7.68,29.583,0.0455,off_dry,high,0,1.211,0.00402,0
5.0,0.27,0.4,1.2,0.076,42.0,124.0,0.99204,3.32,0.47,10.1,6,white,5.67,18.518,0.3387,off_dry,medium,0,1.21,0.00752,0
5.8,0.27,0.4,1.2,0.076,47.0,130.0,0.99185,3.13,0.45,10.3,6,white,6.47,21.481,0.3615,off_dry,medium,0,1.21,0.00738,0
5.9,0.27,0.32,2.0,0.034,31.0,102.0,0.98952,3.16,0.56,12.3,6,white,6.49,21.852,0.3039,off_dry,very_high,1,2.021,0.00276,0
5.8,0.315,0.19,16.05,0.031,28.0,106.0,0.99704,2.97,0.4,10.55,6,white,6.305,18.413,0.2642,medium,high,0,16.098,0.00294,0
6.0,0.59,0.0,0.8,0.037,30.0,95.0,0.99032,3.1,0.4,10.9,4,white,6.59,10.169,0.3158,dry,high,0,0.808,0.00339,0
5.8,0.3,0.09,6.3,0.042,36.0,138.0,0.99382,3.15,0.48,9.7,5,white,6.19,19.333,0.2609,medium,medium,0,6.339,0.00433,0
5.6,0.3,0.1,6.4,0.043,34.0,142.0,0.99382,3.14,0.48,9.8,5,white,6.0,18.667,0.2394,medium,medium,0,6.44,0.00439,0
6.7,0.3,0.5,12.1,0.045,38.0,127.0,0.9974,3.04,0.53,8.9,6,white,7.5,22.333,0.2992,medium,low,0,12.132,0.00506,0
6.4,0.31,0.31,12.9,0.045,55.0,161.0,0.99546,3.02,0.59,10.2,5,white,7.02,20.645,0.3416,medium,medium,0,12.959,0.00441,0
6.9,0.25,0.29,2.4,0.038,28.0,76.0,0.99088,3.01,0.36,11.7,7,white,7.44,27.6,0.3684,off_dry,high,0,2.422,0.00325,1
4.450000000000001,0.32,0.39,4.3,0.03,31.0,127.0,0.98904,3.46,0.36,12.8,8,white,5.16,13.906,0.2441,off_dry,very_high,1,4.348,0.00234,1
4.450000000000001,0.225,0.4,4.2,0.03,29.0,118.0,0.989,3.57,0.36,12.8,8,white,5.075,19.778,0.2458,off_dry,very_high,1,4.247,0.00234,1
5.5,0.62,0.33,1.7,0.037,24.0,118.0,0.98758,3.15,0.39,13.55,6,white,6.45,8.871,0.2034,off_dry,very_high,1,1.721,0.00273,0
6.2,0.3,0.42,2.2,0.036,28.0,128.0,0.9901,3.13,0.38,11.6,6,white,6.92,20.667,0.2187,off_dry,high,0,2.222,0.0031,0
4.7,0.6799999999999999,0.0,3.4,0.036,23.0,134.0,0.98981,3.53,0.855,13.8,6,white,5.38,6.912,0.1716,off_dry,very_high,1,3.435,0.00261,0
6.0,0.31,0.32,7.4,0.10800000000000001,47.0,159.0,0.9952,3.19,0.5,9.4,6,white,6.63,19.355,0.2956,medium,medium,0,7.436,0.01149,0
6.0,0.32,0.3,7.3,0.10800000000000001,46.0,159.0,0.99519,3.18,0.49,9.4,5,white,6.62,18.75,0.2893,medium,medium,0,7.335,0.01149,0
6.4,0.105,0.29,1.1,0.035,44.0,140.0,0.99142,3.17,0.55,10.7,7,white,6.795,60.952,0.3143,off_dry,high,0,1.11,0.00327,1
5.7,0.33,0.32,1.4,0.043,28.0,93.0,0.9897,3.31,0.5,12.3,6,white,6.35,17.273,0.3011,off_dry,very_high,1,1.415,0.0035,0
5.9,0.32,0.19,14.5,0.042,37.0,115.0,0.99684,3.16,0.43,10.3,5,white,6.41,18.437,0.3217,medium,medium,0,14.546,0.00408,0
6.2,0.26,0.2,8.0,0.047,35.0,111.0,0.99445,3.11,0.42,10.4,6,white,6.66,23.846,0.3153,medium,medium,0,8.045,0.00452,0
6.0,0.2,0.33,1.1,0.039,45.0,126.0,0.99051,3.31,0.45,11.6,7,white,6.53,30.0,0.3571,off_dry,high,0,1.111,0.00336,1
5.8,0.28,0.34,2.2,0.037,24.0,125.0,0.98986,3.36,0.33,12.8,8,white,6.42,20.714,0.192,off_dry,very_high,1,2.223,0.00289,1
6.4,0.31,0.5,5.8,0.038,42.0,111.0,0.99189,3.18,0.53,11.9,7,white,7.21,20.645,0.3784,medium,high,0,5.847,0.00319,1
6.0,0.35,0.46,0.9,0.033,9.0,65.0,0.98934,3.24,0.35,12.1,4,white,6.81,17.143,0.1385,dry,very_high,1,0.91,0.00273,0
5.1,0.26,0.34,6.4,0.034,26.0,99.0,0.99449,3.23,0.41,9.2,6,white,5.7,19.615,0.2626,medium,medium,0,6.435,0.0037,0
6.6,0.28,0.09,10.9,0.051,37.0,131.0,0.99566,2.93,0.62,9.5,6,white,6.97,23.571,0.2824,medium,medium,0,10.948,0.00537,0
6.0,0.17,0.3,7.3,0.039,39.0,104.0,0.99252,2.91,0.57,11.0,6,white,6.47,35.294,0.375,medium,high,0,7.355,0.00355,0
7.3,0.35,0.6400000000000001,8.3,0.053,10.0,100.0,0.9959,3.19,0.5,10.9,5,white,8.29,20.857,0.1,medium,high,0,8.334,0.00486,0
6.0,0.26,0.24,1.3,0.053,66.0,150.0,0.9924,3.21,0.62,10.4,6,white,6.5,23.077,0.44,off_dry,medium,0,1.31,0.0051,0
5.4,0.375,0.4,3.3,0.054,29.0,147.0,0.99482,3.42,0.52,9.1,5,white,6.175,14.4,0.1973,off_dry,medium,0,3.317,0.00593,0
7.0,0.17,0.42,1.0,0.075,19.0,71.0,0.99103,3.32,0.62,11.4,6,white,7.59,41.176,0.2676,dry,high,0,1.009,0.00658,0
5.1,0.26,0.33,1.1,0.027,46.0,113.0,0.98946,3.35,0.43,11.4,7,white,5.69,19.615,0.4071,off_dry,high,0,1.112,0.00237,1
5.8,0.36,0.5,1.0,0.10800000000000001,63.0,178.0,0.99212,3.1,0.45,9.7,5,white,6.66,16.111,0.3539,dry,medium,0,1.008,0.01113,0
5.7,0.4,0.35,5.1,0.026,17.0,113.0,0.99052,3.18,0.67,12.4,6,white,6.45,14.25,0.1504,medium,very_high,1,5.149,0.0021,0
6.2,0.6799999999999999,0.01,3.2,0.041,18.0,120.0,0.99026,3.2,0.855,13.7,7,white,6.89,9.118,0.15,off_dry,very_high,1,3.231,0.00299,1
6.1,0.41,0.2,12.6,0.032,54.0,136.0,0.99516,2.91,0.43,10.6,6,white,6.71,14.878,0.3971,medium,high,0,12.661,0.00302,0
5.8,0.385,0.25,3.7,0.031,38.0,122.0,0.99128,3.2,0.63,11.2,6,white,6.435,15.065,0.3115,off_dry,high,0,3.733,0.00277,0
6.0,0.27,0.4,1.7,0.021,18.0,82.0,0.9891,3.24,0.855,13.1333333333333,6,white,6.67,22.222,0.2195,off_dry,very_high,1,1.719,0.0016,0
7.0,0.24,0.47,1.3,0.043,18.0,131.0,0.99176,3.19,0.45,11.0,6,white,7.71,29.167,0.1374,off_dry,high,0,1.311,0.00391,0
6.8,0.23,0.48,1.5,0.036,35.0,165.0,0.99162,3.18,0.45,11.3,6,white,7.51,29.565,0.2121,off_dry,high,0,1.513,0.00319,0
6.5,0.28,0.34,4.6,0.054,22.0,130.0,0.99193,3.2,0.46,12.0,7,white,7.12,23.214,0.1692,off_dry,high,1,4.637,0.0045,1
6.4,0.23,0.35,10.3,0.042,54.0,140.0,0.9967,3.23,0.47,9.2,5,white,6.98,27.826,0.3857,medium,medium,0,10.334,0.00457,0
6.0,0.34,0.29,6.1,0.046,29.0,134.0,0.99462,3.48,0.57,10.7,6,white,6.63,17.647,0.2164,medium,high,0,6.133,0.0043,0
6.7,0.22,0.33,1.2,0.036,36.0,86.0,0.99058,3.1,0.76,11.4,6,white,7.25,30.454,0.4186,off_dry,high,0,1.211,0.00316,0
6.0,0.32,0.33,9.9,0.032,22.0,90.0,0.99258,3.1,0.43,12.1,7,white,6.65,18.75,0.2444,medium,very_high,1,9.974,0.00264,1
5.8,0.29,0.27,1.6,0.062,17.0,140.0,0.99138,3.23,0.35,11.1,6,white,6.36,20.0,0.1214,off_dry,high,0,1.614,0.00559,0
5.8,0.38,0.26,1.1,0.058,20.0,140.0,0.99271,3.27,0.43,9.7,6,white,6.44,15.263,0.1429,off_dry,medium,0,1.108,0.00598,0
5.9,0.32,0.26,1.5,0.057,17.0,141.0,0.9917,3.24,0.36,10.7,5,white,6.48,18.437,0.1206,off_dry,high,0,1.513,0.00533,0
5.6,0.33,0.28,1.2,0.031,33.0,97.0,0.99126,3.49,0.58,10.9,6,white,6.21,16.97,0.3402,off_dry,high,0,1.211,0.00284,0
5.9,0.37,0.3,1.5,0.033,35.0,95.0,0.98986,3.36,0.56,12.0,7,white,6.57,15.946,0.3684,off_dry,high,1,1.515,0.00275,1
5.6,0.295,0.26,1.1,0.035,40.0,102.0,0.99154,3.47,0.56,10.6,6,white,6.155,18.983,0.3922,off_dry,high,0,1.109,0.0033,0
6.7,0.5,0.36,11.5,0.096,18.0,92.0,0.99642,3.11,0.49,9.6,5,white,7.56,13.4,0.1957,medium,medium,0,11.541,0.01,0
6.5,0.28,0.38,7.8,0.031,54.0,216.0,0.99154,3.03,0.42,13.1,6,white,7.16,23.214,0.25,medium,very_high,1,7.867,0.00237,0
5.3,0.275,0.24,7.4,0.038,28.0,114.0,0.99313,3.38,0.51,11.0,6,white,5.815,19.273,0.2456,medium,high,0,7.451,0.00345,0
5.2,0.405,0.15,1.45,0.038,10.0,44.0,0.99125,3.52,0.4,11.6,4,white,5.755,12.839,0.2273,off_dry,high,0,1.463,0.00328,0
6.8,0.34,0.36,8.9,0.029,44.0,128.0,0.99318,3.28,0.35,11.95,7,white,7.5,20.0,0.3437,medium,high,0,8.961,0.00243,1
5.7,0.22,0.25,1.1,0.05,78.5,175.0,0.99099,3.44,0.62,11.1,6,white,6.17,25.909,0.4486,off_dry,high,0,1.11,0.0045,0
6.2,0.28,0.57,1.0,0.043,50.0,92.0,0.99004,3.17,0.36,11.5,6,white,7.05,22.143,0.5435,dry,high,0,1.01,0.00374,0
5.6,0.34,0.25,2.5,0.046,47.0,182.0,0.99093,3.21,0.4,11.3,5,white,6.19,16.471,0.2582,off_dry,high,0,2.523,0.00407,0
4.8,0.29,0.23,1.1,0.044,38.0,180.0,0.98924,3.28,0.34,11.9,6,white,5.32,16.552,0.2111,off_dry,high,0,1.112,0.0037,0
6.6,0.38,0.29,2.4,0.10800000000000001,15.0,93.0,0.99336,3.18,0.6,9.5,5,white,7.27,17.368,0.1613,off_dry,medium,0,2.416,0.01137,0
5.1,0.3,0.3,2.3,0.048,40.0,150.0,0.98944,3.29,0.46,12.2,6,white,5.7,17.0,0.2667,off_dry,very_high,1,2.325,0.00393,0
4.450000000000001,0.54,0.09,5.1,0.038,52.0,97.0,0.99022,3.41,0.4,12.2,7,white,5.08,8.241,0.5361,medium,very_high,1,5.15,0.00311,1
7.0,0.36,0.35,2.5,0.048,67.0,161.0,0.99146,3.05,0.56,11.1,6,white,7.71,19.444,0.4161,off_dry,high,0,2.522,0.00432,0
6.4,0.33,0.44,8.9,0.055,52.0,164.0,0.99488,3.1,0.48,9.6,5,white,7.17,19.394,0.3171,medium,medium,0,8.946,0.00573,0
6.2,0.23,0.38,1.6,0.044,12.0,113.0,0.99176,3.3,0.73,11.4,5,white,6.81,26.956,0.1062,off_dry,high,0,1.613,0.00386,0
5.2,0.25,0.23,1.4,0.047,20.0,77.0,0.99001,3.32,0.62,11.4,5,white,5.68,20.8,0.2597,off_dry,high,0,1.414,0.00412,0
6.2,0.35,0.29,3.9,0.041,22.0,79.0,0.99005,3.1,0.59,12.0666666666667,6,white,6.84,17.714,0.2785,off_dry,very_high,1,3.939,0.0034,0
7.1,0.23,0.39,13.7,0.058,26.0,172.0,0.99755,2.9,0.46,9.0,6,white,7.72,30.869,0.1512,medium,low,0,13.734,0.00644,0
7.5,0.38,0.33,9.2,0.043,19.0,116.0,0.99444,3.08,0.42,11.4,6,white,8.21,19.737,0.1638,medium,high,0,9.251,0.00377,0
6.4,0.35,0.51,7.8,0.055,53.0,177.0,0.99502,3.12,0.45,9.6,5,white,7.26,18.286,0.2994,medium,medium,0,7.839,0.00573,0
6.0,0.43,0.34,7.6,0.045,25.0,118.0,0.99222,3.03,0.37,11.0,6,white,6.77,13.953,0.2119,medium,high,0,7.66,0.00409,0
6.0,0.52,0.33,7.7,0.046,24.0,119.0,0.99224,3.04,0.38,11.0,6,white,6.85,11.538,0.2017,medium,high,0,7.76,0.00418,0
5.5,0.31,0.29,3.0,0.027,16.0,102.0,0.99067,3.23,0.56,11.2,6,white,6.1,17.742,0.1569,off_dry,high,0,3.028,0.00241,0
5.9,0.22,0.3,1.3,0.052,42.0,86.0,0.99069,3.31,0.47,11.55,6,white,6.42,26.818,0.4884,off_dry,high,0,1.312,0.0045,0
6.2,0.36,0.32,4.0,0.036,44.0,92.0,0.98936,3.2,0.5,13.3,7,white,6.88,17.222,0.4783,off_dry,very_high,1,4.043,0.00271,1
6.0,0.41,0.23,1.1,0.066,22.0,148.0,0.99266,3.3,0.47,9.63333333333333,5,white,6.64,14.634,0.1486,off_dry,medium,0,1.108,0.00685,0
6.2,0.355,0.35,2.0,0.046,31.0,95.0,0.98822,3.06,0.46,13.6,6,white,6.905,17.465,0.3263,off_dry,very_high,1,2.024,0.00338,0
5.7,0.41,0.21,1.9,0.048,30.0,112.0,0.99138,3.29,0.55,11.2,6,white,6.32,13.902,0.2679,off_dry,high,0,1.917,0.00429,0
5.3,0.6,0.34,1.4,0.031,3.0,60.0,0.98854,3.27,0.38,13.0,6,white,6.24,8.833,0.05,off_dry,very_high,1,1.416,0.00238,0
5.8,0.23,0.31,4.5,0.046,42.0,124.0,0.99324,3.31,0.64,10.8,6,white,6.34,25.217,0.3387,off_dry,high,0,4.531,0.00426,0
6.6,0.24,0.33,10.1,0.032,8.0,81.0,0.99626,3.19,0.51,9.8,6,white,7.17,27.5,0.0988,medium,medium,0,10.138,0.00327,0
6.1,0.32,0.28,6.6,0.021,29.0,132.0,0.99188,3.15,0.36,11.45,7,white,6.7,19.062,0.2197,medium,high,0,6.654,0.00183,1
5.0,0.2,0.4,1.9,0.015,20.0,98.0,0.9897,3.37,0.55,12.05,6,white,5.6,25.0,0.2041,off_dry,very_high,1,1.92,0.00124,0
6.0,0.42,0.41,12.4,0.032,50.0,179.0,0.99622,3.14,0.6,9.7,5,white,6.83,14.286,0.2793,medium,medium,0,12.447,0.0033,0
5.7,0.21,0.32,1.6,0.03,33.0,122.0,0.99044,3.33,0.52,11.9,6,white,6.23,27.143,0.2705,off_dry,high,0,1.615,0.00252,0
5.6,0.2,0.36,2.5,0.048,16.0,125.0,0.99282,3.49,0.49,10.0,6,white,6.16,28.0,0.128,off_dry,medium,0,2.518,0.0048,0
7.4,0.22,0.26,1.2,0.035,18.0,97.0,0.99245,3.12,0.41,9.7,6,white,7.88,33.636,0.1856,off_dry,medium,0,1.209,0.00361,0
6.2,0.38,0.42,2.5,0.038,34.0,117.0,0.99132,3.36,0.59,11.6,7,white,7.0,16.316,0.2906,off_dry,high,0,2.522,0.00328,1
5.9,0.54,0.0,0.8,0.032,12.0,82.0,0.99286,3.25,0.36,8.8,5,white,6.44,10.926,0.1463,dry,low,0,0.806,0.00364,0
6.2,0.53,0.02,0.9,0.035,6.0,81.0,0.99234,3.24,0.35,9.5,4,white,6.75,11.698,0.0741,dry,medium,0,0.907,0.00368,0
6.6,0.34,0.4,8.1,0.046,68.0,170.0,0.99494,3.15,0.5,9.53333333333333,6,white,7.34,19.412,0.4,medium,medium,0,8.141,0.00483,0
5.0,0.235,0.27,11.75,0.03,34.0,118.0,0.9954,3.07,0.5,9.4,6,white,5.505,21.277,0.2881,medium,medium,0,11.804,0.00319,0
5.5,0.32,0.13,1.3,0.037,45.0,156.0,0.99184,3.26,0.38,10.7,5,white,5.95,17.187,0.2885,off_dry,high,0,1.311,0.00346,0
4.9,0.47,0.17,1.9,0.035,60.0,148.0,0.98964,3.27,0.35,11.5,6,white,5.54,10.426,0.4054,off_dry,high,0,1.92,0.00304,0
6.5,0.33,0.38,8.3,0.048,68.0,174.0,0.99492,3.14,0.5,9.6,5,white,7.21,19.697,0.3908,medium,medium,0,8.342,0.005,0
6.6,0.34,0.4,8.1,0.046,68.0,170.0,0.99494,3.15,0.5,9.55,6,white,7.34,19.412,0.4,medium,medium,0,8.141,0.00482,0
6.2,0.21,0.28,5.7,0.028,45.0,121.0,0.99168,3.21,0.855,12.15,7,white,6.69,29.524,0.3719,medium,very_high,1,5.748,0.0023,1
6.2,0.41,0.22,1.9,0.023,5.0,56.0,0.98928,3.04,0.79,13.0,7,white,6.83,15.122,0.0893,off_dry,very_high,1,1.921,0.00177,1
6.8,0.22,0.36,1.2,0.052,38.0,127.0,0.9933,3.04,0.54,9.2,5,white,7.38,30.909,0.2992,off_dry,medium,0,1.208,0.00565,0
4.9,0.235,0.27,11.75,0.03,34.0,118.0,0.9954,3.07,0.5,9.4,6,white,5.405,20.851,0.2881,medium,medium,0,11.804,0.00319,0
6.1,0.34,0.29,2.2,0.036,25.0,100.0,0.98938,3.06,0.44,11.8,6,white,6.73,17.941,0.25,off_dry,high,0,2.224,0.00305,0
5.7,0.21,0.32,0.9,0.038,38.0,121.0,0.99074,3.24,0.46,10.6,6,white,6.23,27.143,0.314,dry,high,0,0.908,0.00358,0
6.5,0.23,0.38,1.3,0.032,29.0,112.0,0.99298,3.29,0.54,9.7,5,white,7.11,28.261,0.2589,off_dry,medium,0,1.309,0.0033,0
6.2,0.21,0.29,1.6,0.039,24.0,92.0,0.99114,3.27,0.5,11.2,6,white,6.7,29.524,0.2609,off_dry,high,0,1.614,0.00348,0
6.6,0.32,0.36,8.0,0.047,57.0,168.0,0.9949,3.15,0.46,9.6,5,white,7.28,20.625,0.3393,medium,medium,0,8.041,0.0049,0
6.5,0.24,0.19,1.2,0.041,30.0,111.0,0.99254,2.99,0.46,9.4,6,white,6.93,27.083,0.2703,off_dry,medium,0,1.209,0.00436,0
5.5,0.29,0.3,1.1,0.022,20.0,110.0,0.98869,3.34,0.38,12.8,7,white,6.09,18.965,0.1818,off_dry,very_high,1,1.113,0.00172,1
6.0,0.21,0.38,0.8,0.02,22.0,98.0,0.98941,3.26,0.32,11.8,6,white,6.59,28.571,0.2245,dry,high,0,0.809,0.00169,0
