{
  "year": {
    "mean": 2015.4812881276396,
    "std": 4.721591455882923
  },
  "kilometers": {
    "mean": 103231.40168934772,
    "std": 80413.13147642526
  },
  "cc": {
    "mean": 2491.8303026748004,
    "std": 881.9855622089028
  },
  "seating_capacity": {
    "mean": 5.115849366494603,
    "std": 1.1217909002088884
  }
}