no_obs,collection_month,start_decade_num,series_span_years,start_month,sector_encoded,is_original,is_seasonally_adjusted,is_trend,prefix_freq,bldg_Dwellings excluding houses,bldg_Houses,bldg_Total (Type of Building),era_2000s,era_2010s,era_2020s
0.0,0.0,0.0,0.0,0.0,-1.0,1.7320508075688774,-0.7071067811865475,-0.8451542547285166,0.0,-0.7071067811865475,1.4142135623730951,-0.7071067811865475,0.0,0.0,0.0
0.0,0.0,0.0,0.0,0.0,1.0,1.7320508075688774,-0.7071067811865475,-0.8451542547285166,0.0,-0.7071067811865475,1.4142135623730951,-0.7071067811865475,0.0,0.0,0.0
0.0,0.0,0.0,0.0,0.0,1.0,1.7320508075688774,-0.7071067811865475,-0.8451542547285166,0.0,-0.7071067811865475,-0.7071067811865475,1.4142135623730951,0.0,0.0,0.0
0.0,0.0,0.0,0.0,0.0,-1.0,-0.5773502691896258,-0.7071067811865475,1.183215956619923,0.0,-0.7071067811865475,-0.7071067811865475,1.4142135623730951,0.0,0.0,0.0
